member_path,official_sku,sha256,duplicate_group,split
FOR AIIC SUBMISSION/Inventory_Photos/Stationery_Office_Supplies/S002_PermanentMarker/IMG_4092.HEIC,S002,95432fe3a769fac581113dcf4cc13919a6a7ee9cf112afe33b37980b2159dd64,unique-0000,train
FOR AIIC SUBMISSION/Inventory_Photos/Stationery_Office_Supplies/S002_PermanentMarker/IMG_4173.HEIC,S002,04da8ceffe1eb475fa0532cc58bd36ecfff7a5452ffe43fe5289c41992e49fad,unique-0001,test
FOR AIIC SUBMISSION/Inventory_Photos/Stationery_Office_Supplies/S013_ClipBoard/20260811_160313.jpg,S013,a7faa83417385690c1262697a52bf166ec8fc57c702ebd99f7557564f5042c73,unique-0002,test
FOR AIIC SUBMISSION/Inventory_Photos/Stationery_Office_Supplies/S011_WhiteboardMarker/20260811_155303.jpg,S011,4307a339532a62ed4c0c56c3f7af0b19fa4c4cb32f36a7c2a9c1427f5adaea73,unique-0003,train
FOR AIIC SUBMISSION/Inventory_Photos/Stationery_Office_Supplies/S002_PermanentMarker/IMG_4094.HEIC,S002,e1cee84db5508facbb297cfc38ff422dc0e436b04924c4acc42b776da583049a,unique-0004,train
FOR AIIC SUBMISSION/Inventory_Photos/Stationery_Office_Supplies/S015_Eraser/IMG_4248.HEIC,S015,e32524aa1e4bc7243ac0df73b3dd976616e790c95e1387077e2e7e019c0bdf4f,unique-0005,train
FOR AIIC SUBMISSION/Inventory_Photos/Stationery_Office_Supplies/S002_PermanentMarker/IMG_4095.HEIC,S002,600a5491d38d903cde3df3d5e546af4f730440850e7e0ce3ee73b7b5d33cb50f,unique-0006,train
FOR AIIC SUBMISSION/Inventory_Photos/Stationery_Office_Supplies/S002_PermanentMarker/IMG_4102.HEIC,S002,08c7559e02fec0ccb88b51fe3d777b7a001910cea715ab19ce3b8802823711d7,unique-0007,test
FOR AIIC SUBMISSION/Inventory_Photos/Stationery_Office_Supplies/S011_WhiteboardMarker/20260811_155247.jpg,S011,4902076a9b9cbeba81c3f19d542bdd9f34e2b742f1671c6288e72f52a00f7d55,unique-0008,test
FOR AIIC SUBMISSION/Inventory_Photos/Stationery_Office_Supplies/S002_PermanentMarker/IMG_4097.HEIC,S002,e6ece7f1e7e4123bdc953702ea1ae3da21b8c6da8291fd6427b7042abfa58eef,unique-0009,test
FOR AIIC SUBMISSION/Inventory_Photos/Stationery_Office_Supplies/S015_Eraser/IMG_4250.HEIC,S015,8788b6b1051407df36df68a563c29a911fb9cd4b1df6ed429c6474ba34db0706,unique-0010,test
FOR AIIC SUBMISSION/Inventory_Photos/Stationery_Office_Supplies/S015_Eraser/IMG_4252.HEIC,S015,50e98c9b46ba7d182d63d6227f4b89a62b68f27308c38b6692e46508b8818170,unique-0011,train
FOR AIIC SUBMISSION/Inventory_Photos/Stationery_Office_Supplies/S013_ClipBoard/20260811_160337.jpg,S013,cc62feb38046ce9019b40a28d6a5e8df166490320d0394c7b1223b1389a4ccda,unique-0012,train
FOR AIIC SUBMISSION/Inventory_Photos/Stationery_Office_Supplies/S002_PermanentMarker/IMG_4096.HEIC,S002,478bedafbdfc067311ada022d6d3a8fb8157bdf5529a8cc1bca3db6165396715,unique-0013,validation
FOR AIIC SUBMISSION/Inventory_Photos/Stationery_Office_Supplies/S015_Eraser/IMG_4238.HEIC,S015,e853c52798c3533aa017e6d91cf6346c7124d0f7b1fdb82016ad0f310dea0d90,unique-0014,train
FOR AIIC SUBMISSION/Inventory_Photos/Stationery_Office_Supplies/S002_PermanentMarker/IMG_4093.HEIC,S002,822ede0b2c3dbf106bd8fa0730187895930150698b12eecbf69e67315bfc0b9c,unique-0015,validation
FOR AIIC SUBMISSION/Inventory_Photos/Stationery_Office_Supplies/S013_ClipBoard/20260811_160611.jpg,S013,dc4052ae5e61b08a6a5f3f4c4dd3b6a9e8988a22d3d7d3b6c73f562579d0600c,unique-0016,train
FOR AIIC SUBMISSION/Inventory_Photos/Stationery_Office_Supplies/S002_PermanentMarker/IMG_4172.HEIC,S002,9031f30c8b80e9ecbba707e6fab13e306a9ac3e524b05982439c36f88f4b7d29,unique-0017,train
FOR AIIC SUBMISSION/Inventory_Photos/Stationery_Office_Supplies/S015_Eraser/IMG_4255.HEIC,S015,b6729c573f670a9be60a6d1df2707ff866876b69485559e9eee1c6e9668d20e7,unique-0018,train
FOR AIIC SUBMISSION/Inventory_Photos/Stationery_Office_Supplies/S002_PermanentMarker/IMG_4091.HEIC,S002,971b6cda1633a3e5e48f320390adb40f16943ad7cea440404fddbe5640f98ae1,unique-0019,train
FOR AIIC SUBMISSION/Inventory_Photos/Stationery_Office_Supplies/S015_Eraser/IMG_4245.HEIC,S015,2304a9dda92c61448e62bdeef0517c554bff7f20e12a629451c294d70186ecac,unique-0020,test
FOR AIIC SUBMISSION/Inventory_Photos/Stationery_Office_Supplies/S007_BinderClip/20260811_160814.jpg,S007,143cfc55a4de596a231f560d87949a9c35d5adba582758d55c552bb99f594d4a,unique-0021,test
FOR AIIC SUBMISSION/Inventory_Photos/Stationery_Office_Supplies/S015_Eraser/IMG_4256.HEIC,S015,7bbd1a233d875661ff5516417edf5079b7f4b8e14f5dddb5932d3b6f611c3d0b,unique-0022,train
FOR AIIC SUBMISSION/Inventory_Photos/Stationery_Office_Supplies/S011_WhiteboardMarker/20260811_155040.jpg,S011,2dada7b1392cdbf271f719b7d122e71b1449142ce6b8d0faddc1c5094c5ddba7,unique-0023,train
FOR AIIC SUBMISSION/Inventory_Photos/Stationery_Office_Supplies/S011_WhiteboardMarker/20260811_155328.jpg,S011,21c4d4ed84782af5b68803d7f394f60c5d5826333eaf8843e7095e447beb6c04,unique-0024,train
FOR AIIC SUBMISSION/Inventory_Photos/Stationery_Office_Supplies/S011_WhiteboardMarker/20260811_155300.jpg,S011,1ebfe2241e5ee00008e69fe433feba16bd97d6c5903ee81a5c850be3282433e4,unique-0025,train
FOR AIIC SUBMISSION/Inventory_Photos/Stationery_Office_Supplies/S015_Eraser/IMG_4236.HEIC,S015,c59d20121b5a7646d8e85589af66b9835a0c4cd437db96d0217cdacf9400eb63,unique-0026,train
FOR AIIC SUBMISSION/Inventory_Photos/Stationery_Office_Supplies/S012_Sellotape/20260811_155720.jpg,S012,534fcf18b0177b1148217ebe8df15d0bc918bb3c615a714458948cbf6b286503,unique-0027,train
FOR AIIC SUBMISSION/Inventory_Photos/Stationery_Office_Supplies/S013_ClipBoard/20260811_160515.jpg,S013,3745509bee98b7fdefb97e586c2ffbcc018dbca689a6a3eead082915457b3936,unique-0028,train
FOR AIIC SUBMISSION/Inventory_Photos/Stationery_Office_Supplies/S007_BinderClip/20260811_160909.jpg,S007,280b5cad342f6bbaea3073582a63c5091501616c470fe13771d156beb5ad2b25,unique-0029,test
FOR AIIC SUBMISSION/Inventory_Photos/Stationery_Office_Supplies/S015_Eraser/IMG_4244.HEIC,S015,bab1bc12da661ffdd9a2ea1babd7e9eb7d20b83140618ae2633b91e3f129b892,unique-0030,train
FOR AIIC SUBMISSION/Inventory_Photos/Stationery_Office_Supplies/S011_WhiteboardMarker/20260811_155313.jpg,S011,45e74f235667c7660f964797754804a2aede1f5826a2aa06b18abbdfef69d4ee,unique-0031,train
FOR AIIC SUBMISSION/Inventory_Photos/Stationery_Office_Supplies/S011_WhiteboardMarker/20260811_154953.jpg,S011,59525cb36976438d4647b97c82cd6709f0171be2328f9ace5572ebe343c122c3,unique-0032,train
FOR AIIC SUBMISSION/Inventory_Photos/Stationery_Office_Supplies/S015_Eraser/IMG_4257.HEIC,S015,d155b928117fd20a8a897f4f32df7ef2db76201e296030e6ea6f2e7046a00ad3,unique-0033,train
FOR AIIC SUBMISSION/Inventory_Photos/Stationery_Office_Supplies/S002_PermanentMarker/IMG_4166.HEIC,S002,683f38150f96515acd7ff34050c4e55eb6eff4304d41b51f5e6ed8332324a0b2,unique-0034,validation
FOR AIIC SUBMISSION/Inventory_Photos/Stationery_Office_Supplies/S011_WhiteboardMarker/20260811_155023.jpg,S011,4184bffcb8818ff70254dbe27caf9b85c4ba183ddac5c7debd5a8f78073189a1,unique-0035,train
FOR AIIC SUBMISSION/Inventory_Photos/Stationery_Office_Supplies/S011_WhiteboardMarker/20260811_154924.jpg,S011,f52d727d306423520d529e7c7f6fb75a995fad56886984e6c93f51314e3174a4,unique-0036,train
FOR AIIC SUBMISSION/Inventory_Photos/Stationery_Office_Supplies/S013_ClipBoard/20260811_160138.jpg,S013,cc537b39f1f78ca3167039dc20e36e647661f032b78e834193d81cddf89f7425,unique-0037,train
FOR AIIC SUBMISSION/Inventory_Photos/Stationery_Office_Supplies/S002_PermanentMarker/IMG_4101.HEIC,S002,97d48e4eb4af5a7c78d99e039ab35de290a23ddcbe928ae7c63b50de9795a2a3,unique-0038,test
FOR AIIC SUBMISSION/Inventory_Photos/Stationery_Office_Supplies/S013_ClipBoard/20260811_160215.jpg,S013,a60b64b2eb0282b4f356706891e3c778bd3bba44642b4779cb2b4fcc4ee3dbec,unique-0039,validation
FOR AIIC SUBMISSION/Inventory_Photos/Stationery_Office_Supplies/S011_WhiteboardMarker/20260811_154812.jpg,S011,b36f58650ba7f30334ebedbf4009433fdfd8e063648361fcb866e5bdf7b77fde,unique-0040,train
FOR AIIC SUBMISSION/Inventory_Photos/Stationery_Office_Supplies/S013_ClipBoard/20260811_160035.jpg,S013,3faf2bae9f285dd75c4cbf85d0cc72d0ae00a23935c1684d075538855e28befe,unique-0041,train
FOR AIIC SUBMISSION/Inventory_Photos/Stationery_Office_Supplies/S013_ClipBoard/20260811_160603.jpg,S013,a32c0fca8f8e126bb4cb6a32367ed3d07337834c12fe6d3518f90153845c2bda,unique-0042,train
FOR AIIC SUBMISSION/Inventory_Photos/Stationery_Office_Supplies/S011_WhiteboardMarker/20260811_155119.jpg,S011,e6cabfa719c37d10ce7ef0e6ad4e356328246791569b795a528ceaae9d3b560f,unique-0043,train
FOR AIIC SUBMISSION/Inventory_Photos/Stationery_Office_Supplies/S012_Sellotape/20260811_154352.jpg,S012,bbf8a4d8d0079a1badf1c34b78f8d92fb7d8252e4b1121e2a6aee5cb0f908bf8,unique-0044,train
FOR AIIC SUBMISSION/Inventory_Photos/Stationery_Office_Supplies/S011_WhiteboardMarker/20260811_154748.jpg,S011,a637ef4e3cd51cf29313498424a3e08bec72bc171628aedc2bfcffdda0db7c99,unique-0045,train
FOR AIIC SUBMISSION/Inventory_Photos/Stationery_Office_Supplies/S011_WhiteboardMarker/20260811_155230.jpg,S011,af0bf35d6dcb13b0624a1ecaba0af3b5511738ba1f5e01a502701109261a4434,unique-0046,train
FOR AIIC SUBMISSION/Inventory_Photos/Stationery_Office_Supplies/S015_Eraser/IMG_4240.HEIC,S015,c71ba35c37367fc19495cf8d335d0d7d142176ebe5b608612a3c9147004cc96b,unique-0047,train
FOR AIIC SUBMISSION/Inventory_Photos/Stationery_Office_Supplies/S013_ClipBoard/20260811_160409.jpg,S013,b569c16e469da52bbdc1b5d5b089b13b1b48339425b5c50b2f0b88345aa09d15,unique-0048,test
FOR AIIC SUBMISSION/Inventory_Photos/Stationery_Office_Supplies/S015_Eraser/IMG_4249.HEIC,S015,a004c04cce4de222f669c4cc15489223ed07ebb71072c9e6bcb8fd0227c22a4b,unique-0049,train
FOR AIIC SUBMISSION/Inventory_Photos/Stationery_Office_Supplies/S015_Eraser/IMG_4254.HEIC,S015,0770b1da0a694f9230037784dcf76f53b033f76a8bdf83a6db88a7b31efd2102,unique-0050,test
FOR AIIC SUBMISSION/Inventory_Photos/Stationery_Office_Supplies/S015_Eraser/IMG_4253.HEIC,S015,bd0ba2df66df5ec5a130e2ef7954fb3b5d4f5c47c48db82fe80bd0605e63ffa3,unique-0051,train
FOR AIIC SUBMISSION/Inventory_Photos/Stationery_Office_Supplies/S011_WhiteboardMarker/20260811_155217.jpg,S011,953b78f76d29ba6c9c1198d732ceb94ed482fa7a55d6de09062d548036807168,unique-0052,test
FOR AIIC SUBMISSION/Inventory_Photos/Stationery_Office_Supplies/S015_Eraser/IMG_4251.HEIC,S015,5f99b83269c807f44b5a15a3aa11c0971a3b6bab8bd35fd8b7cde6bb79767eb3,unique-0053,train
FOR AIIC SUBMISSION/Inventory_Photos/Stationery_Office_Supplies/S012_Sellotape/20260811_154234.jpg,S012,b991d8b9bb2b2ee9b613b9e6e8f396c40acf07b22b64526e388e7e557c0151e5,unique-0054,train
FOR AIIC SUBMISSION/Inventory_Photos/Stationery_Office_Supplies/S012_Sellotape/20260811_154347.jpg,S012,7bbe07f2e7a63b02a0196a00941876a1eea031492dfa23b37c4fdc1582a11172,unique-0055,train
FOR AIIC SUBMISSION/Inventory_Photos/Stationery_Office_Supplies/S007_BinderClip/20260811_160847.jpg,S007,f59e95771ce358f44d59b7a09c93b02957c7b79eeccb42bd6991f86445795e20,unique-0056,train
FOR AIIC SUBMISSION/Inventory_Photos/Stationery_Office_Supplies/S002_PermanentMarker/IMG_4165.HEIC,S002,067762d60299543f70b8ce6e09b8bb91aedefb94718d0e0276fbd2e4fb390deb,unique-0057,train
FOR AIIC SUBMISSION/Inventory_Photos/Stationery_Office_Supplies/S013_ClipBoard/20260811_160054.jpg,S013,a853eb298e00b17dc5893c9e3f34f3d1bc572a1e019a1cddd6a74e9beb67e5e8,unique-0058,validation
FOR AIIC SUBMISSION/Inventory_Photos/Stationery_Office_Supplies/S002_PermanentMarker/IMG_4174.HEIC,S002,fb948d315083378ced05fd37176f012a9f24f298221d765efb341fa7111effa1,unique-0059,validation
FOR AIIC SUBMISSION/Inventory_Photos/Stationery_Office_Supplies/S012_Sellotape/20260811_155922.jpg,S012,b39aa15dc2f02aafd884f59ae0cb35f4940656047fe68893a70c1521ddb292b9,unique-0060,test
FOR AIIC SUBMISSION/Inventory_Photos/Stationery_Office_Supplies/S012_Sellotape/20260811_155927.jpg,S012,6004359e76ac1ce6ba80ef724401a8071a8d33652f4625f38282e1c9458ed17c,unique-0061,train
FOR AIIC SUBMISSION/Inventory_Photos/Stationery_Office_Supplies/S015_Eraser/IMG_4247.HEIC,S015,eb1c46c986f7043adfcb57faac6c08c8fc4e744b2522abe395bc43fd5b574f32,unique-0062,train
FOR AIIC SUBMISSION/Inventory_Photos/Stationery_Office_Supplies/S007_BinderClip/20260811_161030.jpg,S007,b02d285441073d52506dff7a98be1d4b263ec61d1fc2a8193c8c1aa0530d8052,unique-0063,train
FOR AIIC SUBMISSION/Inventory_Photos/Stationery_Office_Supplies/S010_PaperClip/IMG_4264.HEIC,S010,5df1c6bd7854d4133ceaf3caa77254493ded6b1f2970f205fcb3591dbf71ce21,unique-0064,validation
FOR AIIC SUBMISSION/Inventory_Photos/Stationery_Office_Supplies/S013_ClipBoard/20260811_160455.jpg,S013,b0af03e5a8b7e174296796f1446b1d46a21bc93d3618f743a89fc93fb6fe4148,unique-0065,train
FOR AIIC SUBMISSION/Inventory_Photos/Stationery_Office_Supplies/S007_BinderClip/20260811_160804.jpg,S007,a6af2a438ee3a5f44b6e10338fbba3aaa8a112684d70894264c425b558b7b264,unique-0066,train
FOR AIIC SUBMISSION/Inventory_Photos/Stationery_Office_Supplies/S002_PermanentMarker/IMG_4176.HEIC,S002,039d2bc4ecfee1926effe61885cb36fd289f7b31ab965c0d658125825dcc420e,unique-0067,test
FOR AIIC SUBMISSION/Inventory_Photos/Stationery_Office_Supplies/S012_Sellotape/20260811_154413.jpg,S012,5f0e0dcfd9e71827a56dbb1b9b4ca95d87917b024001f495044b86f230d1556a,unique-0068,train
FOR AIIC SUBMISSION/Inventory_Photos/Stationery_Office_Supplies/S010_PaperClip/IMG_4275.HEIC,S010,eac41ab31fe14e6130e51c07050d8cc152c0e467aa7b84e10657eaf51712f308,unique-0069,train
FOR AIIC SUBMISSION/Inventory_Photos/Stationery_Office_Supplies/S012_Sellotape/20260811_155901.jpg,S012,4c100ad816b6175e115457ed204ae390088740277fd33d0b6b9a709d6ea9b4a4,unique-0070,train
FOR AIIC SUBMISSION/Inventory_Photos/Stationery_Office_Supplies/S015_Eraser/IMG_4237.HEIC,S015,cd09c9a226a44d88616a4fcdd2542581c10b73bb1fd1092acec25bcea4d2b2f6,unique-0071,validation
FOR AIIC SUBMISSION/Inventory_Photos/Stationery_Office_Supplies/S015_Eraser/IMG_4243.HEIC,S015,59118022b8273a1be11a5385c528bc6bc5aa8b54519525685665085af1040dfb,unique-0072,validation
FOR AIIC SUBMISSION/Inventory_Photos/Stationery_Office_Supplies/S010_PaperClip/IMG_4265.HEIC,S010,64e2dd013dccbc99e0a05121faf46bd816503c117386a72030b9b28b31fe3af2,unique-0073,train
FOR AIIC SUBMISSION/Inventory_Photos/Stationery_Office_Supplies/S010_PaperClip/IMG_4270.HEIC,S010,5bcece0d42c590a8523d28780e793aff2ee5bcc82fc406723d4d7f783616b75e,unique-0074,test
FOR AIIC SUBMISSION/Inventory_Photos/Stationery_Office_Supplies/S007_BinderClip/20260811_160756.jpg,S007,a0feb63d72555de83a09c3568660ceb3f36551f014a227cab1d0d9756f5ef5e5,unique-0075,train
FOR AIIC SUBMISSION/Inventory_Photos/Stationery_Office_Supplies/S010_PaperClip/IMG_4272.HEIC,S010,f95e8561336d9ca5c4378dcc467611f8db6cca16c5d9687477d4bea6af6226ef,unique-0076,train
FOR AIIC SUBMISSION/Inventory_Photos/Stationery_Office_Supplies/S010_PaperClip/IMG_4271.HEIC,S010,5762803ff8c8b89a53109acd9e6314172c3c9f3cea98d3b15dd7281994dd2005,unique-0077,train
FOR AIIC SUBMISSION/Inventory_Photos/Stationery_Office_Supplies/S011_WhiteboardMarker/20260811_155058.jpg,S011,04c10b2023c4fc48e49876fb19353ceff09a3eb0891f102edc7a36b929b23c9c,unique-0078,test
FOR AIIC SUBMISSION/Inventory_Photos/Stationery_Office_Supplies/S013_ClipBoard/20260811_160643.jpg,S013,2160e98596aaa508c24c853a7e04ae2aa1b6d639dcb6ce785f3384a21923d81b,unique-0079,train
FOR AIIC SUBMISSION/Inventory_Photos/Stationery_Office_Supplies/S011_WhiteboardMarker/20260811_155159.jpg,S011,ea856e9fee23f8fab2fd4ed9fc9ed40877d70701f3212f694da7fe8d32117240,unique-0080,train
FOR AIIC SUBMISSION/Inventory_Photos/Stationery_Office_Supplies/S007_BinderClip/20260811_161252.jpg,S007,f6a40592975b1dc1da459a9f3b8db79fcffbe68933d36c3a57b17880580a7bc2,unique-0081,train
FOR AIIC SUBMISSION/Inventory_Photos/Stationery_Office_Supplies/S010_PaperClip/IMG_4266.HEIC,S010,d23c80c134bb72c8529d98a62ccb67c8dd97d12a4ec9b3872143ee81be6e5cc1,unique-0082,train
FOR AIIC SUBMISSION/Inventory_Photos/Stationery_Office_Supplies/S002_PermanentMarker/IMG_4169.HEIC,S002,570d22bb3d0fab12bda017d80691a04fbfbf81908155486cd1761ee1a18a171b,unique-0083,validation
FOR AIIC SUBMISSION/Inventory_Photos/Stationery_Office_Supplies/S011_WhiteboardMarker/20260811_155347.jpg,S011,55a29018a06068b15687473b3408d2bedd614b59864e7f7ad1e443fc99c4cfb0,unique-0084,train
FOR AIIC SUBMISSION/Inventory_Photos/Stationery_Office_Supplies/S010_PaperClip/IMG_4263.HEIC,S010,d9637ee6f55f185423fa1cf55ebc6748f3646e14a14fcb759f9efaee228331da,unique-0085,train
FOR AIIC SUBMISSION/Inventory_Photos/Stationery_Office_Supplies/S007_BinderClip/20260811_160743.jpg,S007,a41ba9b89a0d0688155e5633f6e9d1bd92e93f7ed0a334519f70ef9941f5bfd6,unique-0086,train
FOR AIIC SUBMISSION/Inventory_Photos/Stationery_Office_Supplies/S007_BinderClip/20260811_160731.jpg,S007,e370aec514585dc82077f9b00a6093f9c143065030d1247a3bb5e237e0589c39,unique-0087,test
FOR AIIC SUBMISSION/Inventory_Photos/Stationery_Office_Supplies/S014_Pendrive/IMG_4216.HEIC,S014,f2756b27f989ddfa20074ee85e7fed2d64f4284183ae3279c343de1cc69c151b,unique-0088,validation
FOR AIIC SUBMISSION/Inventory_Photos/Stationery_Office_Supplies/S012_Sellotape/20260811_155809.jpg,S012,ed4d8c50c3aaaf58d8442a398153a90c197b7c5047a307c771440e945d2607b8,unique-0089,validation
FOR AIIC SUBMISSION/Inventory_Photos/Stationery_Office_Supplies/S010_PaperClip/IMG_4267.HEIC,S010,2e0d00334691dbf7f0f950dbdd9584691275bff1a0df046cdfb41a9c05889a1f,unique-0090,train
FOR AIIC SUBMISSION/Inventory_Photos/Stationery_Office_Supplies/S013_ClipBoard/20260811_160427.jpg,S013,2351d906aef87913df082bdd52f3b21485111657a7c3598072e0313ba68d8959,unique-0091,validation
FOR AIIC SUBMISSION/Inventory_Photos/Stationery_Office_Supplies/S013_ClipBoard/20260811_160551.jpg,S013,3fcdee32dbdf58177ad4b736d2002b8ab1c1c886c1537f9045f68ec31df7bfee,unique-0092,train
FOR AIIC SUBMISSION/Inventory_Photos/Stationery_Office_Supplies/S012_Sellotape/20260811_155727.jpg,S012,307e53b6941adf8f1b5de44103d1ec386d14b26540d8eb0cc5882274e790c998,unique-0093,train
FOR AIIC SUBMISSION/Inventory_Photos/Stationery_Office_Supplies/S010_PaperClip/IMG_4259.HEIC,S010,7013a3dcde61ca4de41765847e3d2fd8b9fdef35eeb6845aeba55ce18cb64088,unique-0094,train
FOR AIIC SUBMISSION/Inventory_Photos/Stationery_Office_Supplies/S007_BinderClip/20260811_161054.jpg,S007,4742d30282b56738e262a838e88cbd844c51b7daac03d67aed88680c174d8676,unique-0095,train
FOR AIIC SUBMISSION/Inventory_Photos/Stationery_Office_Supplies/S014_Pendrive/IMG_4215.HEIC,S014,ee301b6fcb37ddd18de32c3a3f85611cfc01318b879212c285397553c0606973,unique-0096,train
FOR AIIC SUBMISSION/Inventory_Photos/Stationery_Office_Supplies/S007_BinderClip/20260811_160718.jpg,S007,fd2d1dec4f6e61d4d0abf97b939cf2669994d217b3af69ca422daa37ca329840,unique-0097,test
FOR AIIC SUBMISSION/Inventory_Photos/Stationery_Office_Supplies/S015_Eraser/IMG_4239.HEIC,S015,131a713c257becd89f60b4850ed2b407644ac05197cbdd2d3c237c1bf16f38e2,unique-0098,train
FOR AIIC SUBMISSION/Inventory_Photos/Stationery_Office_Supplies/S013_ClipBoard/20260811_160420.jpg,S013,26c18c46952309655948d2ff985ec75719fd71ad7a74379ce9e7f0ace6465a2c,unique-0099,train
FOR AIIC SUBMISSION/Inventory_Photos/Stationery_Office_Supplies/S007_BinderClip/20260811_161022.jpg,S007,c8eac1ece4b12ef3c6c5fcd6e2e6b6e8ba24da1fa6ce8ccf16ffdb772f226298,unique-0100,test
FOR AIIC SUBMISSION/Inventory_Photos/Stationery_Office_Supplies/S012_Sellotape/20260811_155818.jpg,S012,163404e6d08c6386b4b3dfab3d26f835425531de0944caf1f86d6924f64471ce,unique-0101,train
FOR AIIC SUBMISSION/Inventory_Photos/Stationery_Office_Supplies/S013_ClipBoard/20260811_160540.jpg,S013,235c6cbdd4fafcd422839d58f6d01a08e4ac0c6f6cc589c7f52226bae5e54222,unique-0102,train
FOR AIIC SUBMISSION/Inventory_Photos/Stationery_Office_Supplies/S002_PermanentMarker/IMG_4098.HEIC,S002,5b5b8bf1601e2d5ec498ab01ef8b8c9e27a1db20ae66b26b21bfd6e63bb0a549,unique-0103,train
FOR AIIC SUBMISSION/Inventory_Photos/Stationery_Office_Supplies/S013_ClipBoard/20260811_160027.jpg,S013,81b823b6c3ef0ccbc03401b65637b6cbb7e4b3093ee4526d1a2b3d64ec706453,unique-0104,validation
FOR AIIC SUBMISSION/Inventory_Photos/Stationery_Office_Supplies/S014_Pendrive/IMG_4225.HEIC,S014,b7a5419f60cfbeb7d4f08cd4c3ecab750d8de939c176ce3eac3e2db842c5d959,unique-0105,train
FOR AIIC SUBMISSION/Inventory_Photos/Stationery_Office_Supplies/S002_PermanentMarker/IMG_4167.HEIC,S002,1ce708ce0bd4841c884e447cc7be5770c3204a52d96d91be2b0d6c51b4d0f4ce,unique-0106,test
FOR AIIC SUBMISSION/Inventory_Photos/Stationery_Office_Supplies/S014_Pendrive/IMG_4219.HEIC,S014,d10a30d2ef1eebeb1f6ec3ce38e37c53a39f82a4386e114c69858c2e56b56b79,unique-0107,train
FOR AIIC SUBMISSION/Inventory_Photos/Stationery_Office_Supplies/S012_Sellotape/20260811_154225.jpg,S012,d177ad5b27ab67db654319f101bd7a0eb4918d126d3440ea4954a0d13bdac146,unique-0108,validation
FOR AIIC SUBMISSION/Inventory_Photos/Stationery_Office_Supplies/S010_PaperClip/IMG_4260.HEIC,S010,0c5d5914cfcd36b9dcca693d83ff3f47f16ce55a5bb3802dc79f4068ec1c3c77,unique-0109,train
FOR AIIC SUBMISSION/Inventory_Photos/Stationery_Office_Supplies/S012_Sellotape/20260811_154218.jpg,S012,47973153797b61c21db38822a3dae9f88e888495091625f3ab24580dd4520557,unique-0110,test
FOR AIIC SUBMISSION/Inventory_Photos/Stationery_Office_Supplies/S014_Pendrive/IMG_4227.HEIC,S014,b89bab26732401e362657853b4e4bb058da0a1583d916cacd586266d3d787ef7,unique-0111,train
FOR AIIC SUBMISSION/Inventory_Photos/Stationery_Office_Supplies/S015_Eraser/IMG_4242.HEIC,S015,b27a51c544a814dcfc6f94a6622e83e8004a8f7724a8983cab0db2a813dcd7d2,unique-0112,train
FOR AIIC SUBMISSION/Inventory_Photos/Stationery_Office_Supplies/S014_Pendrive/IMG_4221.HEIC,S014,40209bae991e5e93c91c6d14607a11b46c6c8277072fb2efbb6bdcc49cbbb9f2,unique-0113,train
FOR AIIC SUBMISSION/Inventory_Photos/Stationery_Office_Supplies/S010_PaperClip/IMG_4268.HEIC,S010,072b670a4a0a72ca5bf3decd787996eb3299c6ef91444dd198ca928538a61195,unique-0114,train
FOR AIIC SUBMISSION/Inventory_Photos/Stationery_Office_Supplies/S012_Sellotape/20260811_154425.jpg,S012,e11b963dbbe243bd39dc39e758c5721d1e39fa6264912cd0c06d74ec1f7d7995,unique-0115,train
FOR AIIC SUBMISSION/Inventory_Photos/Stationery_Office_Supplies/S012_Sellotape/20260811_154341.jpg,S012,46afa30ddf6ff97594d23af9e956fd9062b39f00ebfe4af36f342f3e145fb0b7,unique-0116,train
FOR AIIC SUBMISSION/Inventory_Photos/Stationery_Office_Supplies/S010_PaperClip/IMG_4274.HEIC,S010,1df9f7a6a072f74722ef5ea12e1ca24031efa9f25d4fddffeb702447647959df,unique-0117,validation
FOR AIIC SUBMISSION/Inventory_Photos/Stationery_Office_Supplies/S012_Sellotape/20260811_154317.jpg,S012,f9430ed405a72f87fcf81fecf49e36cdf7d20d881083668ec4077b6367bd1c20,unique-0118,train
FOR AIIC SUBMISSION/Inventory_Photos/Stationery_Office_Supplies/S003_Ruler/IMG_4119.HEIC,S003,22b52dfc8df5d0b68e3b7782c1f373bf671d6688b063fc6dd5ef31d24d2cacb0,unique-0119,train
FOR AIIC SUBMISSION/Inventory_Photos/Stationery_Office_Supplies/S003_Ruler/IMG_4125.HEIC,S003,599ed9ba9c1c78b0484606533cc6c543eaaa81c8e5dc7ab3676ab567f64aa551,unique-0120,train
FOR AIIC SUBMISSION/Inventory_Photos/Stationery_Office_Supplies/S014_Pendrive/IMG_4229.HEIC,S014,3c4ae8af46485b1e9b9bd1d2fd382c90f471cd1ed3570ba3981f67e065436900,unique-0121,test
FOR AIIC SUBMISSION/Inventory_Photos/Stationery_Office_Supplies/S014_Pendrive/IMG_4218.HEIC,S014,81c603a52039c78431a62559a568da6ed161ea29c4eecee40cc3bd94640571a8,unique-0122,train
FOR AIIC SUBMISSION/Inventory_Photos/Stationery_Office_Supplies/S011_WhiteboardMarker/20260811_155407.jpg,S011,e8074d77432e98fe461c70cc2e3acc22e7b62921c8c5d39da7127cf6a28e6b90,unique-0123,validation
FOR AIIC SUBMISSION/Inventory_Photos/Stationery_Office_Supplies/S007_BinderClip/20260811_161157.jpg,S007,9ad3529d03b4c3519a1e758915cc1c3e674d703e45bbeba105ed67ff395cb214,unique-0124,validation
FOR AIIC SUBMISSION/Inventory_Photos/Stationery_Office_Supplies/S014_Pendrive/IMG_4231.HEIC,S014,9e372fd1eb72bfa6bdd8c9b497a208864295183d32be2e15154695f7d75edbb9,unique-0125,test
FOR AIIC SUBMISSION/Inventory_Photos/Stationery_Office_Supplies/S007_BinderClip/20260811_160956.jpg,S007,47f519cd7960f23bbca65529792479f14c6539c53fd4a83c4c6fdce2ab69f465,unique-0126,train
FOR AIIC SUBMISSION/Inventory_Photos/Stationery_Office_Supplies/S014_Pendrive/IMG_4233.HEIC,S014,61b59d17c9e76c01d65269997521661a9740d2edbf64a45c0c5a0f19b372fa9f,unique-0127,train
FOR AIIC SUBMISSION/Inventory_Photos/Stationery_Office_Supplies/S010_PaperClip/IMG_4262.HEIC,S010,e5696a336169a7885838a53b4d0ddd0f7c0f0094935404ef0f06cc1e1c7d3afa,unique-0128,train
FOR AIIC SUBMISSION/Inventory_Photos/Stationery_Office_Supplies/S012_Sellotape/20260811_155936.jpg,S012,cd6539cf22b286e0f20875e3afdc135af8ad07f8f54e5e0e855da25ebec6ac0f,unique-0129,train
FOR AIIC SUBMISSION/Inventory_Photos/Stationery_Office_Supplies/S010_PaperClip/IMG_4258.HEIC,S010,fae9b789c1e6b5e1cd809e593bd73d15085e22b45c8e01898beed4b64e7b877e,unique-0130,train
FOR AIIC SUBMISSION/Inventory_Photos/Stationery_Office_Supplies/S013_ClipBoard/20260811_160132.jpg,S013,477161c76608ca6d1efcc81495506af04822f3d9ddc417c2d873aa791f43ff5a,unique-0131,train
FOR AIIC SUBMISSION/Inventory_Photos/Stationery_Office_Supplies/S002_PermanentMarker/IMG_4177.HEIC,S002,a135fc6561d8e9487c131ea332dbbc0d5846133648f749b83d60af20d6ed62f9,unique-0132,train
FOR AIIC SUBMISSION/Inventory_Photos/Stationery_Office_Supplies/S010_PaperClip/IMG_4261.HEIC,S010,d8b831802b109412cab151d3629fc57658d6a0a4b0d87e01c4b975c39659aa78,unique-0133,train
FOR AIIC SUBMISSION/Inventory_Photos/Stationery_Office_Supplies/S002_PermanentMarker/IMG_4170.HEIC,S002,d9e130087af9964d89cc8c9e322c6d0bea05f3e7394b8be58be3245ccab84ba9,unique-0134,train
FOR AIIC SUBMISSION/Inventory_Photos/Stationery_Office_Supplies/S015_Eraser/IMG_4246.HEIC,S015,36002e9d0cccd199cddfbaa294736aab93d478623f18938f9af3c2c77ea068f2,unique-0135,train
FOR AIIC SUBMISSION/Inventory_Photos/Stationery_Office_Supplies/S013_ClipBoard/20260811_160253.jpg,S013,80accdb788e5cba93c5d8db690f1d6a8fe0b7bdac357d5f56508a74d964a4729,unique-0136,train
FOR AIIC SUBMISSION/Inventory_Photos/Stationery_Office_Supplies/S012_Sellotape/20260811_155749.jpg,S012,781b8045c5034dfdd04668bf8a1c0a62334ed4373b4eadfbcbb4c6eda8290602,unique-0137,train
FOR AIIC SUBMISSION/Inventory_Photos/Stationery_Office_Supplies/S014_Pendrive/IMG_4235.HEIC,S014,f967e0c5c7db4dc10abd186618e8964bd6500c35193f3873f01e46487540aa51,unique-0138,train
FOR AIIC SUBMISSION/Inventory_Photos/Stationery_Office_Supplies/S010_PaperClip/IMG_4277.HEIC,S010,08d2441336efa8e9de848bfa31e20bc71496281940af0df8e33e175fac5a9606,unique-0139,validation
FOR AIIC SUBMISSION/Inventory_Photos/Stationery_Office_Supplies/S003_Ruler/IMG_4128.HEIC,S003,8535e4477ca4189f12a5c9e15bbb8583150dab4b850943e3d3e3a5257ef49768,unique-0140,train
FOR AIIC SUBMISSION/Inventory_Photos/Stationery_Office_Supplies/S014_Pendrive/IMG_4234.HEIC,S014,47804e255ed87e543413fa79834e79201ac4e95f3af9ae7eadfbbbe81bb874fd,unique-0141,validation
FOR AIIC SUBMISSION/Inventory_Photos/Stationery_Office_Supplies/S003_Ruler/IMG_4121.HEIC,S003,4ac5b662a12e782fd3e1f5b73e1624bad53c21bc9a080663d1ebfff4300b8c63,unique-0142,train
FOR AIIC SUBMISSION/Inventory_Photos/Stationery_Office_Supplies/S014_Pendrive/IMG_4220.HEIC,S014,a7d96b47a4446daf9cd3fa90ff6a95c56ba4466358728fea6a634cf183c949f1,unique-0143,train
FOR AIIC SUBMISSION/Inventory_Photos/Stationery_Office_Supplies/S003_Ruler/IMG_4124.HEIC,S003,98ac0e725ab89933d340f712ded4e8595a1d93c4aadf596089088c435cc5823f,unique-0144,validation
FOR AIIC SUBMISSION/Inventory_Photos/Stationery_Office_Supplies/S012_Sellotape/20260811_155740.jpg,S012,156c5d69ccccb89837507ffc6093b9f63f112d077c2fafac88a83e3fc1b9bbc5,unique-0145,test
FOR AIIC SUBMISSION/Inventory_Photos/Stationery_Office_Supplies/S011_WhiteboardMarker/20260811_154856.jpg,S011,a720d36c093539540125474e96b49061c216109226ea25953d2c1741670c8ecb,unique-0146,train
FOR AIIC SUBMISSION/Inventory_Photos/Stationery_Office_Supplies/S007_BinderClip/20260811_160937.jpg,S007,e08205683666bc914d5891f8767c421db100dd4d3ce98d869dd4a9b9ef2bd383,unique-0147,train
FOR AIIC SUBMISSION/Inventory_Photos/Stationery_Office_Supplies/S003_Ruler/IMG_4118.HEIC,S003,252d13921c26b54663cb0b3f3a0c9dd48450c0b7eb39911a5a887b3cfaef0099,unique-0148,validation
FOR AIIC SUBMISSION/Inventory_Photos/Stationery_Office_Supplies/S010_PaperClip/IMG_4276.HEIC,S010,e375edc6d4779025ee5caa2ad6f9f232e0b3bda324fc4f20f48ae806dc5e4395,unique-0149,train
FOR AIIC SUBMISSION/Inventory_Photos/Stationery_Office_Supplies/S007_BinderClip/20260811_160912.jpg,S007,82af1ad9eef535c979d01e14faf3499d755f22b01217c1111186e6cbd7dcce76,unique-0150,train
FOR AIIC SUBMISSION/Inventory_Photos/Stationery_Office_Supplies/S003_Ruler/IMG_4089.HEIC,S003,673aadb9ecc87952eb19d7df3fc7d6ce32a09f8aa8bc6c962a791e00586f85ed,unique-0151,validation
FOR AIIC SUBMISSION/Inventory_Photos/Stationery_Office_Supplies/S003_Ruler/IMG_4122.HEIC,S003,fdbaf76c971869834acc2708e849bcbb1c0b1880ed88f989542484b1f2412aeb,unique-0152,train
FOR AIIC SUBMISSION/Inventory_Photos/Stationery_Office_Supplies/S012_Sellotape/20260811_154453.jpg,S012,cab94d5d97e0cceadb542c0713aa0a1235ccc5b5304ddc76c0ea00a2b327f99d,unique-0153,validation
FOR AIIC SUBMISSION/Inventory_Photos/Stationery_Office_Supplies/S003_Ruler/IMG_4088.HEIC,S003,3bc79fd2399639958c0df0082a9290c202423e2cd9fad822133278030b80cea5,unique-0154,train
FOR AIIC SUBMISSION/Inventory_Photos/Stationery_Office_Supplies/S006_Stapler/IMG_20260810_152308.jpg,S006,345048528ef217c33b806fb7211fc1077014cbb69ba1da653e2bff2a33746f97,unique-0155,train
FOR AIIC SUBMISSION/Inventory_Photos/Stationery_Office_Supplies/S006_Stapler/IMG_20260810_151935.jpg,S006,3c2e589609c258e0d2d4ec3222f9827535814015afacbaa95c90f7b17d5a41f0,unique-0156,train
FOR AIIC SUBMISSION/Inventory_Photos/Stationery_Office_Supplies/S014_Pendrive/IMG_4230.HEIC,S014,1638bce28df53969b4bc5cb1e77bb29df373348255e5e64d7105e561e99bf26a,unique-0157,validation
FOR AIIC SUBMISSION/Inventory_Photos/Stationery_Office_Supplies/S007_BinderClip/20260811_161135.jpg,S007,ef47b8942ecb684f19b1147d7fd415612b3afd9e2353e3bd31c635469051dc81,unique-0158,validation
FOR AIIC SUBMISSION/Inventory_Photos/Stationery_Office_Supplies/S003_Ruler/IMG_4083.HEIC,S003,b5b7ff10bf0a85032979b4b66a63e0dafc3afec9a726e0d10a63736e5012edbe,unique-0159,train
FOR AIIC SUBMISSION/Inventory_Photos/Stationery_Office_Supplies/S007_BinderClip/20260811_161321.jpg,S007,38f8f76bc5940b2628a7a4d98d22858b84dca826c5d4f1e56dee8b7d4237bc08,unique-0160,train
FOR AIIC SUBMISSION/Inventory_Photos/Stationery_Office_Supplies/S005_StickyNote/20260811_145004.jpg,S005,b791f87602acdfa5d3120bea84d806c854ede6559f033d503337ec993b551bb5,unique-0161,train
FOR AIIC SUBMISSION/Inventory_Photos/Stationery_Office_Supplies/S005_StickyNote/IMG_20260810_161152.jpg,S005,cb86e8ff17e7ebbf83419e8cb92d5c42e24747b436c69c8740d18b810ef3cd3e,unique-0162,train
FOR AIIC SUBMISSION/Inventory_Photos/Stationery_Office_Supplies/S003_Ruler/IMG_4123.HEIC,S003,cebe303ff1a9b910c141c0c507980e9e77c9ab16eae19414950fc127985c0f7a,unique-0163,train
FOR AIIC SUBMISSION/Inventory_Photos/Stationery_Office_Supplies/S007_BinderClip/20260811_161237.jpg,S007,721b9501ef7841d7f987bd85ea328eca066a770676cdd5727f2f4edd846938d8,unique-0164,validation
FOR AIIC SUBMISSION/Inventory_Photos/Stationery_Office_Supplies/S010_PaperClip/IMG_4269.HEIC,S010,6afc848bfd9894cc29cffa7dfea5e13eca22bf9018fa221e240830d5bcc107d9,unique-0165,train
FOR AIIC SUBMISSION/Inventory_Photos/Stationery_Office_Supplies/S006_Stapler/20260811_151617.jpg,S006,997ef2dab8f51dbd0ebeeeb3d4cc18f643fbba2c19529b630b57586337fd1d9a,unique-0166,train
FOR AIIC SUBMISSION/Inventory_Photos/Stationery_Office_Supplies/S003_Ruler/IMG_4082.HEIC,S003,3c8e1454fbac004f05def57cb0115266c47151bf9ee6fe9a9ee5c4a52c93f6b6,unique-0167,train
FOR AIIC SUBMISSION/Inventory_Photos/Stationery_Office_Supplies/S003_Ruler/IMG_4087.HEIC,S003,45ed4d2cd449e5eb23fa2d989fdc9f09a95a56a605e658376cae71f2d7507c62,unique-0168,test
FOR AIIC SUBMISSION/Inventory_Photos/Stationery_Office_Supplies/S006_Stapler/IMG_20260810_151810.jpg,S006,7901c9588812e0fc5b45d4085b31a5e062981ea39a7c0c30fb7b8ebdaf286f1b,unique-0169,train
FOR AIIC SUBMISSION/Inventory_Photos/Stationery_Office_Supplies/S003_Ruler/IMG_4126.HEIC,S003,a8fa3fa0c633f8770c00490c3cca9b2b8a76cd9afb738bab5b20f167f5212edb,unique-0170,train
FOR AIIC SUBMISSION/Inventory_Photos/Stationery_Office_Supplies/S013_ClipBoard/20260811_160444.jpg,S013,d426eeee81c40edb23cf394688590c8741961a4fece0934802ec42476518be8b,unique-0171,train
FOR AIIC SUBMISSION/Inventory_Photos/Stationery_Office_Supplies/S011_WhiteboardMarker/20260811_154827.jpg,S011,0683580a0dd4efcb128cb79c7b633fc31ffa829c027d20fd70c82528268598a2,unique-0172,train
FOR AIIC SUBMISSION/Inventory_Photos/Stationery_Office_Supplies/S006_Stapler/20260811_151700.jpg,S006,9b8664895b08e9548357800fcd48aaa6ed192a548524269edb900350ba00074b,unique-0173,train
FOR AIIC SUBMISSION/Inventory_Photos/Stationery_Office_Supplies/S007_BinderClip/20260811_161351.jpg,S007,93d26518ef38d2dfc4c70fcfe4d6cd0cb9b23e902d0843021b534bbea42ed8f4,unique-0174,train
FOR AIIC SUBMISSION/Inventory_Photos/Stationery_Office_Supplies/S010_PaperClip/IMG_4273.HEIC,S010,a97be47ba3f3d24fa0d6e7d588b3a6f4b38afc5eda5d50e64d51be4be7bbc09f,unique-0175,train
FOR AIIC SUBMISSION/Inventory_Photos/Stationery_Office_Supplies/S005_StickyNote/IMG_20260810_161400.jpg,S005,9d980a700eb58aa7c7dbc665c87d48a9388d394f45662aeddc77d420f5e60b41,unique-0176,train
FOR AIIC SUBMISSION/Inventory_Photos/Stationery_Office_Supplies/S009_CorrectionTape/20260811_153829.jpg,S009,042d11a7ed91967d963fb3df6fd6781c5b65c690bb6d67be2f1dc4d69595a8a1,unique-0177,train
FOR AIIC SUBMISSION/Inventory_Photos/Stationery_Office_Supplies/S014_Pendrive/IMG_4232.HEIC,S014,c255cf25f6c9e6c3f6e389793f8e73addea4dd6b35003888d661b8d0870e04b0,unique-0178,train
FOR AIIC SUBMISSION/Inventory_Photos/Stationery_Office_Supplies/S006_Stapler/IMG_20260810_151558.jpg,S006,fbbd7a147b4d2a3ba40049fa67b9061314316eaccdeaf7bd286947be6ce3a8ab,unique-0179,test
FOR AIIC SUBMISSION/Inventory_Photos/Stationery_Office_Supplies/S014_Pendrive/IMG_4228.HEIC,S014,24fc0d3ea7621497333b5fdad11a3a4ffc65105b8a3aa236e7142ac342d8d5fb,unique-0180,train
FOR AIIC SUBMISSION/Inventory_Photos/Stationery_Office_Supplies/S006_Stapler/IMG_20260810_152534.jpg,S006,dd278be08319216213c893da7d7da9f058e0c55566c5de9c0e411399af0b415f,unique-0181,validation
FOR AIIC SUBMISSION/Inventory_Photos/Stationery_Office_Supplies/S005_StickyNote/IMG_20260810_160159.jpg,S005,826506be0e3cca2b5d318eb7f8e06627963b62a1835306948bf07c32fc2036d2,unique-0182,train
FOR AIIC SUBMISSION/Inventory_Photos/Stationery_Office_Supplies/S006_Stapler/20260811_151550.jpg,S006,be0d8400be5f69e8ebc651bb2055ffb8c2364e9540ce19dd868d8db4380d719e,unique-0183,test
FOR AIIC SUBMISSION/Inventory_Photos/Stationery_Office_Supplies/S006_Stapler/20260811_151715.jpg,S006,43596b43d6e22e74bd013856ac0b8a1ee922ca453054235d61c93e4c24e76911,unique-0184,validation
FOR AIIC SUBMISSION/Inventory_Photos/Stationery_Office_Supplies/S005_StickyNote/IMG_20260810_160808.jpg,S005,f41f2093fae4c8f0376093892dd89d11bb83d0775397989f0cdca223a20e1d54,unique-0185,validation
FOR AIIC SUBMISSION/Inventory_Photos/Stationery_Office_Supplies/S014_Pendrive/IMG_4224.HEIC,S014,01d0cddf1f19726e6617a65d442ad1777de18e8dffad42206449eac35b41da2d,unique-0186,train
FOR AIIC SUBMISSION/Inventory_Photos/Stationery_Office_Supplies/S003_Ruler/IMG_4080.HEIC,S003,4b7e21c1874e4d225c5fb4744f0da71c661c9be0bf385b830878dd93eb4e6465,unique-0187,validation
FOR AIIC SUBMISSION/Inventory_Photos/Stationery_Office_Supplies/S006_Stapler/IMG_20260810_152338.jpg,S006,200ad194a669856fa04ef209f3d343cbe33affa5ecd6609b590d81eb8a4fd247,unique-0188,test
FOR AIIC SUBMISSION/Inventory_Photos/Stationery_Office_Supplies/S006_Stapler/IMG_20260810_152356.jpg,S006,0f3bb1986d8b5910029bf98ab63d086f5ed18f0aa26d544de72c879b87a40e5d,unique-0189,train
FOR AIIC SUBMISSION/Inventory_Photos/Stationery_Office_Supplies/S005_StickyNote/20260811_145403.jpg,S005,1ed312b0b2b47c4f1f2f8393a682112f74fe939fbb15a0b5fcb31ac3fd46ffd6,unique-0190,test
FOR AIIC SUBMISSION/Inventory_Photos/Stationery_Office_Supplies/S003_Ruler/IMG_4086.HEIC,S003,911052fe27d2195d1b67ac0dc3a31c836451dd84e6134e832615f075dfe07dc2,unique-0191,train
FOR AIIC SUBMISSION/Inventory_Photos/Stationery_Office_Supplies/S006_Stapler/IMG_20260810_151649.jpg,S006,f4e0fdf8223c95006a60616d1d2c4b98112f7e8f4b995f427318d19b4bde607a,unique-0192,train
FOR AIIC SUBMISSION/Inventory_Photos/Stationery_Office_Supplies/S010_PaperClip/IMG_4278.HEIC,S010,5c3cb3be3184edb3acea6875daffe71d193f74d3dd82069cdfbbddf408c2c6d2,unique-0193,validation
FOR AIIC SUBMISSION/Inventory_Photos/Stationery_Office_Supplies/S006_Stapler/IMG_20260810_152047.jpg,S006,0e2eb4e699a193f7a72d863103d871f5797829e80895733b9fe04fd5e3bf0dd9,unique-0194,test
FOR AIIC SUBMISSION/Inventory_Photos/Stationery_Office_Supplies/S009_CorrectionTape/20260811_154007.jpg,S009,c83dfbc0d06ed1d117a4aacba2b25d5b978d96325a321daab02cef2f16cb2984,unique-0195,validation
FOR AIIC SUBMISSION/Inventory_Photos/Stationery_Office_Supplies/S014_Pendrive/IMG_4226.HEIC,S014,9ede15cc113d1b4127e8f7b1aa9ea90c9f8cfcdc11adc29b400cb45bd44a426e,unique-0196,train
FOR AIIC SUBMISSION/Inventory_Photos/Stationery_Office_Supplies/S003_Ruler/IMG_4090.HEIC,S003,e6aa5165a4537baa002ed4f5534cdd3a571fb273a197a734ef603171a36192ef,unique-0197,train
FOR AIIC SUBMISSION/Inventory_Photos/Stationery_Office_Supplies/S005_StickyNote/20260811_145714.jpg,S005,6927d3d6dc9eb4f2e64c77867f0a879a41e425c3fc0b8f63fcdc8d4e63889940,unique-0198,train
FOR AIIC SUBMISSION/Inventory_Photos/Stationery_Office_Supplies/S014_Pendrive/IMG_4223.HEIC,S014,83589448856c8459348b7fa1137e70152cc31cea24db3afefabeb9a68977a6f3,unique-0199,train
FOR AIIC SUBMISSION/Inventory_Photos/Stationery_Office_Supplies/S006_Stapler/20260811_151451.jpg,S006,bc9ef660233eb868bc146dc291c9bdbad6db8cfb75b581a1666bfc9431266bf0,unique-0200,train
FOR AIIC SUBMISSION/Inventory_Photos/Stationery_Office_Supplies/S009_CorrectionTape/20260811_153843.jpg,S009,bcadb85028a82ff1c05cb17b344888b72c810d94f973d95ea0fbe156db224a65,unique-0201,train
FOR AIIC SUBMISSION/Inventory_Photos/Stationery_Office_Supplies/S003_Ruler/IMG_4084.HEIC,S003,f869b50942c5a7e1cf44d8c5735a27c2275e87bbd00cd18f19f43c134a1fbdbc,unique-0202,train
FOR AIIC SUBMISSION/Inventory_Photos/Stationery_Office_Supplies/S005_StickyNote/IMG_20260810_160732.jpg,S005,5f895794ae00a5b6cf6add9c7f16af2215023ff1d3eab1d94610a71e89f866ca,unique-0203,train
FOR AIIC SUBMISSION/Inventory_Photos/Stationery_Office_Supplies/S006_Stapler/IMG_20260810_152116.jpg,S006,76bdd00c1af025e97ee03ffc971aab0b8fd8fe20624de3eb0f7740d27c7b354a,unique-0204,train
FOR AIIC SUBMISSION/Inventory_Photos/Stationery_Office_Supplies/S009_CorrectionTape/20260811_153943.jpg,S009,9b0caf6c07a12b4d17ac212ae45afdce38f5e3c8997053bff6ab905829449749,unique-0205,train
FOR AIIC SUBMISSION/Inventory_Photos/Stationery_Office_Supplies/S006_Stapler/20260811_151729.jpg,S006,d8640b19ec578f43c3e89ae904919494590d47d3a17ad09e3a0ea27a9164fa21,unique-0206,train
FOR AIIC SUBMISSION/Inventory_Photos/Stationery_Office_Supplies/S006_Stapler/20260811_151536.jpg,S006,3d372924ba123c067fc61e028ca30db110f9315ffe7e2a111b6752bbb9565f6d,unique-0207,train
FOR AIIC SUBMISSION/Inventory_Photos/Stationery_Office_Supplies/S005_StickyNote/IMG_20260810_161137.jpg,S005,c19bec99b45b2523aeab55f7c683cda9959475e70a83df9d82fd06bc17631c11,unique-0208,test
FOR AIIC SUBMISSION/Inventory_Photos/Stationery_Office_Supplies/S009_CorrectionTape/20260811_153922.jpg,S009,dd0f04e570f0ec24cd91785123cd13b53042ce56b6721c5f6ed69a78c9821083,unique-0209,train
FOR AIIC SUBMISSION/Inventory_Photos/Stationery_Office_Supplies/S006_Stapler/20260811_151751.jpg,S006,98542ee443073177740a658c0365d54263b7490aed70a37414ee9529e3218718,unique-0210,train
FOR AIIC SUBMISSION/Inventory_Photos/Stationery_Office_Supplies/S004_Paper/IMG_4107.HEIC,S004,6b743d0c5448f41bbe4ed8bdba504e3cdce292bafe0b931540e600816eb66066,unique-0211,train
FOR AIIC SUBMISSION/Inventory_Photos/Stationery_Office_Supplies/S005_StickyNote/20260811_145650.jpg,S005,b62ed24b2792c665c860c3b63f7fc7a5947dad179becd8d0491f5e181ef38668,unique-0212,validation
FOR AIIC SUBMISSION/Inventory_Photos/Stationery_Office_Supplies/S006_Stapler/20260811_151636.jpg,S006,557890af552f9b54788e82513ba11658be70bbb1bdcb39fc673e64cbedc641d4,unique-0213,train
FOR AIIC SUBMISSION/Inventory_Photos/Stationery_Office_Supplies/S003_Ruler/IMG_4120.HEIC,S003,4ad76a828cf08c4eb2db5fa42fb3ea46410087ea6c3d8745a7a19f1e3d3fdf2a,unique-0214,validation
FOR AIIC SUBMISSION/Inventory_Photos/Stationery_Office_Supplies/S009_CorrectionTape/20260811_155630.jpg,S009,c393df2928b1779d3864b871485a2362fc4145979a45408aec46beb93f0ea47f,unique-0215,test
FOR AIIC SUBMISSION/Inventory_Photos/Stationery_Office_Supplies/S004_Paper/20260811_151157.jpg,S004,29ec90f4eb74ba5964e57b01dbb9c3013da1fe3004a01cc6de430777e03b81d4,unique-0216,train
FOR AIIC SUBMISSION/Inventory_Photos/Stationery_Office_Supplies/S014_Pendrive/IMG_4222.HEIC,S014,f59ea8900f6d6eaddca74cdac916abdf046847d8f7b35883dc066b7261453b9c,unique-0217,train
FOR AIIC SUBMISSION/Inventory_Photos/Stationery_Office_Supplies/S004_Paper/IMG_4108.HEIC,S004,a575df651ec37b94c707bdddbb7e733b4c28e380fd55d93f3b2db269b43da5dd,unique-0218,train
FOR AIIC SUBMISSION/Inventory_Photos/Stationery_Office_Supplies/S008_TackIt/IMG_4298.HEIC,S008,96c8281baf3c45b4c971957e645e895aa10211618e2da3f3a86842697c8bae97,unique-0219,train
FOR AIIC SUBMISSION/Inventory_Photos/Stationery_Office_Supplies/S009_CorrectionTape/20260811_154157.jpg,S009,5094579dea186a2a64b62d1403e8464e9937a727ad98ced4fc57b27c582ac537,unique-0220,train
FOR AIIC SUBMISSION/Inventory_Photos/Laboratory_Science_Supplies/L016_volumetric flask/L016_VOLUMETRIC FLASK_L016_23.JPG,L016,c3cae8c4327b4949c3549378cd8888702c90089ae01f2706cf5d8e4e8afea867,unique-0221,validation
FOR AIIC SUBMISSION/Inventory_Photos/Laboratory_Science_Supplies/L016_volumetric flask/L016_VOLUMETRIC FLASK_L016_20.JPG,L016,89edcfce2e12a7eeb83eac51400270c852846a49964c6f981f965be84b210150,unique-0222,train
FOR AIIC SUBMISSION/Inventory_Photos/Stationery_Office_Supplies/S009_CorrectionTape/20260811_154125.jpg,S009,f22ffa73e0a82a0bcb7816b8826941620b584d29717348af1e9587bb5903a1b8,unique-0223,train
FOR AIIC SUBMISSION/Inventory_Photos/Stationery_Office_Supplies/S009_CorrectionTape/20260811_154052.jpg,S009,d9fd9444d1813d64ee9a8165eedbfedfb134800a3dcb2f1dba42a4a66ebe100a,unique-0224,train
FOR AIIC SUBMISSION/Inventory_Photos/Stationery_Office_Supplies/S005_StickyNote/20260811_145442.jpg,S005,d93eebfce4705befc59662ac368eab359202475190dfeaaf0cddbb360217a111,unique-0225,validation
FOR AIIC SUBMISSION/Inventory_Photos/Stationery_Office_Supplies/S008_TackIt/IMG_4291.HEIC,S008,0ff7bb21dc50c4b910c5f9fbb6242ddff186d55373e1c796ee0812e5db759f20,unique-0226,train
FOR AIIC SUBMISSION/Inventory_Photos/Stationery_Office_Supplies/S004_Paper/IMG_4103.HEIC,S004,ae87484c3b5ac08cbe4b2dab423b2930b4472b02c3925b9d350bb882db740e78,unique-0227,validation
FOR AIIC SUBMISSION/Inventory_Photos/Stationery_Office_Supplies/S008_TackIt/IMG_4289.HEIC,S008,0f213cd3d886918d7f182b0d0a41a5b98ba73a37f3ac76023380bde79734f207,unique-0228,train
FOR AIIC SUBMISSION/Inventory_Photos/Laboratory_Science_Supplies/L016_volumetric flask/L016_VOLUMETRIC FLASK_L016_13.JPG,L016,1a662cc7fbc81bc003fca502b3e8bee8a1ce7e36e5c5a0aaf3837935655d68aa,dup-0022,train
FOR AIIC SUBMISSION/Inventory_Photos/Stationery_Office_Supplies/S008_TackIt/IMG_4283.HEIC,S008,362318eb8fdb13cbee76f99fb95252faaf68a89e849e8b76d62aa90cc00c6c8b,unique-0230,validation
FOR AIIC SUBMISSION/Inventory_Photos/Laboratory_Science_Supplies/L016_volumetric flask/L016_VOLUMETRIC FLASK_L016_19.JPG,L016,398e5139d169dd537de6769da93c6b5b4e8c441b1c2820366b26c703d86f66fa,unique-0231,train
FOR AIIC SUBMISSION/Inventory_Photos/Stationery_Office_Supplies/S008_TackIt/IMG_4279.HEIC,S008,76ea62c52a8c3c1a900ed78ec847eba57839764ce7f683f537ff8bf2d18ae9e6,unique-0232,train
FOR AIIC SUBMISSION/Inventory_Photos/Laboratory_Science_Supplies/L016_volumetric flask/L016_VOLUMETRIC FLASK_L016_12.JPG,L016,1a662cc7fbc81bc003fca502b3e8bee8a1ce7e36e5c5a0aaf3837935655d68aa,dup-0022,train
FOR AIIC SUBMISSION/Inventory_Photos/Stationery_Office_Supplies/S009_CorrectionTape/20260811_154032.jpg,S009,b888be7ccd98336f4ca3461652ac2ad691e0702d4378497d4d7476a62bc9baf8,unique-0234,train
FOR AIIC SUBMISSION/Inventory_Photos/Laboratory_Science_Supplies/L016_volumetric flask/L016_VOLUMETRIC FLASK_L016_09.JPG,L016,712b273a5dc7b5b67637a708180b87ab44635c8ac9809eac4bbbb03156f2e4ad,unique-0235,test
FOR AIIC SUBMISSION/Inventory_Photos/Stationery_Office_Supplies/S008_TackIt/IMG_4290.HEIC,S008,3aa520ab37cfd9c1737e66d265f865d3b4ddc0136c10bfd51535bf72538d13b9,unique-0236,train
FOR AIIC SUBMISSION/Inventory_Photos/Stationery_Office_Supplies/S003_Ruler/IMG_4081.HEIC,S003,595dcee557cbeff322f748e8953ef7d48ed521c557511660275b812d6048d39c,unique-0237,train
FOR AIIC SUBMISSION/Inventory_Photos/Stationery_Office_Supplies/S009_CorrectionTape/20260811_155647.jpg,S009,eced6435e7b7982b6a85034d66e7a4d3a0a422779883d26dbd9dee185756f67b,unique-0238,train
FOR AIIC SUBMISSION/Inventory_Photos/Laboratory_Science_Supplies/L016_volumetric flask/L016_VOLUMETRIC FLASK_L016_22.JPG,L016,70422a72f0ceec02f36f032bf71c595db9df45a7594a8004868eeb54b5158611,unique-0239,train
FOR AIIC SUBMISSION/Inventory_Photos/Stationery_Office_Supplies/S004_Paper/20260811_150638.jpg,S004,9640a5f1e339ad6689716516484f37966986ef08a8b8386b1b3298fad81e7d4f,unique-0240,train
FOR AIIC SUBMISSION/Inventory_Photos/Stationery_Office_Supplies/S008_TackIt/IMG_4281.HEIC,S008,74f1d66ec361b704ff8a6f15231c4b8aac9561bee8f3bc4a83e094db2ab9dfe6,unique-0241,train
FOR AIIC SUBMISSION/Inventory_Photos/Laboratory_Science_Supplies/L016_volumetric flask/L016_VOLUMETRIC FLASK_L016_05.JPG,L016,a0a788c7350ed303e261912edde22722628b0fd9bd2f2fb8e2a9cf88e3a63dab,unique-0242,train
FOR AIIC SUBMISSION/Inventory_Photos/Stationery_Office_Supplies/S005_StickyNote/20260811_145309.jpg,S005,de08698f88adef103506a5242508cbd7f312b371d610d630e539631f495f3759,unique-0243,train
FOR AIIC SUBMISSION/Inventory_Photos/Laboratory_Science_Supplies/L016_volumetric flask/L016_VOLUMETRIC FLASK_L016_16.JPG,L016,aa770eda8212bb3949da237bd6bc52319a98580569adb3a425a2c5afc245d743,unique-0244,test
FOR AIIC SUBMISSION/Inventory_Photos/Stationery_Office_Supplies/S009_CorrectionTape/20260811_155657.jpg,S009,7c4d86d7a24d1422b3cc83136e12ecbb6cf2938c44a1618f3024f2e1093ce27c,unique-0245,train
FOR AIIC SUBMISSION/Inventory_Photos/Stationery_Office_Supplies/S006_Stapler/20260811_151803.jpg,S006,07d25a2f6ca211dfe642e31dafd56a178b60cebbf02935b24aa8ef33eadde4f5,unique-0246,train
FOR AIIC SUBMISSION/Inventory_Photos/Laboratory_Science_Supplies/L016_volumetric flask/L016_VOLUMETRIC FLASK_L016_06.JPG,L016,bd373b1691128046a43aa4b6188c08b3485ebdac9fa137a8a64c9a3f592e5ef7,unique-0247,train
FOR AIIC SUBMISSION/Inventory_Photos/Stationery_Office_Supplies/S005_StickyNote/20260811_144839.jpg,S005,354c50ecab95a4141d9951500b26cbc1d1dadddb6c0e55898b05ca22b6ba7c0f,unique-0248,validation
FOR AIIC SUBMISSION/Inventory_Photos/Stationery_Office_Supplies/S008_TackIt/IMG_4294.HEIC,S008,15fa026156cbc117c50dde00aa126326d2282592dc9bd94e45bef8b41110a552,unique-0249,validation
FOR AIIC SUBMISSION/Inventory_Photos/Stationery_Office_Supplies/S004_Paper/IMG_4106.HEIC,S004,94be548a87923f21e013a9ccefd782a551b3443caadd88082962a91e9fdabcfb,unique-0250,train
FOR AIIC SUBMISSION/Inventory_Photos/Stationery_Office_Supplies/S004_Paper/IMG_4109.HEIC,S004,b34cc84fcdcd41488656cb71a759d95cebf04fdca0f76c3fa81ba93a772e5fe3,unique-0251,train
FOR AIIC SUBMISSION/Inventory_Photos/Stationery_Office_Supplies/S004_Paper/20260811_150913.jpg,S004,1c5f4139f8d6e6c8d70ca2e911c8abda1a8124ee187ca598743c4f3df9e89daa,unique-0252,train
FOR AIIC SUBMISSION/Inventory_Photos/Stationery_Office_Supplies/S009_CorrectionTape/20260811_155509.jpg,S009,a5f183acffff1f2432e7051771ef3ed9a542d9b690b15da405fbdb63cf2c97fd,unique-0253,train
FOR AIIC SUBMISSION/Inventory_Photos/Stationery_Office_Supplies/S004_Paper/IMG_4114.HEIC,S004,db2bda20198ed3e16f53718396662e1fc2f3e708bdd1c1ff06406df0b6d37f57,unique-0254,validation
FOR AIIC SUBMISSION/Inventory_Photos/Laboratory_Science_Supplies/L020_Potassium Iodide/L020_POTASSIUM IODIDE_L020_16.JPG,L020,0aae8a5ec9254eb7adccba887c432b55519c6765845bc53f4c60421222b363d2,unique-0255,train
FOR AIIC SUBMISSION/Inventory_Photos/Stationery_Office_Supplies/S004_Paper/20260811_151109.jpg,S004,ad331e230cf792fcefabd9154951f02526c46a7d9398208edb3ff17cd1437634,unique-0256,train
FOR AIIC SUBMISSION/Inventory_Photos/Laboratory_Science_Supplies/L020_Potassium Iodide/L020_POTASSIUM IODIDE_L020_11.JPG,L020,552bea1ace98820c351506f91b1cfc670d0fb329fe5d840a58753dad0dd30b49,unique-0257,train
FOR AIIC SUBMISSION/Inventory_Photos/Stationery_Office_Supplies/S004_Paper/IMG_4111.HEIC,S004,d54834d412560fd2dccccc5977c47c2df77d0970b214350f6cba7a518c12b352,unique-0258,train
FOR AIIC SUBMISSION/Inventory_Photos/Stationery_Office_Supplies/S008_TackIt/IMG_4280.HEIC,S008,0a4a33e7fdecf7beadb24318c7c298f38d583a421bc4a772dd58578bbb0e198b,unique-0259,train
FOR AIIC SUBMISSION/Inventory_Photos/Stationery_Office_Supplies/S004_Paper/20260811_150950.jpg,S004,dad81bd8a47c8fcd9882b6dfc4cbcc4037608af44b1dede78b358dc6f763c6b0,unique-0260,train
FOR AIIC SUBMISSION/Inventory_Photos/Stationery_Office_Supplies/S008_TackIt/IMG_4295.HEIC,S008,7028ee087744f1f5bf7d31e2d459057d53d00484a10e6283274df4088056cfd9,unique-0261,train
FOR AIIC SUBMISSION/Inventory_Photos/Laboratory_Science_Supplies/L016_volumetric flask/L016_VOLUMETRIC FLASK_L016_11.JPG,L016,1fcfd6225c610994631003ce47c55b458ad0be242daac7cb10454321647c5111,unique-0262,train
FOR AIIC SUBMISSION/Inventory_Photos/Stationery_Office_Supplies/S008_TackIt/IMG_4284.HEIC,S008,13d820ec1e179b5caa96a3d10e681e9b24b56dfe8394c7e6406e031d5901d563,unique-0263,test
FOR AIIC SUBMISSION/Inventory_Photos/Laboratory_Science_Supplies/L020_Potassium Iodide/L020_POTASSIUM IODIDE_L020_15.JPG,L020,10de942e86fb1e64415d9db387f4e19d1d8d99f1422b0d0413b4cff9b220ea22,unique-0264,train
FOR AIIC SUBMISSION/Inventory_Photos/Laboratory_Science_Supplies/L020_Potassium Iodide/L020_POTASSIUM IODIDE_L020_12.JPG,L020,e2a59e705d05440840c6a9b271758cfa97958c2268d7b803a387f468494680ad,unique-0265,train
FOR AIIC SUBMISSION/Inventory_Photos/Laboratory_Science_Supplies/L020_Potassium Iodide/L020_POTASSIUM IODIDE_L020_13.JPG,L020,ad116310565b35bf3672a9936d304913571f512573de3bae67741c2554df17a2,unique-0266,train
FOR AIIC SUBMISSION/Inventory_Photos/Laboratory_Science_Supplies/L020_Potassium Iodide/L020_POTASSIUM IODIDE_L020_04.JPG,L020,dfa387d39f9bd692d21ad6de771e64b91aa3d87884295e6be83a4be57381d098,unique-0267,train
FOR AIIC SUBMISSION/Inventory_Photos/Stationery_Office_Supplies/S008_TackIt/IMG_4282.HEIC,S008,55174671b1c8cd62fbf432df1108ec254467d46ed01f436f1bbdf0c2c76f1a42,unique-0268,train
FOR AIIC SUBMISSION/Inventory_Photos/Stationery_Office_Supplies/S009_CorrectionTape/20260811_155448.jpg,S009,c00fd63addb5bb5472b68d11e5039a092b63376216250076fc767af3332755e1,unique-0269,train
FOR AIIC SUBMISSION/Inventory_Photos/Laboratory_Science_Supplies/L020_Potassium Iodide/L020_POTASSIUM IODIDE_L020_21.JPG,L020,442ecf3ed8785c506f26116b76edbe55dbd28791a7729fcccd85b282b121fcdd,unique-0270,train
FOR AIIC SUBMISSION/Inventory_Photos/Laboratory_Science_Supplies/L016_volumetric flask/L016_VOLUMETRIC FLASK_L016_18.JPG,L016,ea0ea3831123f7db8a42125932f045883ced56ede11aecc426883f513a889fd4,unique-0271,train
FOR AIIC SUBMISSION/Inventory_Photos/Stationery_Office_Supplies/S004_Paper/IMG_4112.HEIC,S004,8832f6d6ee539f56129b926625ba6a50fd03fca3a90dd4e6f410f252f26bb57e,unique-0272,test
FOR AIIC SUBMISSION/Inventory_Photos/Stationery_Office_Supplies/S004_Paper/IMG_4104.HEIC,S004,45e871767f11838f7be4b1a919460d10d6215be746bf8f705fff8f883ce5ac82,unique-0273,test
FOR AIIC SUBMISSION/Inventory_Photos/Stationery_Office_Supplies/S008_TackIt/IMG_4287.HEIC,S008,ed811fba671c1d45133024640fe72b18a51cfe38276ef423436fd24ab382f843,unique-0274,train
FOR AIIC SUBMISSION/Inventory_Photos/Laboratory_Science_Supplies/L016_volumetric flask/L016_VOLUMETRIC FLASK_L016_04.JPG,L016,dade31e11f09a18a2d6bbc1c1ddc1cc57d14f856722172cae2249c81ab245239,unique-0275,train
FOR AIIC SUBMISSION/Inventory_Photos/Stationery_Office_Supplies/S005_StickyNote/20260811_145557.jpg,S005,5ee5afa776b1824a58b52eb98c4b1bfa048dc36212da4f8675e35963aab110fb,unique-0276,validation
FOR AIIC SUBMISSION/Inventory_Photos/Laboratory_Science_Supplies/L020_Potassium Iodide/L020_POTASSIUM IODIDE_L020_03.JPG,L020,e458fd04edb185a78eabf0b1cfbfb5ef758efdcb205433561478e3772c3d0a51,unique-0277,train
FOR AIIC SUBMISSION/Inventory_Photos/Laboratory_Science_Supplies/L016_volumetric flask/L016_VOLUMETRIC FLASK_L016_10.JPG,L016,c14ae6b3adeca159658343ce597180ad9ead3ff5ea8fdf915af41c5b8751e221,unique-0278,validation
FOR AIIC SUBMISSION/Inventory_Photos/Laboratory_Science_Supplies/L025_Lithium Chloride/L025_LITHIUM CHLORIDE_L025_20.JPG,L025,3c9f3f9e691f8c1d2b5700a0002d957db007073caa416b8b94a7a4871a67abd8,unique-0279,train
FOR AIIC SUBMISSION/Inventory_Photos/Laboratory_Science_Supplies/L020_Potassium Iodide/L020_POTASSIUM IODIDE_L020_02.JPG,L020,a8b6dbc5fa72f357be89150ee14bfc438779dc20cd7bcbe3f6ccd030a43a2bd3,unique-0280,train
FOR AIIC SUBMISSION/Inventory_Photos/Stationery_Office_Supplies/S009_CorrectionTape/20260811_155637.jpg,S009,f92c3fb2c2a64f2eca63fe13604dec729fec877b701f7e4a595e9af5d576c297,unique-0281,train
FOR AIIC SUBMISSION/Inventory_Photos/Stationery_Office_Supplies/S008_TackIt/IMG_4288.HEIC,S008,13ae61d84859870baff3a851d5000a364610a856ce54190c173ae81fef177792,unique-0282,train
FOR AIIC SUBMISSION/Inventory_Photos/Stationery_Office_Supplies/S004_Paper/IMG_4110.HEIC,S004,8aa8a6c74dbfda6c72538bf53801ad7527cc9423692fde81aade9f865ad473d5,unique-0283,test
FOR AIIC SUBMISSION/Inventory_Photos/Stationery_Office_Supplies/S005_StickyNote/20260811_145700.jpg,S005,6e38275b2b28cd02c589f79f357186b7123cd639248c4ab19d1f3b648ee0df59,unique-0284,train
FOR AIIC SUBMISSION/Inventory_Photos/Stationery_Office_Supplies/S009_CorrectionTape/20260811_153905.jpg,S009,d4faa15fe295809cff2e4f36c65486e80163201cf83ccbe3ca69cd0a6c512e99,unique-0285,test
FOR AIIC SUBMISSION/Inventory_Photos/Stationery_Office_Supplies/S004_Paper/20260811_150805.jpg,S004,ac66ccf70ecfb559e06c89e860760d87b736feb2dcb43ca41080942388c0cc2d,unique-0286,train
FOR AIIC SUBMISSION/Inventory_Photos/Laboratory_Science_Supplies/L025_Lithium Chloride/L025_LITHIUM CHLORIDE_L025_17.JPG,L025,c49a51bb9fc27408c1afd291a33e5c3b651a70b3a3bdcbd53f822b711a9c8b44,unique-0287,test
FOR AIIC SUBMISSION/Inventory_Photos/Stationery_Office_Supplies/S008_TackIt/IMG_4300.HEIC,S008,368ff776933e61610f0b4ff80c30fbc6a57f4ccafeb93c5a4bb0ea9c3bab34ed,unique-0288,train
FOR AIIC SUBMISSION/Inventory_Photos/Stationery_Office_Supplies/S004_Paper/20260811_150843.jpg,S004,1228f32f251343e95bfb59c0f362b9f13b0a8aa501788ce63c538249250b42bb,unique-0289,train
FOR AIIC SUBMISSION/Inventory_Photos/Laboratory_Science_Supplies/L025_Lithium Chloride/L025_LITHIUM CHLORIDE_L025_06.JPG,L025,709aeeca751d8f24061309d8305832c09c1058d6834a2471aeca0a52972fd2d3,unique-0290,test
FOR AIIC SUBMISSION/Inventory_Photos/Stationery_Office_Supplies/S005_StickyNote/IMG_20260810_161755.jpg,S005,4719a6ffd460d251d4dc6430e40b62fc8c7d5d46942b6beaab0eb07c6443b7b7,unique-0291,test
FOR AIIC SUBMISSION/Inventory_Photos/Laboratory_Science_Supplies/L020_Potassium Iodide/L020_POTASSIUM IODIDE_L020_14.JPG,L020,2ae5f166fa00b02d6fc5364c0ce1f0a39addda295211d8edb8c71dd147ffa366,unique-0292,train
FOR AIIC SUBMISSION/Inventory_Photos/Laboratory_Science_Supplies/L025_Lithium Chloride/L025_LITHIUM CHLORIDE_L025_09.JPG,L025,8a77194d6d44a476a692d8bf37572e347e48bc59cadecdda49ae887ed61c7b8b,unique-0293,test
FOR AIIC SUBMISSION/Inventory_Photos/Laboratory_Science_Supplies/L018_glass rod/L018_GLASS ROD_L018_22.JPG,L018,a99b0fbffdd83a305b752393c7b9035b9bbcb2b321d9fbeb63b1046d617561d7,unique-0294,train
FOR AIIC SUBMISSION/Inventory_Photos/Laboratory_Science_Supplies/L025_Lithium Chloride/L025_LITHIUM CHLORIDE_L025_04.JPG,L025,7984ef8fe2bfb83e46f9192f9f03b426ea34097a2d69f66055ab463582138cb5,unique-0295,validation
FOR AIIC SUBMISSION/Inventory_Photos/Stationery_Office_Supplies/S005_StickyNote/IMG_20260810_160655.jpg,S005,20578c871203aaff6e55b8e360157d8d006069faf86afe9e3fd78d59802e8dcd,unique-0296,train
FOR AIIC SUBMISSION/Inventory_Photos/Laboratory_Science_Supplies/L025_Lithium Chloride/L025_LITHIUM CHLORIDE_L025_10.JPG,L025,fec0cc4f4cc6b4b66c8ed3c91bf9764e88446457de37384ca016e96cddf1a816,unique-0297,train
FOR AIIC SUBMISSION/Inventory_Photos/Stationery_Office_Supplies/S009_CorrectionTape/20260811_155558.jpg,S009,faca3bd27f3fc9911577f6d3048de574d58f67db9f39268fa223e9e73f0e96b8,unique-0298,train
FOR AIIC SUBMISSION/Inventory_Photos/Laboratory_Science_Supplies/L020_Potassium Iodide/L020_POTASSIUM IODIDE_L020_09.JPG,L020,88b0b539ede15eeec6fe400bc058b12fb4d6e22221622873bf5ad66a74bc37a9,unique-0299,test
FOR AIIC SUBMISSION/Inventory_Photos/Laboratory_Science_Supplies/L025_Lithium Chloride/L025_LITHIUM CHLORIDE_L025_05.JPG,L025,4bee8c18492e7f64b345282b948787c296e9af5f84e9af8c9a0f0ccdf2aed5b4,unique-0300,train
FOR AIIC SUBMISSION/Inventory_Photos/Laboratory_Science_Supplies/L016_volumetric flask/L016_VOLUMETRIC FLASK_L016_08.JPG,L016,4fdab2e5649bb02041f32598c98e81992c1e5ae1a18fbe826855ce8f97e41b46,unique-0301,train
FOR AIIC SUBMISSION/Inventory_Photos/Laboratory_Science_Supplies/L025_Lithium Chloride/L025_LITHIUM CHLORIDE_L025_16.JPG,L025,f9343139ce897c473d43ca1885c24235b30dfcdcb7ca13435aa635d88f7e66a9,unique-0302,test
FOR AIIC SUBMISSION/Inventory_Photos/Stationery_Office_Supplies/S009_CorrectionTape/20260811_155612.jpg,S009,34f3b641f3f9606660e0cdc166d2498878d44c2c8b2a53876f4a393c3806f441,unique-0303,train
FOR AIIC SUBMISSION/Inventory_Photos/Laboratory_Science_Supplies/L020_Potassium Iodide/L020_POTASSIUM IODIDE_L020_08.JPG,L020,36207b9086c1b3d25f1997c43ea7d914e8c9e302ee770c3b6ddad38af51477a8,unique-0304,train
FOR AIIC SUBMISSION/Inventory_Photos/Stationery_Office_Supplies/S008_TackIt/IMG_4285.HEIC,S008,28ace4715711ae3397c878c22ad60e754469d7cf2358afb242773516b9ecc578,unique-0305,validation
FOR AIIC SUBMISSION/Inventory_Photos/Stationery_Office_Supplies/S008_TackIt/IMG_4297.HEIC,S008,4bffcc56f8771b0f612148e3951503bf84c5f4c5f6c9e637c54d5700147827a2,unique-0306,train
FOR AIIC SUBMISSION/Inventory_Photos/Laboratory_Science_Supplies/L025_Lithium Chloride/L025_LITHIUM CHLORIDE_L025_18.JPG,L025,a2efd9faa64c0d9e7f35f5b0e4378f24b2f19b2612f1e4e9444fe760a33c5f2c,unique-0307,validation
FOR AIIC SUBMISSION/Inventory_Photos/Stationery_Office_Supplies/S004_Paper/20260811_150531.jpg,S004,0e7eb846a8f670a2068f770ffc1a5677072e614405fa2d69d99a8b1cf2fa06b3,unique-0308,train
FOR AIIC SUBMISSION/Inventory_Photos/Laboratory_Science_Supplies/L025_Lithium Chloride/L025_LITHIUM CHLORIDE_L025_19.JPG,L025,4fbc3b52879a7964d57600057142a6538c7745181f90d4bc97607511938ca278,unique-0309,train
FOR AIIC SUBMISSION/Inventory_Photos/Laboratory_Science_Supplies/L016_volumetric flask/L016_VOLUMETRIC FLASK_L016_15.JPG,L016,8e196358b62872e24f39f0ecfbb8fd3a22c066a04a317281e50de4d85970d36b,unique-0310,train
FOR AIIC SUBMISSION/Inventory_Photos/Laboratory_Science_Supplies/L025_Lithium Chloride/L025_LITHIUM CHLORIDE_L025_03.JPG,L025,8db8d946f07f95d2d4e649a6fe07e4ce96ee97b80270f8a3fa48a7fdade18be2,unique-0311,train
FOR AIIC SUBMISSION/Inventory_Photos/Laboratory_Science_Supplies/L025_Lithium Chloride/L025_LITHIUM CHLORIDE_L025_02.JPG,L025,43da7f95e44134a3f08ea7bd7798a95b6b69aaa152d1a9484632408fe6484e8a,unique-0312,train
FOR AIIC SUBMISSION/Inventory_Photos/Stationery_Office_Supplies/S008_TackIt/IMG_4292.HEIC,S008,3dfaecd25b70917cfbfcf7241b09fe43cdd484cbeebf236e1334b93231623ab5,unique-0313,validation
FOR AIIC SUBMISSION/Inventory_Photos/Stationery_Office_Supplies/S004_Paper/IMG_4105.HEIC,S004,9d5a2e5649ef3bb7e8e3250f0b2fd46532e5004408cc599649165a710b0925cd,unique-0314,train
FOR AIIC SUBMISSION/Inventory_Photos/Stationery_Office_Supplies/S005_StickyNote/IMG_20260810_162521.jpg,S005,3fed5b5b13a8761e5af294a31d94ff565c24bd1e1a488b0da018145044b257b2,unique-0315,train
FOR AIIC SUBMISSION/Inventory_Photos/Laboratory_Science_Supplies/L020_Potassium Iodide/L020_POTASSIUM IODIDE_L020_17.JPG,L020,6a346c63ca21b2ed2847d9c871b26d0e7b7fe2ed86205961ab7568c39c1b4fea,unique-0316,train
FOR AIIC SUBMISSION/Inventory_Photos/Stationery_Office_Supplies/S004_Paper/IMG_4113.HEIC,S004,bd0708f8cb7e5fa7953027d095d073b89cc6fa70f63050cd505ad996be535ee2,unique-0317,test
FOR AIIC SUBMISSION/Inventory_Photos/Laboratory_Science_Supplies/L018_glass rod/L018_GLASS ROD_L018_10.JPG,L018,094f9bf58d7770bb8aa15aa28f7252f3a5700df117756a797348f0084c8a7bd5,unique-0318,test
FOR AIIC SUBMISSION/Inventory_Photos/Laboratory_Science_Supplies/L025_Lithium Chloride/L025_LITHIUM CHLORIDE_L025_15.JPG,L025,0c7ef3c020e7130e22019a49e6f34c2dbe2155e8325282537b3c5c7f169ab977,unique-0319,train
FOR AIIC SUBMISSION/Inventory_Photos/Laboratory_Science_Supplies/L025_Lithium Chloride/L025_LITHIUM CHLORIDE_L025_14.JPG,L025,216bc5d87564d9e176e91ed9a59e6935d98a31efbe1ecb91e9f3a3d966cf98aa,unique-0320,train
FOR AIIC SUBMISSION/Inventory_Photos/Laboratory_Science_Supplies/L020_Potassium Iodide/L020_POTASSIUM IODIDE_L020_22.JPG,L020,073ed76a7e0993a9d3c64dba8169ad0749d4fb834c48e4471a07a3bc94b65b1b,unique-0321,validation
FOR AIIC SUBMISSION/Inventory_Photos/Laboratory_Science_Supplies/L020_Potassium Iodide/L020_POTASSIUM IODIDE_L020_23.JPG,L020,5be09bab1181a194b56a3f8d1dca68dfc7270ec81b0e6b3a94b89cc2cd811976,unique-0322,train
FOR AIIC SUBMISSION/Inventory_Photos/Laboratory_Science_Supplies/L020_Potassium Iodide/L020_POTASSIUM IODIDE_L020_20.JPG,L020,04e65fd97ae4427d29e3b0c03b406f4a7dceb096727badd1f14567d2127f2007,unique-0323,train
FOR AIIC SUBMISSION/Inventory_Photos/Laboratory_Science_Supplies/L020_Potassium Iodide/L020_POTASSIUM IODIDE_L020_07.JPG,L020,dfa9d178069fb109292f4c6af02061a8e193ab30051367e3d1973e4c5bbf7e95,unique-0324,train
FOR AIIC SUBMISSION/Inventory_Photos/Laboratory_Science_Supplies/L020_Potassium Iodide/L020_POTASSIUM IODIDE_L020_10.JPG,L020,83071c818dc1895a74abca50fbe2c7c68c84d1a8d498415ffa63d1b2fe451bc0,unique-0325,validation
FOR AIIC SUBMISSION/Inventory_Photos/Stationery_Office_Supplies/S005_StickyNote/20260811_144920.jpg,S005,8cd1447ef11a163ee23d018c0b0857d796fc7e87f804c2b22d4d330cdb40d6f5,unique-0326,validation
FOR AIIC SUBMISSION/Inventory_Photos/Laboratory_Science_Supplies/L025_Lithium Chloride/L025_LITHIUM CHLORIDE_L025_11.JPG,L025,300426a17155a2d27f0d5a682a0db5662b072386d55c7d459938db6a3daeb70d,unique-0327,train
FOR AIIC SUBMISSION/Inventory_Photos/Stationery_Office_Supplies/S005_StickyNote/IMG_20260810_161244.jpg,S005,292becd6b74e2f91de25e02ebb98c45cefdd5cde869c42c348f9fa243fc8b8f8,unique-0328,train
FOR AIIC SUBMISSION/Inventory_Photos/Laboratory_Science_Supplies/L025_Lithium Chloride/L025_LITHIUM CHLORIDE_L025_12.JPG,L025,e5dff0897d2c325950fb223637890d596636aef35856a3c2a9744f39b5db3477,unique-0329,test
FOR AIIC SUBMISSION/Inventory_Photos/Stationery_Office_Supplies/S004_Paper/20260811_151147.jpg,S004,783af1e4887022084db1cfabaf1d8f2b874975cdb93446062b389a8e7a330229,unique-0330,validation
FOR AIIC SUBMISSION/Inventory_Photos/Laboratory_Science_Supplies/L016_volumetric flask/L016_VOLUMETRIC FLASK_L016_21.JPG,L016,81b381af96a34d94301cfdb70b7fc7300d5b82645bc6f9babf53af9b8c19214d,unique-0331,test
FOR AIIC SUBMISSION/Inventory_Photos/Stationery_Office_Supplies/S009_CorrectionTape/20260811_155427.jpg,S009,608e247712dd3a379b3c82576504a30b30be9123d7ef0de5b0888e214b339a5e,unique-0332,test
FOR AIIC SUBMISSION/Inventory_Photos/Laboratory_Science_Supplies/L025_Lithium Chloride/L025_LITHIUM CHLORIDE_L025_01.JPG,L025,99ac543a61a613bb0c2ee018c81023da4a46800d691c29dd6d357d1b95ff38b0,unique-0333,train
FOR AIIC SUBMISSION/Inventory_Photos/Laboratory_Science_Supplies/L016_volumetric flask/L016_VOLUMETRIC FLASK_L016_07.JPG,L016,0c497b34dc30ad3765eef321cf49fa6ba0426b4185f4925e0bf7b642fcbcd218,unique-0334,train
FOR AIIC SUBMISSION/Inventory_Photos/Laboratory_Science_Supplies/L018_glass rod/L018_GLASS ROD_L018_21.JPG,L018,dbb272271ddbb36eff8f7b50cbb21783af97168146f362e788d4ce0b0cbdf376,unique-0335,validation
FOR AIIC SUBMISSION/Inventory_Photos/Laboratory_Science_Supplies/L021_Methylated Spirit Solution 95_/L021_METHYLATED SPIRIT SOLUTION_L021_07.JPG,L021,0b9d7e3ff80c38b20097ce47babac28b7bc8c657a5530bbe4feccc4c0482f184,unique-0336,train
FOR AIIC SUBMISSION/Inventory_Photos/Laboratory_Science_Supplies/L018_glass rod/L018_GLASS ROD_L018_21(1).JPG,L018,351c590b564306e7017c666e03748e8b4dcfa23730bdcfd1d75e0246de4fb18d,unique-0337,train
FOR AIIC SUBMISSION/Inventory_Photos/Stationery_Office_Supplies/S008_TackIt/IMG_4286.HEIC,S008,e0a3a469b544299e609038e1189f0b7e27837608bdf69f70f80b3f19ef837efa,unique-0338,train
FOR AIIC SUBMISSION/Inventory_Photos/Laboratory_Science_Supplies/L018_glass rod/L018_GLASS ROD_L018_20.JPG,L018,19f3e80d2b4cf8b55ee9ae9ba7a8799dd5758028be3b8e0bd2eb55b04bec4ae1,unique-0339,test
FOR AIIC SUBMISSION/Inventory_Photos/Laboratory_Science_Supplies/L018_glass rod/L018_GLASS ROD_L018_02.JPG,L018,707a98997de13dbd105ebf701f99555054cfeec0b6edb4d64119d8acce09117e,unique-0340,train
FOR AIIC SUBMISSION/Inventory_Photos/Laboratory_Science_Supplies/L025_Lithium Chloride/L025_LITHIUM CHLORIDE_L025_13.JPG,L025,4da9a98bc1d85ea9ddfb282820eb61fb51b2495276c52e3bd969154aa2d60338,unique-0341,train
FOR AIIC SUBMISSION/Inventory_Photos/Laboratory_Science_Supplies/L020_Potassium Iodide/L020_POTASSIUM IODIDE_L020_24.JPG,L020,c54011ff19ecb108801f32c8cb118d1f461d1b8e2283118aa083f953c282c68f,unique-0342,train
FOR AIIC SUBMISSION/Inventory_Photos/Stationery_Office_Supplies/S008_TackIt/IMG_4296.HEIC,S008,0b52cb96c1373c40d88fdb259549b4b39ff52fc1daa4a22f3b21c542b26edbdf,unique-0343,train
FOR AIIC SUBMISSION/Inventory_Photos/Laboratory_Science_Supplies/L021_Methylated Spirit Solution 95_/L021_METHYLATED SPIRIT SOLUTION_L021_03.JPG,L021,af0ee520b91a5c4712bfc5f51791f5b3bd609e98c05e4f7685e8f692b2e7b0fb,unique-0344,test
FOR AIIC SUBMISSION/Inventory_Photos/Stationery_Office_Supplies/S008_TackIt/IMG_4293.HEIC,S008,ea4f869206db42a32499767c7fbdd10add240c4e378c0cc2890e4f4b3036576a,unique-0345,validation
FOR AIIC SUBMISSION/Inventory_Photos/Laboratory_Science_Supplies/L020_Potassium Iodide/L020_POTASSIUM IODIDE_L020_18.JPG,L020,86874d30de682805bf0a75a52507b2ada8d420f243285c83ccf6c797725f9129,unique-0346,train
FOR AIIC SUBMISSION/Inventory_Photos/Laboratory_Science_Supplies/L018_glass rod/L018_GLASS ROD_L018_05(1).JPG,L018,1185274093cabbbae5c6ab427090a788269cf693427d29f816365321125e9c17,unique-0347,train
FOR AIIC SUBMISSION/Inventory_Photos/Laboratory_Science_Supplies/L016_volumetric flask/L016_VOLUMETRIC FLASK_L016_01.JPG,L016,d1e12c5cb6c8d68792003bf03b5ec0036afa4eb37e755a2c683233af02df5453,unique-0348,train
FOR AIIC SUBMISSION/Inventory_Photos/Laboratory_Science_Supplies/L018_glass rod/L018_GLASS ROD_L018_06.JPG,L018,c9c80057c14922078d6d6c9036fd036e80337eee27527aad73403955124e4d77,unique-0349,train
FOR AIIC SUBMISSION/Inventory_Photos/Laboratory_Science_Supplies/L018_glass rod/L018_GLASS ROD_L018_19.JPG,L018,181e87cf49d7f465c85b0cbafa3074f99b56cbef5833ab22c1b513192845ad19,unique-0350,validation
FOR AIIC SUBMISSION/Inventory_Photos/Laboratory_Science_Supplies/L021_Methylated Spirit Solution 95_/L021_METHYLATED SPIRIT SOLUTION_L021_06.JPG,L021,20d55d0fda7c66494505a726b48daf04fb8de237aa857f7448552d022e6c1490,unique-0351,validation
FOR AIIC SUBMISSION/Inventory_Photos/Laboratory_Science_Supplies/L018_glass rod/L018_GLASS ROD_L018_18.JPG,L018,aa0c07f225a2d0ede1209536485d18c0f67d68ef4379a7ee0ea2241beb564b7c,unique-0352,train
FOR AIIC SUBMISSION/Inventory_Photos/Laboratory_Science_Supplies/L025_Lithium Chloride/L025_LITHIUM CHLORIDE_L025_07.JPG,L025,8f8773c07c3c01f173752fe5f225ae5bb79a886cf4eba939699640a71c8027d1,unique-0353,validation
FOR AIIC SUBMISSION/Inventory_Photos/Laboratory_Science_Supplies/L021_Methylated Spirit Solution 95_/L021_METHYLATED SPIRIT SOLUTION_L021_20.JPG,L021,c187fb08f93193ba5ebb099e633827f61297d7a3b1fcc7ed0a6df6df170dedca,unique-0354,train
FOR AIIC SUBMISSION/Inventory_Photos/Laboratory_Science_Supplies/L021_Methylated Spirit Solution 95_/L021_METHYLATED SPIRIT SOLUTION_L021_08.JPG,L021,009dea33f41667d3b02c993c2571c85de8a19383cd3f4dadb604cdd37e6b0ebd,unique-0355,validation
FOR AIIC SUBMISSION/Inventory_Photos/Laboratory_Science_Supplies/L020_Potassium Iodide/L020_POTASSIUM IODIDE_L020_06.JPG,L020,ad19f9b0a7e3f99316078048eea20093e3a04c6d4022cf22cbff4f6ba4023d07,unique-0356,train
FOR AIIC SUBMISSION/Inventory_Photos/Laboratory_Science_Supplies/L021_Methylated Spirit Solution 95_/L021_METHYLATED SPIRIT SOLUTION_L021_01.JPG,L021,88fe89b869a1e41dd579794479c28bb44cdd3a31b38fc8f8da3ee3049854ca6d,unique-0357,train
FOR AIIC SUBMISSION/Inventory_Photos/Stationery_Office_Supplies/S004_Paper/20260811_151217.jpg,S004,1db3496376f24d7047118bdc48e50fb9edcd4ab47553fde43ef1ae1656a5aa77,unique-0358,test
FOR AIIC SUBMISSION/Inventory_Photos/Laboratory_Science_Supplies/L018_glass rod/L018_GLASS ROD_L018_16.JPG,L018,5ee694ae91acea8ca464404790158a13f48296507bea8701da571876e4acdfa6,unique-0359,train
FOR AIIC SUBMISSION/Inventory_Photos/Laboratory_Science_Supplies/L016_volumetric flask/L016_VOLUMETRIC FLASK_L016_02.JPG,L016,7da5f758f588ef4231e272531846f60d434fd40007925ac9153eb8a543c07c87,unique-0360,train
FOR AIIC SUBMISSION/Inventory_Photos/Laboratory_Science_Supplies/L021_Methylated Spirit Solution 95_/L021_METHYLATED SPIRIT SOLUTION_L021_04.JPG,L021,f96b840402678d65b99d92d8b449779f53365b436bba19f0dad782958b7231be,unique-0361,train
FOR AIIC SUBMISSION/Inventory_Photos/Laboratory_Science_Supplies/L018_glass rod/L018_GLASS ROD_L018_12.JPG,L018,beb3c860109d610d638263b294cc48bfd56c538fb870faa5ba3b5dee01854018,unique-0362,test
FOR AIIC SUBMISSION/Inventory_Photos/Laboratory_Science_Supplies/L019_Safety Goggle/L019_GOGGLE_L019_40.JPG,L019,1d3f40f6e184343f2d46106ad3b8ac1a74ba2ed41af1a89817c9b356766c621c,unique-0363,train
FOR AIIC SUBMISSION/Inventory_Photos/Laboratory_Science_Supplies/L018_glass rod/L018_GLASS ROD_L018_11.JPG,L018,6eb431a1ee5b24a9fc1e04e5c9b695c7c8f1e8b356a877742dcc07826aef856a,unique-0364,train
FOR AIIC SUBMISSION/Inventory_Photos/Laboratory_Science_Supplies/L016_volumetric flask/L016_VOLUMETRIC FLASK_L016_17.JPG,L016,61ffe6027b9aba853bcba85f95f4e7bc61beabd3eaf243a4622040c90ea6d691,unique-0365,train
FOR AIIC SUBMISSION/Inventory_Photos/Laboratory_Science_Supplies/L019_Safety Goggle/L019_GOGGLE_L019_38.JPG,L019,e934fa06edde2147bc2fac67f14797678af1bca7336739df7453c314b0196a01,unique-0366,train
FOR AIIC SUBMISSION/Inventory_Photos/Laboratory_Science_Supplies/L018_glass rod/L018_GLASS ROD_L018_08.JPG,L018,4f3a8efa60da45fe69c03218031d4fa6bac4166365a51a4ca006e8f798fed5c0,unique-0367,validation
FOR AIIC SUBMISSION/Inventory_Photos/Laboratory_Science_Supplies/L019_Safety Goggle/L019_GOGGLE_L019_36.JPG,L019,db013cd4485f793d6ad9c6f92133f894e6200ab87bdb52aaf71d3c3c41e1cfde,unique-0368,train
FOR AIIC SUBMISSION/Inventory_Photos/Laboratory_Science_Supplies/L021_Methylated Spirit Solution 95_/L021_METHYLATED SPIRIT SOLUTION_L021_15.JPG,L021,082272799f1486d9583ba01926bc06cedb5fd3f51cde7b5f091d5e55b8b06b89,unique-0369,train
FOR AIIC SUBMISSION/Inventory_Photos/Laboratory_Science_Supplies/L019_Safety Goggle/L019_GOGGLE_L019_28.JPG,L019,4c920b8d856bb81fec167dcdb03705af7d0828be4da803adc0a5ae5f14bff37e,unique-0370,test
FOR AIIC SUBMISSION/Inventory_Photos/Laboratory_Science_Supplies/L019_Safety Goggle/L019_GOGGLE_L019_31.JPG,L019,ca8954b782a5b7ab53c00da5bd90a360baf6e444263e374a7cd8001d66b66515,unique-0371,train
FOR AIIC SUBMISSION/Inventory_Photos/Laboratory_Science_Supplies/L019_Safety Goggle/L019_GOGGLE_L019_32.JPG,L019,1ebd65d4142bb15b031245115ad8c48baee59d5482ab5e742a725ce054da6d2a,unique-0372,validation
FOR AIIC SUBMISSION/Inventory_Photos/Laboratory_Science_Supplies/L019_Safety Goggle/L019_GOGGLE_L019_37.JPG,L019,deec421c376b18333f89aaea7e31646bb6a17cf4b8d6eeb661f72eca27deeb91,unique-0373,train
FOR AIIC SUBMISSION/Inventory_Photos/Laboratory_Science_Supplies/L018_glass rod/L018_GLASS ROD_L018_13.JPG,L018,546a6c4c47242c9f12ff36d1612194df7a22581cc7d99aac60e1d198b9a5de7f,unique-0374,train
FOR AIIC SUBMISSION/Inventory_Photos/Laboratory_Science_Supplies/L021_Methylated Spirit Solution 95_/L021_METHYLATED SPIRIT SOLUTION_L021_02.JPG,L021,63d57256a0cf8b4d0e3e164731b75dce0e15411f5440336482e6ad532d1cf5bf,unique-0375,train
FOR AIIC SUBMISSION/Inventory_Photos/Laboratory_Science_Supplies/L020_Potassium Iodide/L020_POTASSIUM IODIDE_L020_19.JPG,L020,a136681d193c911f8068c5a41cad75512e51d789f72eca59ad1eeb8b5424b79d,unique-0376,train
FOR AIIC SUBMISSION/Inventory_Photos/Laboratory_Science_Supplies/L021_Methylated Spirit Solution 95_/L021_METHYLATED SPIRIT SOLUTION_L021_12.JPG,L021,50837ad60631833bed77c428e77ef304c53fe17f6a56cc95fa44de939ca75669,unique-0377,train
FOR AIIC SUBMISSION/Inventory_Photos/Laboratory_Science_Supplies/L021_Methylated Spirit Solution 95_/L021_METHYLATED SPIRIT SOLUTION_L021_17.JPG,L021,617072fe49eb669398979d99036210edfb6191db8b822328d35f2e493e744db9,unique-0378,train
FOR AIIC SUBMISSION/Inventory_Photos/Laboratory_Science_Supplies/L019_Safety Goggle/L019_GOGGLE_L019_26.JPG,L019,38ea3a5cb3a69560b150f4a14c02abefc38c6eb02ce22c87ef5d84238b108476,unique-0379,validation
FOR AIIC SUBMISSION/Inventory_Photos/Laboratory_Science_Supplies/L019_Safety Goggle/L019_GOGGLE_L019_11.JPG,L019,34ed33b6df427144718875fda91a75c0bb2d1222a9a4470345381444e0337ac2,unique-0380,train
FOR AIIC SUBMISSION/Inventory_Photos/Laboratory_Science_Supplies/L021_Methylated Spirit Solution 95_/L021_METHYLATED SPIRIT SOLUTION_L021_21.JPG,L021,4d5de7d3de45efc77b315f19c65a37a76201c03718070cdabdfd6aec3fdad3af,unique-0381,train
FOR AIIC SUBMISSION/Inventory_Photos/Laboratory_Science_Supplies/L021_Methylated Spirit Solution 95_/L021_METHYLATED SPIRIT SOLUTION_L021_16.JPG,L021,a31c4beeda76bbfaabdb626d3fc9bffe611add800b7f1110ec114fccf8bba083,unique-0382,train
FOR AIIC SUBMISSION/Inventory_Photos/Laboratory_Science_Supplies/L019_Safety Goggle/L019_GOGGLE_L019_12.JPG,L019,7282c80a7de5d7f1319e82758fdaecd764d3173e6ac2460a9137022b62f82920,unique-0383,train
FOR AIIC SUBMISSION/Inventory_Photos/Laboratory_Science_Supplies/L019_Safety Goggle/L019_GOGGLE_L019_29.JPG,L019,1cd74cced3deb30ce4cb712d5553f714cb4f4fa133bc73e796257c5d820be0ab,unique-0384,train
FOR AIIC SUBMISSION/Inventory_Photos/Laboratory_Science_Supplies/L019_Safety Goggle/L019_GOGGLE_L019_05.JPG,L019,14cc99ac31ff519833ad19236a535a0f0dab2caf186b72cfb2532cbb82b1f9e9,unique-0385,test
FOR AIIC SUBMISSION/Inventory_Photos/Laboratory_Science_Supplies/L016_volumetric flask/L016_VOLUMETRIC FLASK_L016_14.JPG,L016,4de1903572e3f5c6c63581d5f531cc91978099ef6b2133219024cee723ce4ec6,unique-0386,validation
FOR AIIC SUBMISSION/Inventory_Photos/Laboratory_Science_Supplies/L018_glass rod/L018_GLASS ROD_L018_15.JPG,L018,18c71f1c9a0f5449d8f0b9372a63bc103a812454a0e80c246a0571473d9f4266,unique-0387,train
FOR AIIC SUBMISSION/Inventory_Photos/Laboratory_Science_Supplies/L025_Lithium Chloride/L025_LITHIUM CHLORIDE_L025_08.JPG,L025,876dac256fb24f6c16873162415bf062eeba4bb684f462305577393a512198a5,unique-0388,validation
FOR AIIC SUBMISSION/Inventory_Photos/Laboratory_Science_Supplies/L021_Methylated Spirit Solution 95_/L021_METHYLATED SPIRIT SOLUTION_L021_14.JPG,L021,aab69744e0aea3712860b82b8aab900cc083c8b01d9b1f2fd6de96c8188ec590,unique-0389,validation
FOR AIIC SUBMISSION/Inventory_Photos/Laboratory_Science_Supplies/L016_volumetric flask/L016_VOLUMETRIC FLASK_L016_03.JPG,L016,944bd8f8fc485aba741a11323f547db9f4916d841c5f188937ccd07b4a55ac97,unique-0390,train
FOR AIIC SUBMISSION/Inventory_Photos/Laboratory_Science_Supplies/L017_bunsen burner/L017_BUNSEN BURNER_L017_09.JPG,L017,bf2fc8e3bd06b5d282d7abe4b56ab5da253e85654390f7a7a566aa6b8ab5b5d8,unique-0391,train
FOR AIIC SUBMISSION/Inventory_Photos/Laboratory_Science_Supplies/L017_bunsen burner/L017_BUNSEN BURNER_L017_11.JPG,L017,41753d766477915fafed0ea7e0950af55de5d091df311bf292c14ea138becda6,unique-0392,train
FOR AIIC SUBMISSION/Inventory_Photos/Laboratory_Science_Supplies/L017_bunsen burner/L017_BUNSEN BURNER_L017_06.JPG,L017,65bc749401f784008f32af48c5cef0130bb3be2676f0753e1754aeb2c5ea8e2b,unique-0393,train
FOR AIIC SUBMISSION/Inventory_Photos/Laboratory_Science_Supplies/L019_Safety Goggle/L019_GOGGLE_L019_03.JPG,L019,066fcbd8507afced5a13c4c51872809d3690c3837e0844b95465a4ee4ba5d36b,unique-0394,validation
FOR AIIC SUBMISSION/Inventory_Photos/Laboratory_Science_Supplies/L015_syringes 60ml/L015_SYRINGES 60ML_L015_21.JPG,L015,3b3287036ae5c0c3fd7d6d4a29694f205c4d274ff1c5189df3f1a60faad7ee7e,unique-0395,train
FOR AIIC SUBMISSION/Inventory_Photos/Laboratory_Science_Supplies/L020_Potassium Iodide/L020_POTASSIUM IODIDE_L020_01.JPG,L020,b4b53b0c5661924e74a1340056740c31f984774d573cbcd541dd30927c3a9d99,unique-0396,train
FOR AIIC SUBMISSION/Inventory_Photos/Laboratory_Science_Supplies/L019_Safety Goggle/L019_GOGGLE_L019_04.JPG,L019,73e1c7ef8a5bdaaae00d4d073032b97e8f433b65ed3cbfce19a12f68b998b316,unique-0397,train
FOR AIIC SUBMISSION/Inventory_Photos/Laboratory_Science_Supplies/L019_Safety Goggle/L019_GOGGLE_L019_39.JPG,L019,e7fb98c0a424cab8267ec3f4d9e10d6683f04bac76e0bcb5d799389288dc4ddd,unique-0398,train
FOR AIIC SUBMISSION/Inventory_Photos/Laboratory_Science_Supplies/L019_Safety Goggle/L019_GOGGLE_L019_34.JPG,L019,195c692259c7855f27adf7ad35cdd4e6a25bd72f3d66a94611fa42621a27405b,unique-0399,train
FOR AIIC SUBMISSION/Inventory_Photos/Laboratory_Science_Supplies/L019_Safety Goggle/L019_GOGGLE_L019_21.JPG,L019,f0805842127321fd5725e8502edbaa177a83ccb87a9c485fc0e5c36c8e5e99ea,unique-0400,validation
FOR AIIC SUBMISSION/Inventory_Photos/Laboratory_Science_Supplies/L019_Safety Goggle/L019_GOGGLE_L019_35.JPG,L019,05f092825208b6ed6d23320278376af21b76e1e99add1c1426bdd1d5727703b4,unique-0401,train
FOR AIIC SUBMISSION/Inventory_Photos/Laboratory_Science_Supplies/L019_Safety Goggle/L019_GOGGLE_L019_24.JPG,L019,0fa495f5623627ced88c2ccd0647510b61eabe19f3d6525ff4626a2e4b6f958c,unique-0402,train
FOR AIIC SUBMISSION/Inventory_Photos/Laboratory_Science_Supplies/L019_Safety Goggle/L019_GOGGLE_L019_18.JPG,L019,3b23d197d3891a4f393279ca4ec6180f824c9fee586ec8d45b8875ecbafe9cec,unique-0403,train
FOR AIIC SUBMISSION/Inventory_Photos/Laboratory_Science_Supplies/L017_bunsen burner/L017_BUNSEN BURNER_L017_01.JPG,L017,f27ac3512b47412df60f597e8f665c3efef55f67d59d5c2012c53de15649ffad,unique-0404,train
FOR AIIC SUBMISSION/Inventory_Photos/Laboratory_Science_Supplies/L018_glass rod/L018_GLASS ROD_L018_14.JPG,L018,db74f8196e3f9668566125553477c4d3d45535f30d35630bd51fd57dc275724d,unique-0405,train
FOR AIIC SUBMISSION/Inventory_Photos/Laboratory_Science_Supplies/L015_syringes 60ml/L015_SYRINGES 60ML_L015_10.JPG,L015,2a51b1e0798e2ee0ac5766e1cd1d766959b9af2af48a1e663fc47313c12a97e9,unique-0406,train
FOR AIIC SUBMISSION/Inventory_Photos/Laboratory_Science_Supplies/L019_Safety Goggle/L019_GOGGLE_L019_27.JPG,L019,e2dc24f339f588bc0001da2c25bf97a20b914253717196a983aca8b059ac6e3e,unique-0407,train
FOR AIIC SUBMISSION/Inventory_Photos/Laboratory_Science_Supplies/L017_bunsen burner/L017_BUNSEN BURNER_L017_23.JPG,L017,c0180f68964c3ff7b05d7ceecf5123c840d5311d6693296fc1834e1d8f72c05f,unique-0408,validation
FOR AIIC SUBMISSION/Inventory_Photos/Laboratory_Science_Supplies/L019_Safety Goggle/L019_GOGGLE_L019_01.JPG,L019,018fd7399ef99a311a6bc526ec3cc1c9407659d6521e09a5eac7fa4b9f3db326,unique-0409,test
FOR AIIC SUBMISSION/Inventory_Photos/Laboratory_Science_Supplies/L015_syringes 60ml/L015_SYRINGES 60ML_L015_12.JPG,L015,983b087618d9618fbdb41a56a095eaa2b35161abf77c406015ec1173a2ba8e97,unique-0410,train
FOR AIIC SUBMISSION/Inventory_Photos/Laboratory_Science_Supplies/L019_Safety Goggle/L019_GOGGLE_L019_02.JPG,L019,86fc07f28a6fd7d9c3f17271f71efa8136321615c6046d6b115266434d31d372,unique-0411,validation
FOR AIIC SUBMISSION/Inventory_Photos/Laboratory_Science_Supplies/L017_bunsen burner/L017_BUNSEN BURNER_L017_02.JPG,L017,209c56d86239e90aedef5cc1f194d8c6bbd5f7046cc907d8b9e18ac8911ebecc,unique-0412,train
FOR AIIC SUBMISSION/Inventory_Photos/Laboratory_Science_Supplies/L017_bunsen burner/L017_BUNSEN BURNER_L017_05.JPG,L017,7f579461310ec8b9207653c4db3df56d9a7c176e1898709a2a28e073a66838b3,unique-0413,test
FOR AIIC SUBMISSION/Inventory_Photos/Laboratory_Science_Supplies/L017_bunsen burner/L017_BUNSEN BURNER_L017_08.JPG,L017,6646805593cb48e0d9f74b374b727cf3fdc59637014c22c978c0e879c50f8ffe,unique-0414,train
FOR AIIC SUBMISSION/Inventory_Photos/Laboratory_Science_Supplies/L015_syringes 60ml/L015_SYRINGES 60ML_L015_18.JPG,L015,4f34ccb3bdd23f4535eccfa4bda66fed1aea33436caff84486c9d3708c738332,unique-0415,train
FOR AIIC SUBMISSION/Inventory_Photos/Laboratory_Science_Supplies/L015_syringes 60ml/L015_SYRINGES 60ML_L015_11.JPG,L015,81fa30615fb71a907d298876f88a4cc3a647e3c27ebc72130350ab6800673180,unique-0416,validation
FOR AIIC SUBMISSION/Inventory_Photos/Laboratory_Science_Supplies/L015_syringes 60ml/L015_SYRINGES 60ML_L015_13.JPG,L015,349bfeb2409dacfb7ae06f45663c645001fce6e4f8028a365032f2a9883cd50d,unique-0417,validation
FOR AIIC SUBMISSION/Inventory_Photos/Laboratory_Science_Supplies/L015_syringes 60ml/L015_SYRINGES 60ML_L015_07.JPG,L015,74a73af22395f0fd228d78497ce5c546c780757c4d5ce730b7d8d730597084a0,unique-0418,test
FOR AIIC SUBMISSION/Inventory_Photos/Laboratory_Science_Supplies/L019_Safety Goggle/L019_GOGGLE_L019_06.JPG,L019,a47dc546bad84f4e5928dd3415ffb0adbaeac89f6a76665a8236426decc5bdb5,unique-0419,train
FOR AIIC SUBMISSION/Inventory_Photos/Laboratory_Science_Supplies/L019_Safety Goggle/L019_GOGGLE_L019_13.JPG,L019,730a8d64077a66905e8eb230ebca89ad2c3c181a012ad51ddb10d995009eab3b,unique-0420,train
FOR AIIC SUBMISSION/Inventory_Photos/Laboratory_Science_Supplies/L018_glass rod/L018_GLASS ROD_L018_07.JPG,L018,62e281d652b02b8b0b6dd426fd7cfe15f3a1b6945edec14b0b43a76136ac70bc,unique-0421,validation
FOR AIIC SUBMISSION/Inventory_Photos/Laboratory_Science_Supplies/L015_syringes 60ml/L015_SYRINGES 60ML_L015_14.JPG,L015,08387dc7b13a204b124b49e31822a46e65cb67b9b21fa1d18477ddb9657ead1d,unique-0422,train
FOR AIIC SUBMISSION/Inventory_Photos/Stationery_Office_Supplies/S009_CorrectionTape/20260811_155528.jpg,S009,785c4749dcfd212e4f404c834319c0158512ddf17bd294dd48613097c90b914b,unique-0423,train
FOR AIIC SUBMISSION/Inventory_Photos/Laboratory_Science_Supplies/L019_Safety Goggle/L019_GOGGLE_L019_17.JPG,L019,58c64055d88c6ee908c620f87af005ce14b23c888cecbeeba197b18bdeb12e5f,unique-0424,train
FOR AIIC SUBMISSION/Inventory_Photos/Laboratory_Science_Supplies/L017_bunsen burner/L017_BUNSEN BURNER_L017_17.JPG,L017,f005342877ffc6b2511a67d90a95e55ad6abeb202480929c86e993c807531a95,unique-0425,train
FOR AIIC SUBMISSION/Inventory_Photos/Laboratory_Science_Supplies/L019_Safety Goggle/L019_GOGGLE_L019_15.JPG,L019,fac536a9afb0889eb88e0b505e821cf8213ae58d2cdb8008fe04f8b41b2d5e88,unique-0426,train
FOR AIIC SUBMISSION/Inventory_Photos/Laboratory_Science_Supplies/L017_bunsen burner/L017_BUNSEN BURNER_L017_15.JPG,L017,fdd4d68b5d76b79ecbb9dcc6dd1d64d13e2650b927c79b8345dda22c7ffbfa28,unique-0427,train
FOR AIIC SUBMISSION/Inventory_Photos/Laboratory_Science_Supplies/L019_Safety Goggle/L019_GOGGLE_L019_22.JPG,L019,c122ef122cd2ae22332fdf0aa3df1a67835889ab5360e03ff69be8500e92d248,unique-0428,train
FOR AIIC SUBMISSION/Inventory_Photos/Laboratory_Science_Supplies/L017_bunsen burner/L017_BUNSEN BURNER_L017_04.JPG,L017,efd64ef03d0dd5b1e71106e7f9e5a9ad3f85feeabd2b6c73152fd98875a2f124,unique-0429,train
FOR AIIC SUBMISSION/Inventory_Photos/Laboratory_Science_Supplies/L017_bunsen burner/L017_BUNSEN BURNER_L017_07.JPG,L017,a7d1cde0c16440e12e5e115547861dca5b8f50110bba8531aa25e5565a71643f,unique-0430,train
FOR AIIC SUBMISSION/Inventory_Photos/Laboratory_Science_Supplies/L018_glass rod/L018_GLASS ROD_L018_05.JPG,L018,3ad8e9aa9c20dca59a07017eed35c7429979df46ae7217d1356b8b2bce0ca26c,unique-0431,train
FOR AIIC SUBMISSION/Inventory_Photos/Laboratory_Science_Supplies/L019_Safety Goggle/L019_GOGGLE_L019_16.JPG,L019,d9c7a5fe13e1c5cb1f7a241e1172cff1b0e5fb0574ab17f0de1bd51624792bdf,unique-0432,validation
FOR AIIC SUBMISSION/Inventory_Photos/Laboratory_Science_Supplies/L018_glass rod/L018_GLASS ROD_L018_09.JPG,L018,4d9a1a9d965d93ac3859e9ae8a2e5f95cd3bcc085de63e9843132a09ed9c470e,unique-0433,test
FOR AIIC SUBMISSION/Inventory_Photos/Laboratory_Science_Supplies/L017_bunsen burner/L017_BUNSEN BURNER_L017_16.JPG,L017,c73beccb5543458f9db22b00ac56b38768b57fd7331fc58faa5e2dbf9f0a0f6e,unique-0434,train
FOR AIIC SUBMISSION/Inventory_Photos/Laboratory_Science_Supplies/L019_Safety Goggle/L019_GOGGLE_L019_10.JPG,L019,105d9a7203f6b34adf4b131b57f8e18651145fc96fb3d454354b38c752105200,unique-0435,test
FOR AIIC SUBMISSION/Inventory_Photos/Laboratory_Science_Supplies/L015_syringes 60ml/L015_SYRINGES 60ML_L015_01.JPG,L015,2fdf53eeecd1ed3325436ff972f3f4c3c1b498476ed933470ef6cf70efbcc1b6,unique-0436,train
FOR AIIC SUBMISSION/Inventory_Photos/Laboratory_Science_Supplies/L020_Potassium Iodide/L020_POTASSIUM IODIDE_L020_05.JPG,L020,71df31d502359016186bac536fd84aa9e46aefed3f50ff2b37650b37894fe48f,unique-0437,validation
FOR AIIC SUBMISSION/Inventory_Photos/Laboratory_Science_Supplies/L021_Methylated Spirit Solution 95_/L021_METHYLATED SPIRIT SOLUTION_L021_19.JPG,L021,32f31a785fd549c5e9a597e00c3f8f9feff8f6c03fab91eff0867a0ba72247a3,unique-0438,validation
FOR AIIC SUBMISSION/Inventory_Photos/Laboratory_Science_Supplies/L019_Safety Goggle/L019_GOGGLE_L019_14.JPG,L019,47c9345d792048ab04c7444423e71da87f0c5b3fb565839c4774b37207b8dbd8,unique-0439,train
FOR AIIC SUBMISSION/Inventory_Photos/Laboratory_Science_Supplies/L021_Methylated Spirit Solution 95_/L021_METHYLATED SPIRIT SOLUTION_L021_22.JPG,L021,cad90d1656c6c2f5824df30eed3b6598e529430f44a1b3698d99ecdf338fac7b,unique-0440,train
FOR AIIC SUBMISSION/Inventory_Photos/Laboratory_Science_Supplies/L018_glass rod/L018_GLASS ROD_L018_04.JPG,L018,02d9c243d60a4c5ab11c0f9bc76fd5d8e097755d29816a7ec284c36ce4ca58cb,unique-0441,train
FOR AIIC SUBMISSION/Inventory_Photos/Laboratory_Science_Supplies/L022_Copper (II) Chloride 2-Hydrate/L022_Copper (II) Chloride 2-Hydrate_L022_25.JPG,L022,e53b516948c921eaa2e395ca800e87ad82ab30342804d835daa7cb9571b9bf35,unique-0442,train
FOR AIIC SUBMISSION/Inventory_Photos/Laboratory_Science_Supplies/L018_glass rod/L018_GLASS ROD_L018_03.JPG,L018,fbc8223b75df8f34afc0a0680fee3f9df74604935a691498d0dd754a49cdee4a,unique-0443,train
FOR AIIC SUBMISSION/Inventory_Photos/Laboratory_Science_Supplies/L023_Hydrogen Peroxide Solution 6_/L023_HYDROGEN PEROXIDE SOLUTION 6_L023_05.JPG,L023,798a8b6cec4e809e050751ad98fe82941ce0d7b57cda008a4081fb20ee498d7f,unique-0444,train
FOR AIIC SUBMISSION/Inventory_Photos/Laboratory_Science_Supplies/L019_Safety Goggle/L019_GOGGLE_L019_33.JPG,L019,f2eb9b949cc6f1be63760cc5fefc3e7c46cdea6357ffe6621a07110071a7b2ed,unique-0445,train
FOR AIIC SUBMISSION/Inventory_Photos/Laboratory_Science_Supplies/L017_bunsen burner/L017_BUNSEN BURNER_L017_18.JPG,L017,abbbe9cc82bb3c35e19a18f2c075eb3d41c50a778b11cce9524b5aeed36aee51,unique-0446,validation
FOR AIIC SUBMISSION/Inventory_Photos/Laboratory_Science_Supplies/L023_Hydrogen Peroxide Solution 6_/L023_HYDROGEN PEROXIDE SOLUTION 6_L023_07.JPG,L023,d29e0c890d44d5ad1f1631fb99f7772c5cbf5ddc02954e383fa068828b31101c,unique-0447,train
FOR AIIC SUBMISSION/Inventory_Photos/Laboratory_Science_Supplies/L017_bunsen burner/L017_BUNSEN BURNER_L017_20.JPG,L017,cdd456ead3019482b01c8d701fc1f076817fe90fb95abd4c2dc33ffef0109a3c,unique-0448,validation
FOR AIIC SUBMISSION/Inventory_Photos/Laboratory_Science_Supplies/L023_Hydrogen Peroxide Solution 6_/L023_HYDROGEN PEROXIDE SOLUTION 6_L023_06.JPG,L023,19bb3003a78ef1b010690bc2bbed678aa4d5bdc1e68ca4459d8c7f47cb712ca7,unique-0449,train
FOR AIIC SUBMISSION/Inventory_Photos/Laboratory_Science_Supplies/L023_Hydrogen Peroxide Solution 6_/L023_HYDROGEN PEROXIDE SOLUTION 6_L023_21.JPG,L023,a293fe4a1a956a4d291ad2ffb282e5ea63388964769626bf0c967b89074cf709,unique-0450,train
FOR AIIC SUBMISSION/Inventory_Photos/Laboratory_Science_Supplies/L019_Safety Goggle/L019_GOGGLE_L019_25.JPG,L019,c3aa2f9e03a2ad041ed967786d7dcc6018c315ce31539fe6ba34f9077f72501a,unique-0451,validation
FOR AIIC SUBMISSION/Inventory_Photos/Laboratory_Science_Supplies/L018_glass rod/L018_GLASS ROD_L018_01.JPG,L018,5990c2868661e63db9508cff3b0ab5ee5f74065b18c7f6069cb37bcf247853ca,unique-0452,train
FOR AIIC SUBMISSION/Inventory_Photos/Laboratory_Science_Supplies/L015_syringes 60ml/L015_SYRINGES 60ML_L015_02.JPG,L015,7d3aec37a8edc35fc5c5769b8d9490c125b5d94993c349615c6025cf25fcd037,unique-0453,train
FOR AIIC SUBMISSION/Inventory_Photos/Laboratory_Science_Supplies/L015_syringes 60ml/L015_SYRINGES 60ML_L015_20.JPG,L015,469d38f28028e18c417f2d79d5d5ddc40ad69ec532cedc690fca027fc4624fac,unique-0454,test
FOR AIIC SUBMISSION/Inventory_Photos/Laboratory_Science_Supplies/L023_Hydrogen Peroxide Solution 6_/L023_HYDROGEN PEROXIDE SOLUTION 6_L023_16.JPG,L023,79cd7d59a3026a3cc1ee315d886f9aacb7a367b30831a2055039e29be4578296,unique-0455,train
FOR AIIC SUBMISSION/Inventory_Photos/Laboratory_Science_Supplies/L017_bunsen burner/L017_BUNSEN BURNER_L017_14.JPG,L017,ae9e2ba73181ca3c77198b3da4fddaecf6605899e2841349b83c4ffe00c1ebec,unique-0456,train
FOR AIIC SUBMISSION/Inventory_Photos/Laboratory_Science_Supplies/L022_Copper (II) Chloride 2-Hydrate/L022_Copper (II) Chloride 2-Hydrate_L022_15.JPG,L022,3e2d2b1128d1281d9e3da99d6dd8c4903974f2d785dec0f5a367213e59b3835a,unique-0457,train
FOR AIIC SUBMISSION/Inventory_Photos/Laboratory_Science_Supplies/L021_Methylated Spirit Solution 95_/L021_METHYLATED SPIRIT SOLUTION_L021_18.JPG,L021,9aeae7e26b8efc8ce3e2fc3b81787deb8b8c317bc147f021cdcd3c1d0eb7358c,unique-0458,train
FOR AIIC SUBMISSION/Inventory_Photos/Laboratory_Science_Supplies/L017_bunsen burner/L017_BUNSEN BURNER_L017_19.JPG,L017,541bbf70f2399ebfbd21091b596f1bf43f340737d2b21355e06d92959cbe0373,unique-0459,validation
FOR AIIC SUBMISSION/Inventory_Photos/Laboratory_Science_Supplies/L023_Hydrogen Peroxide Solution 6_/L023_HYDROGEN PEROXIDE SOLUTION 6_L023_09.JPG,L023,d25e52e1f5215ceb841184a5ede328dac03d4c1f55dc1a3f2de5c52555b3086e,unique-0460,validation
FOR AIIC SUBMISSION/Inventory_Photos/Laboratory_Science_Supplies/L017_bunsen burner/L017_BUNSEN BURNER_L017_13.JPG,L017,1e1a91a6c0c92df6d3d8677a6b9e88d7ffb00bef4a33f2dbb043a1b354938986,unique-0461,test
FOR AIIC SUBMISSION/Inventory_Photos/Laboratory_Science_Supplies/L023_Hydrogen Peroxide Solution 6_/L023_HYDROGEN PEROXIDE SOLUTION 6_L023_18.JPG,L023,52d337580a3dda79d8990980e3d88cf2b9b6d66c18515a1b733ee950161c8647,unique-0462,train
FOR AIIC SUBMISSION/Inventory_Photos/Laboratory_Science_Supplies/L015_syringes 60ml/L015_SYRINGES 60ML_L015_04.JPG,L015,af27faad5e3f6ede0a0505283e88a62d4159c2c54fb8b6f74fc0c8fe7644f8ee,unique-0463,train
FOR AIIC SUBMISSION/Inventory_Photos/Laboratory_Science_Supplies/L022_Copper (II) Chloride 2-Hydrate/L022_Copper (II) Chloride 2-Hydrate_L022_24.JPG,L022,0edb98593fab9a4dad2be27da009dad73b1cbeb0face71d51924eea84e577786,unique-0464,validation
FOR AIIC SUBMISSION/Inventory_Photos/Laboratory_Science_Supplies/L022_Copper (II) Chloride 2-Hydrate/L022_Copper (II) Chloride 2-Hydrate_L022_22.JPG,L022,2a80b5c4aa2382e34648780a376cd0fd79aa6bdf6bbc54e2610999f3dbc21258,unique-0465,train
FOR AIIC SUBMISSION/Inventory_Photos/Laboratory_Science_Supplies/L015_syringes 60ml/L015_SYRINGES 60ML_L015_03.JPG,L015,0c052fdde6a8f802a50680f95350e64fa59fddebec0cf0bd2f055d823867f4ec,unique-0466,test
FOR AIIC SUBMISSION/Inventory_Photos/Laboratory_Science_Supplies/L021_Methylated Spirit Solution 95_/L021_METHYLATED SPIRIT SOLUTION_L021_05.JPG,L021,1969b20dc8d61a00a5adb73aa1298aed1214c6753c7a3169c6cea88b91d5d0ff,unique-0467,train
FOR AIIC SUBMISSION/Inventory_Photos/Laboratory_Science_Supplies/L015_syringes 60ml/L015_SYRINGES 60ML_L015_05.JPG,L015,8041e55eee8d18771ccec705df086687bee21782902246d9b340a6eab5f41e54,unique-0468,test
FOR AIIC SUBMISSION/Inventory_Photos/Laboratory_Science_Supplies/L015_syringes 60ml/L015_SYRINGES 60ML_L015_15.JPG,L015,dc78625f6636db5f890a6d9b6b7ef438431047792f04d9055321482ed646a71e,unique-0469,train
FOR AIIC SUBMISSION/Inventory_Photos/Laboratory_Science_Supplies/L023_Hydrogen Peroxide Solution 6_/L023_HYDROGEN PEROXIDE SOLUTION 6_L023_23.JPG,L023,c68e1efd39681bb9f1eb40408e78150bac982da94a15fe75d674f0146c305147,unique-0470,train
FOR AIIC SUBMISSION/Inventory_Photos/Laboratory_Science_Supplies/L021_Methylated Spirit Solution 95_/L021_METHYLATED SPIRIT SOLUTION_L021_13.JPG,L021,14b72a9fac5fac83992a4f2b6c1e5090c7a35fdad507e88242125d632a255c0a,unique-0471,train
FOR AIIC SUBMISSION/Inventory_Photos/Laboratory_Science_Supplies/L017_bunsen burner/L017_BUNSEN BURNER_L017_21.JPG,L017,0971efb56592e894b212dd0dd493e1278e03c69b53eb834e45bf1636e42a5deb,unique-0472,train
FOR AIIC SUBMISSION/Inventory_Photos/Laboratory_Science_Supplies/L015_syringes 60ml/L015_SYRINGES 60ML_L015_06.JPG,L015,40c37cb727c74b2f5b9dc8c2ba630687b09e9596dc6d3db7c2cf7ea42b9779ae,unique-0473,train
FOR AIIC SUBMISSION/Inventory_Photos/Laboratory_Science_Supplies/L015_syringes 60ml/L015_SYRINGES 60ML_L015_17.JPG,L015,2c40e58c2f948e8e952262b96debdccee82985c604012ebc844c6827627ced91,unique-0474,validation
FOR AIIC SUBMISSION/Inventory_Photos/Laboratory_Science_Supplies/L023_Hydrogen Peroxide Solution 6_/L023_HYDROGEN PEROXIDE SOLUTION 6_L023_14.JPG,L023,31782528bb49fb4c32e06506751a8f0e52033e77ec9f54f712191e4c9cd9c5e3,unique-0475,train
FOR AIIC SUBMISSION/Inventory_Photos/Laboratory_Science_Supplies/L023_Hydrogen Peroxide Solution 6_/L023_HYDROGEN PEROXIDE SOLUTION 6_L023_03.JPG,L023,14611073eee4095af1385db67f2e39a6691868782e252e2b2c7d7d746990f874,unique-0476,train
FOR AIIC SUBMISSION/Inventory_Photos/Laboratory_Science_Supplies/L019_Safety Goggle/L019_GOGGLE_L019_23.JPG,L019,9e5bf9b770c3b2681fa3bcfcfaf964e9eed36d8fb3620c46873c130a1d05a650,unique-0477,test
FOR AIIC SUBMISSION/Inventory_Photos/Laboratory_Science_Supplies/L017_bunsen burner/L017_BUNSEN BURNER_L017_22.JPG,L017,09aaf0d98019d22ee5fc726d30240b8e4366181f408a99f6a60c6a34a79dea2e,unique-0478,train
FOR AIIC SUBMISSION/Inventory_Photos/Laboratory_Science_Supplies/L022_Copper (II) Chloride 2-Hydrate/L022_Copper (II) Chloride 2-Hydrate_L022_06.JPG,L022,efd8c853a22c732b5772f8a174592addf4092b1e7a8d7cf36976f67becd0e99e,unique-0479,train
FOR AIIC SUBMISSION/Inventory_Photos/Laboratory_Science_Supplies/L022_Copper (II) Chloride 2-Hydrate/L022_Copper (II) Chloride 2-Hydrate_L022_10.JPG,L022,ddd7b27d2155681a265401c82a19ba1ceb60ee997fab2b744da95a021f5877a8,unique-0480,train
FOR AIIC SUBMISSION/Inventory_Photos/Laboratory_Science_Supplies/L023_Hydrogen Peroxide Solution 6_/L023_HYDROGEN PEROXIDE SOLUTION 6_L023_01.JPG,L023,bb932f6742c0a66fe9161045cf983ae918a602b6fce439e1ed73c10ac2fdf6c5,unique-0481,train
FOR AIIC SUBMISSION/Inventory_Photos/Laboratory_Science_Supplies/L022_Copper (II) Chloride 2-Hydrate/L022_Copper (II) Chloride 2-Hydrate_L022_11.JPG,L022,10509f6fee4c56abfd6b533aceda8b95f8f1a3e81afbcb631547b320a823c571,unique-0482,test
FOR AIIC SUBMISSION/Inventory_Photos/Laboratory_Science_Supplies/L022_Copper (II) Chloride 2-Hydrate/L022_Copper (II) Chloride 2-Hydrate_L022_19.JPG,L022,80d4534b762e99c899bb1f896b8f8c9d5086f01bf2869e529f2d334bfe92f1b5,unique-0483,train
FOR AIIC SUBMISSION/Inventory_Photos/Laboratory_Science_Supplies/L022_Copper (II) Chloride 2-Hydrate/L022_Copper (II) Chloride 2-Hydrate_L022_13.JPG,L022,9eea0013e4fc9cb4b65298322801a48ed91f2639e10ad37f6eda2e158b55a6ad,unique-0484,train
FOR AIIC SUBMISSION/Inventory_Photos/Laboratory_Science_Supplies/L022_Copper (II) Chloride 2-Hydrate/L022_Copper (II) Chloride 2-Hydrate_L022_09.JPG,L022,b2aa1f2a0e57c9011cc3aab2697c6da0b305f4ed0b7931f2b9484bce9f901c10,unique-0485,train
FOR AIIC SUBMISSION/Inventory_Photos/Laboratory_Science_Supplies/L021_Methylated Spirit Solution 95_/L021_METHYLATED SPIRIT SOLUTION_L021_11.JPG,L021,90d2a639ab3cbcd61cdea800a8c80e50fc7c90e4cc415f173f3bf0b3f0a71fc6,unique-0486,train
FOR AIIC SUBMISSION/Inventory_Photos/Laboratory_Science_Supplies/L015_syringes 60ml/L015_SYRINGES 60ML_L015_03(1).JPG,L015,d3d0e83ec20f70182a1b2d92a6d43be016ebc73f906aa3d9758ca054ea9128a4,unique-0487,test
FOR AIIC SUBMISSION/Inventory_Photos/Laboratory_Science_Supplies/L022_Copper (II) Chloride 2-Hydrate/L022_Copper (II) Chloride 2-Hydrate_L022_07.JPG,L022,389374a7c34d392375e9e5d3cb38fd3157308a52869e132230addf7ed760a59a,unique-0488,train
FOR AIIC SUBMISSION/Inventory_Photos/Laboratory_Science_Supplies/L022_Copper (II) Chloride 2-Hydrate/L022_Copper (II) Chloride 2-Hydrate_L022_23.JPG,L022,f04cce8694b7b80eaebe43d26b0acbfc8fc30aaa60c0903007c31d314ccd2bbb,unique-0489,train
FOR AIIC SUBMISSION/Inventory_Photos/Laboratory_Science_Supplies/L022_Copper (II) Chloride 2-Hydrate/L022_Copper (II) Chloride 2-Hydrate_L022_12.JPG,L022,c1e5d5dfea68bd5a0434219e8834573fafb6e4efed786ec66f63116980b1de7f,unique-0490,train
FOR AIIC SUBMISSION/Inventory_Photos/Laboratory_Science_Supplies/L023_Hydrogen Peroxide Solution 6_/L023_HYDROGEN PEROXIDE SOLUTION 6_L023_04.JPG,L023,534e07dfbcebe70acba63cc47fe62ee958ecbc6169fbb8a72b2433b09c67e653,unique-0491,train
FOR AIIC SUBMISSION/Inventory_Photos/Laboratory_Science_Supplies/L021_Methylated Spirit Solution 95_/L021_METHYLATED SPIRIT SOLUTION_L021_09.JPG,L021,f4dd3bcf1662257bcb8876cb2e0ba3e1c7ff0db1a8ef0d166983f4c621831131,unique-0492,train
FOR AIIC SUBMISSION/Inventory_Photos/Laboratory_Science_Supplies/L023_Hydrogen Peroxide Solution 6_/L023_HYDROGEN PEROXIDE SOLUTION 6_L023_13.JPG,L023,773addb2136598488e6bc4a897285e080b1db87119213a575567167fc76216ba,unique-0493,train
FOR AIIC SUBMISSION/Inventory_Photos/Laboratory_Science_Supplies/L022_Copper (II) Chloride 2-Hydrate/L022_Copper (II) Chloride 2-Hydrate_L022_17.JPG,L022,155549d70f02fdf7bdda0cf881aa8afbaf4f16514427ccd1d357f78dbad499bd,unique-0494,train
FOR AIIC SUBMISSION/Inventory_Photos/Laboratory_Science_Supplies/L015_syringes 60ml/L015_SYRINGES 60ML_L015_09.JPG,L015,4c23a4458120d8d56c0e96b960dd45913d5ef7a9a747542147e39d85a2ca4d1f,unique-0495,train
FOR AIIC SUBMISSION/Inventory_Photos/Laboratory_Science_Supplies/L023_Hydrogen Peroxide Solution 6_/L023_HYDROGEN PEROXIDE SOLUTION 6_L023_15.JPG,L023,e21920a45dcb9290a2f3b7881dacc1e212dd3a8b0e5bf48927134657775631cb,unique-0496,test
FOR AIIC SUBMISSION/Inventory_Photos/Laboratory_Science_Supplies/L021_Methylated Spirit Solution 95_/L021_METHYLATED SPIRIT SOLUTION_L021_10.JPG,L021,1340fa76608f89cbdeafcc6f9f86a9accbb72180c70a76a03d45b7e835eef81a,unique-0497,train
FOR AIIC SUBMISSION/Inventory_Photos/Laboratory_Science_Supplies/L022_Copper (II) Chloride 2-Hydrate/L022_Copper (II) Chloride 2-Hydrate_L022_03.JPG,L022,4de610a515f0cb123641e6c2b783640e92eb1f82489bdeb8826b5231f7eda6a6,unique-0498,test
FOR AIIC SUBMISSION/Inventory_Photos/Laboratory_Science_Supplies/L022_Copper (II) Chloride 2-Hydrate/L022_Copper (II) Chloride 2-Hydrate_L022_21.JPG,L022,411fe11188da9f162c8e3516ca0aa40a5a1a89a505fb4f83d3f4e0e08b0ae8ad,unique-0499,train
FOR AIIC SUBMISSION/Inventory_Photos/Laboratory_Science_Supplies/L022_Copper (II) Chloride 2-Hydrate/L022_Copper (II) Chloride 2-Hydrate_L022_20.JPG,L022,d0eb93db1b194178dc74eb6c1439a2101d6f899175d073e559d41e72f5ae34c9,unique-0500,train
FOR AIIC SUBMISSION/Inventory_Photos/Laboratory_Science_Supplies/L019_Safety Goggle/L019_GOGGLE_L019_30.JPG,L019,df3f0d6f53c580a82d3db4585c17c6cc496091041e7f39ad9c43443b93d88c9d,unique-0501,train
FOR AIIC SUBMISSION/Inventory_Photos/Laboratory_Science_Supplies/L015_syringes 60ml/L015_SYRINGES 60ML_L015_16.JPG,L015,fe2e2e2137bff45f8c20d981089f24b5f9093d7d9b5d74e6b3a267bab7062a16,unique-0502,train
FOR AIIC SUBMISSION/Inventory_Photos/Laboratory_Science_Supplies/L019_Safety Goggle/L019_GOGGLE_L019_20.JPG,L019,b77d6c24e777b48532498f5bff3440bc6349b54c627f6ed48dc0bda32a1e81ca,unique-0503,train
FOR AIIC SUBMISSION/Inventory_Photos/Laboratory_Science_Supplies/L018_glass rod/L018_GLASS ROD_L018_17.JPG,L018,323e4b6edd3b088120507135dd603811ba8a8f84045d9f80728fbfa29c406cdb,unique-0504,train
FOR AIIC SUBMISSION/Inventory_Photos/Laboratory_Science_Supplies/L007_pipettes 5ml/L007_PIPETTES 5ML_L007_14.JPG,L007,b0046e22613bd0b3e2aacf6e32e26ca4f59ed4a7440de9b33d2df1a7740c0766,unique-0505,train
FOR AIIC SUBMISSION/Inventory_Photos/Laboratory_Science_Supplies/L023_Hydrogen Peroxide Solution 6_/L023_HYDROGEN PEROXIDE SOLUTION 6_L023_20.JPG,L023,962a7e19e59ab71efee115032ff7be758419734db6869689318310478a0ccee2,unique-0506,train
FOR AIIC SUBMISSION/Inventory_Photos/Laboratory_Science_Supplies/L019_Safety Goggle/L019_GOGGLE_L019_19.JPG,L019,0a5cb69e25c80a7e7a4bf34ba0e41cdf9a74ab39c936196540d31f398128b74e,unique-0507,train
FOR AIIC SUBMISSION/Inventory_Photos/Laboratory_Science_Supplies/L023_Hydrogen Peroxide Solution 6_/L023_HYDROGEN PEROXIDE SOLUTION 6_L023_02.JPG,L023,de53aa0257d549b79bf0b6d80412b08fdb2d14fe2f7ab3776b540acfa740ecfc,unique-0508,validation
FOR AIIC SUBMISSION/Inventory_Photos/Laboratory_Science_Supplies/L022_Copper (II) Chloride 2-Hydrate/L022_Copper (II) Chloride 2-Hydrate_L022_14.JPG,L022,e4a9b83edae7a4a2e0ff09ff4fc48b4630abd4e72edb5cc4ac1f616ab5e57f9f,unique-0509,train
FOR AIIC SUBMISSION/Inventory_Photos/Laboratory_Science_Supplies/L007_pipettes 5ml/L007_PIPETTES 5ML_L007_23.JPG,L007,9c118ca867b2668cae08878337c8909c8db9d5611bdb931e4d0c0fecd3ab927f,unique-0510,train
FOR AIIC SUBMISSION/Inventory_Photos/Laboratory_Science_Supplies/L019_Safety Goggle/L019_GOGGLE_L019_09.JPG,L019,ec8cc3f77cdd06f556e6ba805b91d9e905c627b6f16e1384bc27503aa3edfeda,unique-0511,train
FOR AIIC SUBMISSION/Inventory_Photos/Laboratory_Science_Supplies/L007_pipettes 5ml/L007_PIPETTES 5ML_L007_28.JPG,L007,cc587fefc079663df3328eba39cb12bd0eb461ed33745129f8fed12f6895ba17,unique-0512,train
FOR AIIC SUBMISSION/Inventory_Photos/Laboratory_Science_Supplies/L017_bunsen burner/L017_BUNSEN BURNER_L017_03.JPG,L017,2490aa5a84fbb87abdf2b9c4cc380b82cf8ffdce0c7d486d94743868d83b7c07,unique-0513,train
FOR AIIC SUBMISSION/Inventory_Photos/Laboratory_Science_Supplies/L007_pipettes 5ml/L007_PIPETTES 5ML_L007_12.JPG,L007,689b0f10227d82c4c434fa84dfc8880396a03498b06bd2352ef2037f7f96cc69,unique-0514,test
FOR AIIC SUBMISSION/Inventory_Photos/Laboratory_Science_Supplies/L023_Hydrogen Peroxide Solution 6_/L023_HYDROGEN PEROXIDE SOLUTION 6_L023_11.JPG,L023,031ca398df2a5ccbd972d672bebc73c84eef3c10240553cfdfcc4f7678500ae7,unique-0515,train
FOR AIIC SUBMISSION/Inventory_Photos/Laboratory_Science_Supplies/L007_pipettes 5ml/L007_PIPETTES 5ML_L007_21.JPG,L007,3f429fb2166f23fc2d417419119aa1a71b3b43b41eedbf353967a1a4d9ff584b,unique-0516,test
FOR AIIC SUBMISSION/Inventory_Photos/Laboratory_Science_Supplies/L022_Copper (II) Chloride 2-Hydrate/L022_Copper (II) Chloride 2-Hydrate_L022_04.JPG,L022,047173a2249501d400f67da8bd3705cb3ea00824b5c0f9ec4d994f017f9e702e,unique-0517,validation
FOR AIIC SUBMISSION/Inventory_Photos/Laboratory_Science_Supplies/L007_pipettes 5ml/L007_PIPETTES 5ML_L007_06.JPG,L007,bdd75b87db6b72c64c429e46c3a60facf45025f70d89100f73edf28d71ea7e5b,unique-0518,validation
FOR AIIC SUBMISSION/Inventory_Photos/Laboratory_Science_Supplies/L022_Copper (II) Chloride 2-Hydrate/L022_Copper (II) Chloride 2-Hydrate_L022_02.JPG,L022,4c4fb11e2783767218bda9826a43101f9dba8998ac016fe4d7a4ee9e8504012c,unique-0519,train
FOR AIIC SUBMISSION/Inventory_Photos/Laboratory_Science_Supplies/L022_Copper (II) Chloride 2-Hydrate/L022_Copper (II) Chloride 2-Hydrate_L022_01.JPG,L022,6e5d181ca3a09b8fe984ecf8404640964cbb18d1a6776b7bbeeb8246da60d6c6,unique-0520,train
FOR AIIC SUBMISSION/Inventory_Photos/Laboratory_Science_Supplies/L007_pipettes 5ml/L007_PIPETTES 5ML_L007_08.JPG,L007,e28bb0bd4efae608d32c67cf0765f998cfd1bf10e7d90070a2ba77ff2947eddd,unique-0521,train
FOR AIIC SUBMISSION/Inventory_Photos/Laboratory_Science_Supplies/L022_Copper (II) Chloride 2-Hydrate/L022_Copper (II) Chloride 2-Hydrate_L022_18.JPG,L022,4e862a1b6f1684bfa279b83321f62116e2895f11093e9b3cb263d18448f6272f,unique-0522,train
FOR AIIC SUBMISSION/Inventory_Photos/Laboratory_Science_Supplies/L023_Hydrogen Peroxide Solution 6_/L023_HYDROGEN PEROXIDE SOLUTION 6_L023_17.JPG,L023,67f35c2e1783e237b836e01393c0a68cd939a59de2fa4344356f7bd155f65dcb,unique-0523,train
FOR AIIC SUBMISSION/Inventory_Photos/Laboratory_Science_Supplies/L007_pipettes 5ml/L007_PIPETTES 5ML_L007_11.JPG,L007,06e6fee29993f8a48d76ad0b3c85b891d77b7ee966ed6934de7a690e20362016,unique-0524,validation
FOR AIIC SUBMISSION/Inventory_Photos/Laboratory_Science_Supplies/L023_Hydrogen Peroxide Solution 6_/L023_HYDROGEN PEROXIDE SOLUTION 6_L023_19.JPG,L023,f88e971ea50f21c8bea73368a53017dba15d558a0fb1d2b764f3df26560f1cb2,unique-0525,train
FOR AIIC SUBMISSION/Inventory_Photos/Laboratory_Science_Supplies/L007_pipettes 5ml/L007_PIPETTES 5ML_L007_27.JPG,L007,f4267cf1e06683b83639e520fa76fa0f42250d725b09d71745fa10eca61d5e08,unique-0526,train
FOR AIIC SUBMISSION/Inventory_Photos/Laboratory_Science_Supplies/L005_conical flask 1000ML/L005_BEAKER 1000ML_L005_38.JPG,L005,f550d112c64807e6ef483e6b863ee1a3d859ebf914d993d47d9ccf2ef5e2530c,unique-0527,train
FOR AIIC SUBMISSION/Inventory_Photos/Laboratory_Science_Supplies/L023_Hydrogen Peroxide Solution 6_/L023_HYDROGEN PEROXIDE SOLUTION 6_L023_22.JPG,L023,aa046609ebaf79e838ad6ad149150e7a0648241f3bdfcc3df5b3928dac404462,unique-0528,train
FOR AIIC SUBMISSION/Inventory_Photos/Laboratory_Science_Supplies/L007_pipettes 5ml/L007_PIPETTES 5ML_L007_24.JPG,L007,7e3a8ab2773f7b163628d2ae30196d605fe78e0b90875b6303561f2bb5e920a8,unique-0529,train
FOR AIIC SUBMISSION/Inventory_Photos/Laboratory_Science_Supplies/L023_Hydrogen Peroxide Solution 6_/L023_HYDROGEN PEROXIDE SOLUTION 6_L023_12.JPG,L023,8dc8f57fe58fd858347fc01d011ab2ab0ca6a244861d9f302dc64d865e4247b9,unique-0530,train
FOR AIIC SUBMISSION/Inventory_Photos/Laboratory_Science_Supplies/L007_pipettes 5ml/L007_PIPETTES 5ML_L007_18.JPG,L007,ddaee31d50e308059c9b3c9c30b6a832ff0c8816cf4cbf54b35dd1bfc0ff546c,unique-0531,train
FOR AIIC SUBMISSION/Inventory_Photos/Laboratory_Science_Supplies/L007_pipettes 5ml/L007_PIPETTES 5ML_L007_26.JPG,L007,3a2bdefba08a76a7f13e183714410d1fde555fd39b18953b021fbda873fd15c9,unique-0532,train
FOR AIIC SUBMISSION/Inventory_Photos/Laboratory_Science_Supplies/L007_pipettes 5ml/L007_PIPETTES 5ML_L007_10.JPG,L007,16f15a9931d81a5fb1fcaa266c55c7c6fe4e472e4ac3b5c8292c79799556fb89,unique-0533,train
FOR AIIC SUBMISSION/Inventory_Photos/Laboratory_Science_Supplies/L019_Safety Goggle/L019_GOGGLE_L019_07.JPG,L019,5b147e327b36a90dfe4ade41a8285c197861f0ab9417f4d40fa39dd0afae1352,unique-0534,train
FOR AIIC SUBMISSION/Inventory_Photos/Laboratory_Science_Supplies/L007_pipettes 5ml/L007_PIPETTES 5ML_L007_22.JPG,L007,fd7feb78bc120a18c97add046ac363c05fb3613490c1b1400f935c699424eba2,unique-0535,train
FOR AIIC SUBMISSION/Inventory_Photos/Laboratory_Science_Supplies/L007_pipettes 5ml/L007_PIPETTES 5ML_L007_02.JPG,L007,6d57c8b5b28e5139597e847e442d3ed2c85d92b1a93d4670ba65014a2e9c853f,unique-0536,train
FOR AIIC SUBMISSION/Inventory_Photos/Laboratory_Science_Supplies/L005_conical flask 1000ML/L005_BEAKER 1000ML_L005_36.JPG,L005,81eee11528d5529944d921ede6ac9e2b9dde990f580ce25631b03b6d6cd0404c,unique-0537,validation
FOR AIIC SUBMISSION/Inventory_Photos/Laboratory_Science_Supplies/L007_pipettes 5ml/L007_PIPETTES 5ML_L007_17.JPG,L007,377cc4c301b18822caa93db47c026b743262ccc59cdc80e407cfcc098b5a0d61,unique-0538,test
FOR AIIC SUBMISSION/Inventory_Photos/Laboratory_Science_Supplies/L007_pipettes 5ml/L007_PIPETTES 5ML_L007_20.JPG,L007,7b8ff654a84f739ee95cdc7d87ed49b267b30e3a9112639d4e2574b93fba94fb,unique-0539,train
FOR AIIC SUBMISSION/Inventory_Photos/Laboratory_Science_Supplies/L007_pipettes 5ml/L007_PIPETTES 5ML_L007_03.JPG,L007,4c89fe4ef0e9a06957e86fe444987e74610f44f3b7e9fc3dce2b4fdd11823138,unique-0540,train
FOR AIIC SUBMISSION/Inventory_Photos/Laboratory_Science_Supplies/L017_bunsen burner/L017_BUNSEN BURNER_L017_12.JPG,L017,c55f7c32cae5d611c143e6c886059a1d1d98b04e244309aa0eca4f773d91c8a0,unique-0541,train
FOR AIIC SUBMISSION/Inventory_Photos/Laboratory_Science_Supplies/L007_pipettes 5ml/L007_PIPETTES 5ML_L007_04.JPG,L007,bc3714bb3026745a3ad685360ed182b0b8b4bc545efa450852e32c7b4c3aeb29,unique-0542,train
FOR AIIC SUBMISSION/Inventory_Photos/Laboratory_Science_Supplies/L007_pipettes 5ml/L007_PIPETTES 5ML_L007_05.JPG,L007,bfb4110529c8e0cab92babbb8ae608ec1c94bf6aa62b13b34f6b4b7550bc2376,unique-0543,train
FOR AIIC SUBMISSION/Inventory_Photos/Laboratory_Science_Supplies/L023_Hydrogen Peroxide Solution 6_/L023_HYDROGEN PEROXIDE SOLUTION 6_L023_10.JPG,L023,de65cb8d0a7ccb6427199e103bfdac6c850bf827cbf473bb7e30a7c286c9339c,unique-0544,train
FOR AIIC SUBMISSION/Inventory_Photos/Laboratory_Science_Supplies/L007_pipettes 5ml/L007_PIPETTES 5ML_L007_16.JPG,L007,f9753555f8b700b2d963e754440efaf6cf656cb253f9a1e62b38f4e91db5c29a,unique-0545,train
FOR AIIC SUBMISSION/Inventory_Photos/Laboratory_Science_Supplies/L007_pipettes 5ml/L007_PIPETTES 5ML_L007_09.JPG,L007,a53c10967d74a4dee19010ebb33f2feb1260a1abf86b1bb3863eb743d49d338f,unique-0546,train
FOR AIIC SUBMISSION/Inventory_Photos/Laboratory_Science_Supplies/L015_syringes 60ml/L015_SYRINGES 60ML_L015_19.JPG,L015,6e04e07ad1d837d9ec4dc87337a16a9dd8c2450d2a2e9245e7f097949fcfee20,unique-0547,train
FOR AIIC SUBMISSION/Inventory_Photos/Laboratory_Science_Supplies/L015_syringes 60ml/L015_SYRINGES 60ML_L015_08.JPG,L015,cd154a9b2e3ce828ceaeda65c4eb5007001adb73d521b4616a80d5909d2c4d37,unique-0548,test
FOR AIIC SUBMISSION/Inventory_Photos/Laboratory_Science_Supplies/L005_conical flask 1000ML/L005_BEAKER 1000ML_L005_39.JPG,L005,feedb70311f1376b3b967bffc110c1cbfb34fe7c4306d2b437c5856ce6deefd3,unique-0549,test
FOR AIIC SUBMISSION/Inventory_Photos/Laboratory_Science_Supplies/L005_conical flask 1000ML/L005_BEAKER 1000ML_L005_33.JPG,L005,5178a739aa98e7f4babd7ae6140ff11cdf50c148d2d41ab18e1a895c98c84020,unique-0550,train
FOR AIIC SUBMISSION/Inventory_Photos/Laboratory_Science_Supplies/L005_conical flask 1000ML/L005_BEAKER 1000ML_L005_32.JPG,L005,ace19d35faf2408ec98730235c95fbd7f20aafc1a2146b7b5b37063bde46d5b0,unique-0551,train
FOR AIIC SUBMISSION/Inventory_Photos/Laboratory_Science_Supplies/L007_pipettes 5ml/L007_PIPETTES 5ML_L007_19.JPG,L007,6c21360a84972ad0c9e449b3ff65b7eec5f20b48dc318c484f1f6eb4d051a65f,unique-0552,train
FOR AIIC SUBMISSION/Inventory_Photos/Laboratory_Science_Supplies/L005_conical flask 1000ML/L005_BEAKER 1000ML_L005_35.JPG,L005,5b10fec34e7456d5656a0c96a0974a303483d25206f27f35660046699eff8a18,unique-0553,train
FOR AIIC SUBMISSION/Inventory_Photos/Laboratory_Science_Supplies/L005_conical flask 1000ML/L005_BEAKER 1000ML_L005_14.JPG,L005,612dd944ab251468719e810f5829e82a3d9dfe3193a983b9fa3b8a8f710f7ca6,unique-0554,train
FOR AIIC SUBMISSION/Inventory_Photos/Laboratory_Science_Supplies/L005_conical flask 1000ML/L005_BEAKER 1000ML_L005_15.JPG,L005,d92d780f6b3a2dded99b9b35507a3c7f86eb1b567407a1cee1f12d19fa6dbe09,unique-0555,train
FOR AIIC SUBMISSION/Inventory_Photos/Laboratory_Science_Supplies/L005_conical flask 1000ML/L005_BEAKER 1000ML_L005_11.JPG,L005,78ec654c9d199216b570e9fd68cc2a6311394b364048b8cf48f4732a8049e7d6,unique-0556,train
FOR AIIC SUBMISSION/Inventory_Photos/Laboratory_Science_Supplies/L023_Hydrogen Peroxide Solution 6_/L023_HYDROGEN PEROXIDE SOLUTION 6_L023_08.JPG,L023,85f6afac6f8be3cb3b1d4a545cd0a80eca4dd60d1723c4365539ed520ed6210b,unique-0557,train
FOR AIIC SUBMISSION/Inventory_Photos/Laboratory_Science_Supplies/L005_conical flask 1000ML/L005_BEAKER 1000ML_L005_34.JPG,L005,7dd94c213c721615c0ce09d950e486c4d71a353a93c24cbf901557d5e71a95d1,unique-0558,train
FOR AIIC SUBMISSION/Inventory_Photos/Laboratory_Science_Supplies/L017_bunsen burner/L017_BUNSEN BURNER_L017_10.JPG,L017,f2cfe9847131218479c403e4aa8dd48f6aa42b850d5017f49326081abdc94fca,unique-0559,test
FOR AIIC SUBMISSION/Inventory_Photos/Laboratory_Science_Supplies/L005_conical flask 1000ML/L005_BEAKER 1000ML_L005_02.JPG,L005,000cc342de37d26d6fa932da1621215db8d5b8a53cb086559c43a7d978f3f33b,unique-0560,validation
FOR AIIC SUBMISSION/Inventory_Photos/Laboratory_Science_Supplies/L005_conical flask 1000ML/L005_BEAKER 1000ML_L005_18.JPG,L005,a4d79351910596cbae5dc94f6c4faa538c1428f38724fd310d1f0e01a347bd73,unique-0561,validation
FOR AIIC SUBMISSION/Inventory_Photos/Laboratory_Science_Supplies/L005_conical flask 1000ML/L005_BEAKER 1000ML_L005_24.JPG,L005,f07663a7aad5a420252745c8c6ac4cdc47b382f8c9fd4b839d3f163ab04ecdf0,unique-0562,train
FOR AIIC SUBMISSION/Inventory_Photos/Laboratory_Science_Supplies/L005_conical flask 1000ML/L005_BEAKER 1000ML_L005_09.JPG,L005,6feff0bc520211beb03cea973533cc20569eb3c710735aa11c74b95c4ede8ff8,unique-0563,train
FOR AIIC SUBMISSION/Inventory_Photos/Laboratory_Science_Supplies/L005_conical flask 1000ML/L005_BEAKER 1000ML_L005_05.JPG,L005,fc2c886151294715f4493773405bf27510a77decd1f7f9e9c3a9cffcada6b012,unique-0564,train
FOR AIIC SUBMISSION/Inventory_Photos/Laboratory_Science_Supplies/L005_conical flask 1000ML/L005_BEAKER 1000ML_L005_20.JPG,L005,2c0a461ba7d85f1216770267a9f2298f67df77f027ead4471f695a57c99a98d5,unique-0565,validation
FOR AIIC SUBMISSION/Inventory_Photos/Laboratory_Science_Supplies/L022_Copper (II) Chloride 2-Hydrate/L022_Copper (II) Chloride 2-Hydrate_L022_16.JPG,L022,a8a168b03506eded3ac03f881090df6bb445029d319572d269e94e2932d3b569,unique-0566,train
FOR AIIC SUBMISSION/Inventory_Photos/Laboratory_Science_Supplies/L005_conical flask 1000ML/L005_BEAKER 1000ML_L005_17.JPG,L005,a9c2d515646ea95262dbf3ca21127ca4b6e8779fa2f1b2a531a3011c1837fab9,unique-0567,train
FOR AIIC SUBMISSION/Inventory_Photos/Laboratory_Science_Supplies/L005_conical flask 1000ML/L005_BEAKER 1000ML_L005_29.JPG,L005,289ee753535d9408c938525be6d8418b42b31024c0807b035b27bb59c41a2114,unique-0568,train
FOR AIIC SUBMISSION/Inventory_Photos/Laboratory_Science_Supplies/L005_conical flask 1000ML/L005_BEAKER 1000ML_L005_10.JPG,L005,39f10f77b96ed5c97b71cdc5da1dd5ea6dd586e7cb76c5d7327d070eccc0f644,unique-0569,train
FOR AIIC SUBMISSION/Inventory_Photos/Stationery_Office_Supplies/S001_Pen/IMG_4179.HEIC,S001,2b1a254c557a24d196665ccb047a9ee58fe05d2c10051ff62b6935ad4f3c87ba,unique-0570,train
FOR AIIC SUBMISSION/Inventory_Photos/Laboratory_Science_Supplies/L022_Copper (II) Chloride 2-Hydrate/L022_Copper (II) Chloride 2-Hydrate_L022_08.JPG,L022,80be6be20c48b87b67fc2610b79269b3f5091721353abd8d306d4a6200d94ba0,unique-0571,test
FOR AIIC SUBMISSION/Inventory_Photos/Laboratory_Science_Supplies/L005_conical flask 1000ML/L005_CONICAL FLASK 1000ML_L005_01.JPG,L005,2f104f75cdd3bf46e7a1327c5319264970087f5b9230f7c7dd1005cbaef169b2,unique-0572,test
FOR AIIC SUBMISSION/Inventory_Photos/Stationery_Office_Supplies/S001_Pen/IMG_4183.HEIC,S001,fdaec336a96f80fad30f81c5aecd416eaa0cf4e8bc642d61605661cdb669c52c,unique-0573,train
FOR AIIC SUBMISSION/Inventory_Photos/Laboratory_Science_Supplies/L007_pipettes 5ml/L007_PIPETTES 5ML_L007_15.JPG,L007,acca4bb9f846b32711f95951f41c48ef50c2f246ed7f3a474c764e061f6cf0e2,unique-0574,train
FOR AIIC SUBMISSION/Inventory_Photos/Stationery_Office_Supplies/S001_Pen/IMG_20260810_155732.jpg,S001,df90ea962b0fc650963a863eaf27a15d86ed539252e48f897942f0ee22979083,unique-0575,validation
FOR AIIC SUBMISSION/Inventory_Photos/Laboratory_Science_Supplies/L026_universal indicator/L026_UNIVERSAL INDICATOR_L026_24.JPG,L026,566dbf87c9f790921d48590b41fc403b0bac1e68fb38f8ad5a4ccdb84e4ed5ac,unique-0576,train
FOR AIIC SUBMISSION/Inventory_Photos/Laboratory_Science_Supplies/L022_Copper (II) Chloride 2-Hydrate/L022_Copper (II) Chloride 2-Hydrate_L022_05.JPG,L022,7727bacdbe1dee073c050189a21782369e8231b1b0b9f1b0648406e40eb0f873,unique-0577,test
FOR AIIC SUBMISSION/Inventory_Photos/Laboratory_Science_Supplies/L026_universal indicator/L026_UNIVERSAL INDICATOR_L026_12.JPG,L026,60d347fc338b88f44117e1619d10db2d0a4d95f02b2c64ee3e8a4e79df192332,unique-0578,train
FOR AIIC SUBMISSION/Inventory_Photos/Laboratory_Science_Supplies/L026_universal indicator/L026_UNIVERSAL INDICATOR_L026_21.JPG,L026,e8ea105f5221de2ed9dd4e4af7dfed4d8d8c084f9ba87e4f1377deca96e849fa,unique-0579,train
FOR AIIC SUBMISSION/Inventory_Photos/Laboratory_Science_Supplies/L005_conical flask 1000ML/L005_BEAKER 1000ML_L005_30.JPG,L005,c3f263d71077182cff443973c27e552ee1b14d259807c21f5c60f64ed73ba109,unique-0580,train
FOR AIIC SUBMISSION/Inventory_Photos/Laboratory_Science_Supplies/L019_Safety Goggle/L019_GOGGLE_L019_08.JPG,L019,3b3928c1cbb5b464f73af53413e69f4781f0f802e99e867c1f5442506aba7ddd,unique-0581,test
FOR AIIC SUBMISSION/Inventory_Photos/Laboratory_Science_Supplies/L026_universal indicator/L026_UNIVERSAL INDICATOR_L026_05.JPG,L026,6e5c68a645a6268077274a9b3a4632f7be9bf29b41a7c22fff2b20ef9d8d50bf,unique-0582,validation
FOR AIIC SUBMISSION/Inventory_Photos/Stationery_Office_Supplies/S001_Pen/IMG_20260810_155715.jpg,S001,2cd593e2a996e4d4709dbca49ceb6297be59bc6fa17cd92ac51bc5a1dc9c70c8,unique-0583,train
FOR AIIC SUBMISSION/Inventory_Photos/Laboratory_Science_Supplies/L007_pipettes 5ml/L007_PIPETTES 5ML_L007_13.JPG,L007,52e77cf4e7f6e98e5fd9024c77255c47b61855211640b428ca82dc7429d36297,unique-0584,train
FOR AIIC SUBMISSION/Inventory_Photos/Laboratory_Science_Supplies/L005_conical flask 1000ML/L005_BEAKER 1000ML_L005_31.JPG,L005,fd04a38f7164ec4bb0a8e513d3e8a47bedf84ebcf753e195c36f30e7077eef50,unique-0585,validation
FOR AIIC SUBMISSION/Inventory_Photos/Laboratory_Science_Supplies/L026_universal indicator/L026_UNIVERSAL INDICATOR_L026_22.JPG,L026,3153e16d6448c1196719371ff5be114375c060b49a264991d65f343a6520f0ae,unique-0586,train
FOR AIIC SUBMISSION/Inventory_Photos/Laboratory_Science_Supplies/L005_conical flask 1000ML/L005_BEAKER 1000ML_L005_12.JPG,L005,2d626331d978e9a582cb2f2a42570945664a6c1faac2631766e4548b7ef4b484,unique-0587,train
FOR AIIC SUBMISSION/Inventory_Photos/Laboratory_Science_Supplies/L026_universal indicator/L026_UNIVERSAL INDICATOR_L026_28.JPG,L026,4de5bc2be43de83a0c36569f23865da4bbfe16a5163281787e33081bb2b7fe30,unique-0588,train
FOR AIIC SUBMISSION/Inventory_Photos/Laboratory_Science_Supplies/L005_conical flask 1000ML/L005_BEAKER 1000ML_L005_07.JPG,L005,c9902ac5fe0aa6d8ca85fce16e94fa48a67f8191b84fd4a7c4464e1fe464eed7,unique-0589,train
FOR AIIC SUBMISSION/Inventory_Photos/Stationery_Office_Supplies/S001_Pen/IMG_4180.HEIC,S001,02799400d00003ce6eac871bdb43ee31e1a009deed261e2894cefc539ff6c007,unique-0590,train
FOR AIIC SUBMISSION/Inventory_Photos/Stationery_Office_Supplies/S001_Pen/IMG_4187.HEIC,S001,730b3e13438bfcacd22420ccc57bf1de41da08dadfc2690ab5228080a8a44aa6,unique-0591,test
FOR AIIC SUBMISSION/Inventory_Photos/Laboratory_Science_Supplies/L014_syringes 10ml/L014_SYRINGES 10ML_L014_36.JPG,L014,32e62244da862530f02ee864f20a959d10f0099d6fee5e42ef43aa53256ad9e3,unique-0592,validation
FOR AIIC SUBMISSION/Inventory_Photos/Laboratory_Science_Supplies/L026_universal indicator/L026_UNIVERSAL INDICATOR_L026_16.JPG,L026,1a6d67476d28667acb7e198fc01e0c2e4e426c9ab23d6abac8732262abdc3449,unique-0593,train
FOR AIIC SUBMISSION/Inventory_Photos/Laboratory_Science_Supplies/L005_conical flask 1000ML/L005_BEAKER 1000ML_L005_08.JPG,L005,694cdb37344baabf65d574314c55b10c69b0484d333f9bb7791248b05cd8ae1e,unique-0594,train
FOR AIIC SUBMISSION/Inventory_Photos/Laboratory_Science_Supplies/L005_conical flask 1000ML/L005_BEAKER 1000ML_L005_03.JPG,L005,3f267f6443c9b80eafbc470619a8429e3aaef25c2f384e50fb3f5c0ec713f292,unique-0595,train
FOR AIIC SUBMISSION/Inventory_Photos/Laboratory_Science_Supplies/L026_universal indicator/L026_UNIVERSAL INDICATOR_L026_09.JPG,L026,04acd576f50b78f5b892d2735b369e8efbebbfe8a300e2a88a630019b069405f,unique-0596,train
FOR AIIC SUBMISSION/Inventory_Photos/Laboratory_Science_Supplies/L005_conical flask 1000ML/L005_BEAKER 1000ML_L005_25.JPG,L005,72c204ac43a3d400626af39177fb0fca50df7f3381a7f8512ffdc3ea643d3ab5,unique-0597,train
FOR AIIC SUBMISSION/Inventory_Photos/Laboratory_Science_Supplies/L014_syringes 10ml/L014_SYRINGES 10ML_L014_06.JPG,L014,6f26de6d303b73a2444d3dea74651c953a0aa0b050553e1cbaca66460d998053,dup-0023,validation
FOR AIIC SUBMISSION/Inventory_Photos/Laboratory_Science_Supplies/L007_pipettes 5ml/L007_PIPETTES 5ML_L007_01.JPG,L007,b28cc457b4a317c227c59c7b63c21cdd58415f65dd1d4f142031847a9cf522f6,unique-0599,train
FOR AIIC SUBMISSION/Inventory_Photos/Laboratory_Science_Supplies/L014_syringes 10ml/L014_SYRINGES 10ML_L014_23.JPG,L014,c4a1ecb7ab33789419c566a34548223b5527561929a5d295cfc5da7955537f7f,unique-0600,train
FOR AIIC SUBMISSION/Inventory_Photos/Stationery_Office_Supplies/S001_Pen/IMG_20260810_155202.jpg,S001,99d4947dac6304e3a4887b7f7826c9b64a3e0544043a5c8e45fad288a07276bb,unique-0601,train
FOR AIIC SUBMISSION/Inventory_Photos/Laboratory_Science_Supplies/L026_universal indicator/L026_UNIVERSAL INDICATOR_L026_13.JPG,L026,9058959c66c100630a4a63039a1cea69313eb66d11e8a398a8915b7d8e66eb07,unique-0602,train
FOR AIIC SUBMISSION/Inventory_Photos/Stationery_Office_Supplies/S001_Pen/IMG_20260810_155825.jpg,S001,2d828b7503268df7ad95a7c7ca18b242cd959956a5aa857becf83bef02b495f4,unique-0603,train
FOR AIIC SUBMISSION/Inventory_Photos/Laboratory_Science_Supplies/L026_universal indicator/L026_UNIVERSAL INDICATOR_L026_27.JPG,L026,02cb40442cac9bb90818d4b82615698719f83695dd8caad9716181c96716a629,unique-0604,test
FOR AIIC SUBMISSION/Inventory_Photos/Laboratory_Science_Supplies/L026_universal indicator/L026_UNIVERSAL INDICATOR_L026_04.JPG,L026,28a109bae1653ba8e52bfe83fb81ff6f99cbcfee0a4d24ee7ea3fe6840fb2aee,unique-0605,train
FOR AIIC SUBMISSION/Inventory_Photos/Stationery_Office_Supplies/S001_Pen/IMG_4181.HEIC,S001,20d3030e1faef12d9c4de679dd46e682a96dca39f7d04540da9b85916b1b8cb3,unique-0606,validation
FOR AIIC SUBMISSION/Inventory_Photos/Stationery_Office_Supplies/S001_Pen/IMG_4186.HEIC,S001,78468e0252fa2393359ade97f7fbfe693a819a693e829a9dfe0c0df175e274af,unique-0607,train
FOR AIIC SUBMISSION/Inventory_Photos/Laboratory_Science_Supplies/L014_syringes 10ml/L014_SYRINGES 10ML_L014_22.JPG,L014,95cfbbb8b031bef38d728b9f182fbd2b613c5960dae7e66846bb133e4456a07f,unique-0608,train
FOR AIIC SUBMISSION/Inventory_Photos/Stationery_Office_Supplies/S001_Pen/IMG_20260810_155407.jpg,S001,41fe5144532a0cfb3ba6d9da46d285405813bce1f1b10e6792a7e61f02b821fc,unique-0609,test
FOR AIIC SUBMISSION/Inventory_Photos/Laboratory_Science_Supplies/L026_universal indicator/L026_UNIVERSAL INDICATOR_L026_20.JPG,L026,d642e2344106e349f9244ccc830f28029e4caa44dc6a009846c21d7c456434b0,unique-0610,train
FOR AIIC SUBMISSION/Inventory_Photos/Laboratory_Science_Supplies/L012_gloves LN/L012_GLOVES LN_L012_15.JPG,L012,a0fd688459da337d2a72d69b787f4602c84f88cf28d70fabaaa80630b67b6fdd,unique-0611,test
FOR AIIC SUBMISSION/Inventory_Photos/Laboratory_Science_Supplies/L026_universal indicator/L026_UNIVERSAL INDICATOR_L026_08.JPG,L026,695ee2e2e99bffdc15da6e143213bc107a92cc7216548a2e90b0d402a38b0038,unique-0612,test
FOR AIIC SUBMISSION/Inventory_Photos/Stationery_Office_Supplies/S001_Pen/IMG_4190.HEIC,S001,2c0d67cbed2034ae930e9d682e741c819b099c7b53e9a71729fef97b3395cde8,unique-0613,train
FOR AIIC SUBMISSION/Inventory_Photos/Laboratory_Science_Supplies/L005_conical flask 1000ML/L005_BEAKER 1000ML_L005_28.JPG,L005,d208b6796130036f6e8c20601b81d36c1a69423c5677834bb3f4e6d8a446fed4,unique-0614,train
FOR AIIC SUBMISSION/Inventory_Photos/Laboratory_Science_Supplies/L012_gloves LN/L012_GLOVES LN_L012_19.JPG,L012,ec0497f31df1635c3c0d0ab9b1ca2a0572ae1fce8d305efb4416286579bc9247,unique-0615,train
FOR AIIC SUBMISSION/Inventory_Photos/Laboratory_Science_Supplies/L014_syringes 10ml/L014_SYRINGES 10ML_L014_07(1).JPG,L014,6f26de6d303b73a2444d3dea74651c953a0aa0b050553e1cbaca66460d998053,dup-0023,validation
FOR AIIC SUBMISSION/Inventory_Photos/Stationery_Office_Supplies/S001_Pen/IMG_20260810_155945.jpg,S001,286c0a03f5730894ebebf4df37ba16061759a82c5f7156e9464d7b86dcb7df19,unique-0617,train
FOR AIIC SUBMISSION/Inventory_Photos/Laboratory_Science_Supplies/L014_syringes 10ml/L014_SYRINGES 10ML_L014_31.JPG,L014,059f6d64f0503463ae146ae39a1b7c8d2ce7c79f39cd33708716ecb094553943,unique-0618,train
FOR AIIC SUBMISSION/Inventory_Photos/Laboratory_Science_Supplies/L014_syringes 10ml/L014_SYRINGES 10ML_L014_02.JPG,L014,bc6dec5b08efe5cdfc0d5e337c89830c025bbf991e38b7528ea27a9a21af31b2,unique-0619,validation
FOR AIIC SUBMISSION/Inventory_Photos/Stationery_Office_Supplies/S001_Pen/IMG_4191.HEIC,S001,07f8021abe6e9cb403efefacd42d3b0ba454f4e94ed4589a7e0449e339512247,unique-0620,train
FOR AIIC SUBMISSION/Inventory_Photos/Laboratory_Science_Supplies/L014_syringes 10ml/L014_SYRINGES 10ML_L014_33.JPG,L014,c86a1c4f52006d832643d3aafbf102da43872486cd4d1c309484a31bfbfa11d6,unique-0621,train
FOR AIIC SUBMISSION/Inventory_Photos/Laboratory_Science_Supplies/L005_conical flask 1000ML/L005_BEAKER 1000ML_L005_37.JPG,L005,6622d9bf04968805d24810d8c08dd161fe8ee91bc87b8ed250dfbff3dabde653,unique-0622,train
FOR AIIC SUBMISSION/Inventory_Photos/Laboratory_Science_Supplies/L014_syringes 10ml/L014_SYRINGES 10ML_L014_28.JPG,L014,56df93ad0c5edc1db3aa23826f9df5ecf005f45c0989d18dd846496aab7e1a27,unique-0623,test
FOR AIIC SUBMISSION/Inventory_Photos/Laboratory_Science_Supplies/L012_gloves LN/L012_GLOVES LN_L012_17.JPG,L012,b4744c4cad078b1ce735645bc8a3fd2b7ca3fed2abd6928ec59d600751092914,unique-0624,train
FOR AIIC SUBMISSION/Inventory_Photos/Laboratory_Science_Supplies/L005_conical flask 1000ML/L005_BEAKER 1000ML_L005_19.JPG,L005,46807ec79e4e6ead63dbce69d24aa2337873de714949c1fe3309aca4476b79af,unique-0625,train
FOR AIIC SUBMISSION/Inventory_Photos/Laboratory_Science_Supplies/L012_gloves LN/L012_GLOVES LN_L012_09.JPG,L012,d393ba419b9e706af975b3669c811b518552d051e38571e5cea2043b07797cf6,unique-0626,train
FOR AIIC SUBMISSION/Inventory_Photos/Laboratory_Science_Supplies/L014_syringes 10ml/L014_SYRINGES 10ML_L014_15.JPG,L014,6418f527a2cfc73018c8d94d4f9e69505c8f76015edff110c0ce73053343bf40,unique-0627,train
FOR AIIC SUBMISSION/Inventory_Photos/Laboratory_Science_Supplies/L014_syringes 10ml/L014_SYRINGES 10ML_L014_07.JPG,L014,a8113a53cf25745243278b569028338f9d553edd02ffb60160a9da2892d2bbbf,unique-0628,train
FOR AIIC SUBMISSION/Inventory_Photos/Laboratory_Science_Supplies/L014_syringes 10ml/L014_SYRINGES 10ML_L014_32.JPG,L014,57be36f133dc0d9449b83603f840501f94cb27c3c599da47fc17e6da220a5ac9,unique-0629,train
FOR AIIC SUBMISSION/Inventory_Photos/Laboratory_Science_Supplies/L026_universal indicator/L026_UNIVERSAL INDICATOR_L026_15.JPG,L026,704a2e491b6510d3e489e38512509d1412f3a8c2ea29292ebde7bb98a555604c,unique-0630,train
FOR AIIC SUBMISSION/Inventory_Photos/Laboratory_Science_Supplies/L014_syringes 10ml/L014_SYRINGES 10ML_L014_20.JPG,L014,e29b709e60b486572c707e04b5f0dbb9a7cf7e7768c336a267e7d6a5821c75ba,unique-0631,test
FOR AIIC SUBMISSION/Inventory_Photos/Stationery_Office_Supplies/S001_Pen/IMG_20260810_155822.jpg,S001,d1cf71f0ae983d01023865e0684bef4d6ccf63a758394de4a16f4bfb3e5e66f3,unique-0632,train
FOR AIIC SUBMISSION/Inventory_Photos/Laboratory_Science_Supplies/L026_universal indicator/L026_UNIVERSAL INDICATOR_L026_14.JPG,L026,3eb98b1685254a181c1e260374401f961610361230c25d1c0426c87eb067a2f7,unique-0633,train
FOR AIIC SUBMISSION/Inventory_Photos/Laboratory_Science_Supplies/L014_syringes 10ml/L014_SYRINGES 10ML_L014_17.JPG,L014,4ab4c145175c31e834a017d48526a08c09bc0730c74cd0d60b0840f5ee239b3e,unique-0634,train
FOR AIIC SUBMISSION/Inventory_Photos/Laboratory_Science_Supplies/L014_syringes 10ml/L014_SYRINGES 10ML_L014_16.JPG,L014,31e750f8750ce832e0f3cc554ae67c099528f2bc08c513b09ab55b27044a0432,unique-0635,train
FOR AIIC SUBMISSION/Inventory_Photos/Laboratory_Science_Supplies/L014_syringes 10ml/L014_SYRINGES 10ML_L014_03.JPG,L014,28ab2bcdf400d318df083b72edd7b24baf8f2364e64ed48ada823c1162c1939d,unique-0636,train
FOR AIIC SUBMISSION/Inventory_Photos/Laboratory_Science_Supplies/L026_universal indicator/L026_UNIVERSAL INDICATOR_L026_25.JPG,L026,b9617abe1ce4d2b805ac8a9d3b3bc01b33ad7f39ea92baef49986f7eb0889c38,unique-0637,train
FOR AIIC SUBMISSION/Inventory_Photos/Laboratory_Science_Supplies/L026_universal indicator/L026_UNIVERSAL INDICATOR_L026_01.JPG,L026,1bd0ea1f3f82613405be590da82dfd5c2c34ac1f90c8e4a7533a37f49a36db67,unique-0638,test
FOR AIIC SUBMISSION/Inventory_Photos/Laboratory_Science_Supplies/L008_pipettes 10ml/L008_PIPETTES 10ML_L008_29.JPG,L008,1500a5cedea3f0fa610c47e20b682d3e450c5402f97f970fdad67ec0d30cd33b,unique-0639,train
FOR AIIC SUBMISSION/Inventory_Photos/Laboratory_Science_Supplies/L026_universal indicator/L026_UNIVERSAL INDICATOR_L026_06.JPG,L026,fc195043d61f6c2d4965e604e8cd5fb66241b08d101a31a85865e97daeea70f4,unique-0640,test
FOR AIIC SUBMISSION/Inventory_Photos/Laboratory_Science_Supplies/L014_syringes 10ml/L014_SYRINGES 10ML_L014_10.JPG,L014,992943666383644bc59be0c4531d08ba04b687a13e6bc895c4265ba2899db5e7,unique-0641,train
FOR AIIC SUBMISSION/Inventory_Photos/Laboratory_Science_Supplies/L014_syringes 10ml/L014_SYRINGES 10ML_L014_19.JPG,L014,ee9a98902b9adfaa62f54467f0dcc38877adc751d2f2e542f77f627bc4089757,unique-0642,train
FOR AIIC SUBMISSION/Inventory_Photos/Laboratory_Science_Supplies/L012_gloves LN/L012_GLOVES LN_L012_18.JPG,L012,e1fee92a82b99841a83dc4f06241b7a6b78e8ab922d163e919a951935711553e,unique-0643,train
FOR AIIC SUBMISSION/Inventory_Photos/Laboratory_Science_Supplies/L014_syringes 10ml/L014_SYRINGES 10ML_L014_25.JPG,L014,f4629cc3d92c459ed760bdd339a99135761cdbf37b7112501ad09b97017d58d9,unique-0644,test
FOR AIIC SUBMISSION/Inventory_Photos/Laboratory_Science_Supplies/L026_universal indicator/L026_UNIVERSAL INDICATOR_L026_26.JPG,L026,64a6bd1ee7510746023f382615c987f0c1a094a07da677de94450c69d9dd2f4c,unique-0645,test
FOR AIIC SUBMISSION/Inventory_Photos/Laboratory_Science_Supplies/L012_gloves LN/L012_GLOVES LN_L012_14.JPG,L012,68a421768e362084478fbbc943a658b3a4dc80b6adad29658d76d744d568a7f0,unique-0646,test
FOR AIIC SUBMISSION/Inventory_Photos/Laboratory_Science_Supplies/L007_pipettes 5ml/L007_PIPETTES 5ML_L007_07.JPG,L007,306aae648db2044a00f7134349c98a74f12470b239d05069c783b508daa07e51,unique-0647,train
FOR AIIC SUBMISSION/Inventory_Photos/Laboratory_Science_Supplies/L026_universal indicator/L026_UNIVERSAL INDICATOR_L026_17.JPG,L026,a7c2b3b7fe1e4f1cb3228bb27b10e1dfdbd8316d4fe11e1ebe5b734eab7ab892,unique-0648,test
FOR AIIC SUBMISSION/Inventory_Photos/Laboratory_Science_Supplies/L014_syringes 10ml/L014_SYRINGES 10ML_L014_24.JPG,L014,461e598e2429b8a8ada68dd18088c9ee83156467b57d3e0f8b09edc8599ce2d5,unique-0649,train
FOR AIIC SUBMISSION/Inventory_Photos/Laboratory_Science_Supplies/L008_pipettes 10ml/L008_PIPETTES 10ML_L008_28.JPG,L008,1d7f29a068d18ddb8f363bc7c75940ee5222a9d84ffa32aac5cda69e74e5aa01,unique-0650,train
FOR AIIC SUBMISSION/Inventory_Photos/Laboratory_Science_Supplies/L026_universal indicator/L026_UNIVERSAL INDICATOR_L026_03.JPG,L026,2e8379cf03e5c74c08421b217500fc7d4628fc98e246b30f43f7308e7708ecd8,unique-0651,test
FOR AIIC SUBMISSION/Inventory_Photos/Laboratory_Science_Supplies/L005_conical flask 1000ML/L005_BEAKER 1000ML_L005_26.JPG,L005,3e732ee379efded14a09f5d975b9f3a35d337452abec3e445e6b19897518a670,unique-0652,train
FOR AIIC SUBMISSION/Inventory_Photos/Laboratory_Science_Supplies/L014_syringes 10ml/L014_SYRINGES 10ML_L014_21.JPG,L014,cc4340b4bced15ff5a8b89a97c7736073b01cd8cb204c25c719ca9a9da2cd482,unique-0653,train
FOR AIIC SUBMISSION/Inventory_Photos/Laboratory_Science_Supplies/L012_gloves LN/L012_GLOVES LN_L012_12.JPG,L012,f0bb364f577f276b40617dc3568f79e05098892a0653f6c4aa03602925948dc9,unique-0654,train
FOR AIIC SUBMISSION/Inventory_Photos/Laboratory_Science_Supplies/L012_gloves LN/L012_GLOVES LN_L012_02.JPG,L012,ec5b56d5b2e22d32dd6b8cddfa599178a07d49f9a28e2322211e737d553ffc37,unique-0655,train
FOR AIIC SUBMISSION/Inventory_Photos/Laboratory_Science_Supplies/L012_gloves LN/L012_GLOVES LN_L012_10.JPG,L012,139d5644b370c528c0d0fab801e2f6953b9c73b81317988bbc7deec8acd2e650,unique-0656,train
FOR AIIC SUBMISSION/Inventory_Photos/Laboratory_Science_Supplies/L014_syringes 10ml/L014_SYRINGES 10ML_L014_08(1).JPG,L014,4e2e895f2c62a03570918345683177cea54d6d215c155d3ddec72ea760094f1b,unique-0657,train
FOR AIIC SUBMISSION/Inventory_Photos/Laboratory_Science_Supplies/L008_pipettes 10ml/L008_PIPETTES 10ML_L008_27.JPG,L008,5f3d62f03097f5c9122e293f7eeef9e1146c04d9de210c4b5b92459f6573edf4,unique-0658,train
FOR AIIC SUBMISSION/Inventory_Photos/Laboratory_Science_Supplies/L012_gloves LN/L012_GLOVES LN_L012_11.JPG,L012,067841d4852ae83106ec98bc967eaa786ed828042ba8887d3c8a5e9dd98de756,unique-0659,train
FOR AIIC SUBMISSION/Inventory_Photos/Laboratory_Science_Supplies/L026_universal indicator/L026_UNIVERSAL INDICATOR_L026_11.JPG,L026,bab667696efc36b6a3649e83dc63e22738582ea5520598f3cd111b809d6b00f6,unique-0660,train
FOR AIIC SUBMISSION/Inventory_Photos/Laboratory_Science_Supplies/L014_syringes 10ml/L014_SYRINGES 10ML_L014_11.JPG,L014,02f0ab3c8fe94e14cc3965ce1df85cf67f31deffc0a3239a4f2662a429bc1ac0,unique-0661,validation
FOR AIIC SUBMISSION/Inventory_Photos/Laboratory_Science_Supplies/L014_syringes 10ml/L014_SYRINGES 10ML_L014_09.JPG,L014,22b5807668cf48a68c1194f93e075c86642fb03ad320468bdcb8dbde83377757,unique-0662,train
FOR AIIC SUBMISSION/Inventory_Photos/Stationery_Office_Supplies/S001_Pen/IMG_20260810_155443.jpg,S001,4fd47a66d44b0e4b8e107003300b178687ed447367c4be42b6b369c08c9c2107,unique-0663,train
FOR AIIC SUBMISSION/Inventory_Photos/Laboratory_Science_Supplies/L005_conical flask 1000ML/L005_BEAKER 1000ML_L005_21.JPG,L005,969994630be31d4d67fdb9e8389040e8deaceed5cefcca08e3d4c94b0fdf5f46,unique-0664,train
FOR AIIC SUBMISSION/Inventory_Photos/Laboratory_Science_Supplies/L008_pipettes 10ml/L008_PIPETTES 10ML_L008_34.JPG,L008,a4ad7b49bad527176b10372cdcb10140639e4e79ca24c241463d02adc6292e04,unique-0665,test
FOR AIIC SUBMISSION/Inventory_Photos/Stationery_Office_Supplies/S001_Pen/IMG_4184.HEIC,S001,39ca65a72516ed2bf2208116db5867fc4f515745cbd007b05f23193c0e1a7b36,unique-0666,train
FOR AIIC SUBMISSION/Inventory_Photos/Laboratory_Science_Supplies/L005_conical flask 1000ML/L005_BEAKER 1000ML_L005_04.JPG,L005,ab68f5126b636f615bc996a10d3895ddcd1f1dd6cd50dd3ee2c151d9af9c6a21,unique-0667,train
FOR AIIC SUBMISSION/Inventory_Photos/Laboratory_Science_Supplies/L014_syringes 10ml/L014_SYRINGES 10ML_L014_01.JPG,L014,c52f80377edb5eda1acc07e2a7b857a007a625aab4937658c70ca8b14a2c8375,unique-0668,validation
FOR AIIC SUBMISSION/Inventory_Photos/Laboratory_Science_Supplies/L012_gloves LN/L012_GLOVES LN_L012_16.JPG,L012,dd414ef824bd9f3fff93f73a7a92f0f18e3cd74dd774559d6da74582dd4c9bf3,unique-0669,train
FOR AIIC SUBMISSION/Inventory_Photos/Laboratory_Science_Supplies/L012_gloves LN/L012_GLOVES LN_L012_20.JPG,L012,ae16e3db49b33aa67129029fd4aa2a2fb6e1cdeebffe135be395d6a9fc6ef9d5,unique-0670,train
FOR AIIC SUBMISSION/Inventory_Photos/Stationery_Office_Supplies/S001_Pen/IMG_4182.HEIC,S001,ba399df94392b2dc32ef7d41b6a6bc99db6aadada2f0c7240e18e3f83ba54ac6,unique-0671,train
FOR AIIC SUBMISSION/Inventory_Photos/Laboratory_Science_Supplies/L014_syringes 10ml/L014_SYRINGES 10ML_L014_05.JPG,L014,6efadddab9ecccea4e30534458b79d6bb4f6554af92a3bac52826051b3d6574a,unique-0672,test
FOR AIIC SUBMISSION/Inventory_Photos/Laboratory_Science_Supplies/L005_conical flask 1000ML/L005_BEAKER 1000ML_L005_13.JPG,L005,b07c5a441eae91780007cded3e2f5c34125f60ccfe047f2afdfda56f63b98e3f,unique-0673,train
FOR AIIC SUBMISSION/Inventory_Photos/Laboratory_Science_Supplies/L012_gloves LN/L012_GLOVES LN_L012_03.JPG,L012,8a976267ff07001928f901063200fb3465d3baad57eb23e8012ec69e487c54d4,unique-0674,train
FOR AIIC SUBMISSION/Inventory_Photos/Laboratory_Science_Supplies/L026_universal indicator/L026_UNIVERSAL INDICATOR_L026_07.JPG,L026,5bf08c004490f97190577c456a477aa088d321458a87577aa179211cebb8b817,unique-0675,train
FOR AIIC SUBMISSION/Inventory_Photos/Stationery_Office_Supplies/S001_Pen/IMG_20260810_155514.jpg,S001,19c8cd333a71b94ad7cd8b0dfac6996ad2115af964575762e35a206ce8bee37b,unique-0676,test
FOR AIIC SUBMISSION/Inventory_Photos/Laboratory_Science_Supplies/L008_pipettes 10ml/L008_PIPETTES 10ML_L008_16(1).JPG,L008,b93462615bebe9aef601fe585bcc4c4a9a69be605a5272af1c83799dd58e1d16,unique-0677,train
FOR AIIC SUBMISSION/Inventory_Photos/Laboratory_Science_Supplies/L005_conical flask 1000ML/L005_BEAKER 1000ML_L005_27.JPG,L005,d6ff474277271a6ea0ff2e268b09ef86726bb3f62ff585c4fe696b45f4e65ff5,unique-0678,train
FOR AIIC SUBMISSION/Inventory_Photos/Laboratory_Science_Supplies/L012_gloves LN/L012_GLOVES LN_L012_04.JPG,L012,b2d42be4a21e1a272b8e48e1e3170272c04c9550a5da265d3182caf890de3d1b,unique-0679,train
FOR AIIC SUBMISSION/Inventory_Photos/Laboratory_Science_Supplies/L008_pipettes 10ml/L008_PIPETTES 10ML_L008_15.JPG,L008,e1d30e21d60d619c06ef5b490eef160e65b709a68c34cc6d91b201507b242b3b,unique-0680,train
FOR AIIC SUBMISSION/Inventory_Photos/Laboratory_Science_Supplies/L008_pipettes 10ml/L008_PIPETTES 10ML_L008_17.JPG,L008,461b0cd6c9e47b4dd3ffcb556f8f4a4c922007a80f6cd86c9484604006484466,unique-0681,validation
FOR AIIC SUBMISSION/Inventory_Photos/Laboratory_Science_Supplies/L014_syringes 10ml/L014_SYRINGES 10ML_L014_18.JPG,L014,835a6b1046971561e44cbee0d4b80ba05bef8336b25fbbef831498f3d7c85ef1,unique-0682,test
FOR AIIC SUBMISSION/Inventory_Photos/Laboratory_Science_Supplies/L008_pipettes 10ml/L008_PIPETTES 10ML_L008_32.JPG,L008,e77646ab0a64af677f4611bbacbcfcda34bea1aa84337e5837791a4f6bb55b97,unique-0683,train
FOR AIIC SUBMISSION/Inventory_Photos/Laboratory_Science_Supplies/L005_conical flask 1000ML/L005_BEAKER 1000ML_L005_06.JPG,L005,dd0b60b8ab4f5b3a1e7ba59d88564065db2758ff6a9b9123222bf47361e79294,unique-0684,validation
FOR AIIC SUBMISSION/Inventory_Photos/Laboratory_Science_Supplies/L012_gloves LN/L012_GLOVES LN_L012_08.JPG,L012,e9f713c3a3e44cdae3277d92c7d6b9cdb0fa1e9ff967297edfceacdc64984504,unique-0685,train
FOR AIIC SUBMISSION/Inventory_Photos/Laboratory_Science_Supplies/L008_pipettes 10ml/L008_PIPETTES 10ML_L008_16.JPG,L008,b7713aba597202c7ced8db4c37de62c2275cd5ee0d1530325970d08b7741ef6c,unique-0686,train
FOR AIIC SUBMISSION/Inventory_Photos/Laboratory_Science_Supplies/L008_pipettes 10ml/L008_PIPETTES 10ML_L008_14.JPG,L008,cd55b2356844871db57690beded4a3f7a6a45d2e188499164924675fd7492e2c,unique-0687,train
FOR AIIC SUBMISSION/Inventory_Photos/Laboratory_Science_Supplies/L008_pipettes 10ml/L008_PIPETTES 10ML_L008_11.JPG,L008,49bd2bea3d3910c562eefb1f1085dca6a6dd3d99cb0a203a4fa991535fc41718,unique-0688,train
FOR AIIC SUBMISSION/Inventory_Photos/Laboratory_Science_Supplies/L005_conical flask 1000ML/L005_BEAKER 1000ML_L005_16.JPG,L005,7bc9b02d28bcbabdcaf784a50407aeb52939fa960c154c3323b137b0429a0ab8,unique-0689,test
FOR AIIC SUBMISSION/Inventory_Photos/Laboratory_Science_Supplies/L008_pipettes 10ml/L008_PIPETTES 10ML_L008_08.JPG,L008,e19ae69f5e93bb4f7d7c88f4a292bebdad72c0dbc90ff355a7831cecee24653c,unique-0690,validation
FOR AIIC SUBMISSION/Inventory_Photos/Laboratory_Science_Supplies/L026_universal indicator/L026_UNIVERSAL INDICATOR_L026_10.JPG,L026,88a0de8014f8decfd220958b948092ca059eed8266600b0e72dd0f09965d55a5,unique-0691,train
FOR AIIC SUBMISSION/Inventory_Photos/Laboratory_Science_Supplies/L008_pipettes 10ml/L008_PIPETTES 10ML_L008_07.JPG,L008,5aa4c8aa57c0a00af8c27895a276792117d1b1a3f9a21229897380353d5e45b0,unique-0692,validation
FOR AIIC SUBMISSION/Inventory_Photos/Laboratory_Science_Supplies/L008_pipettes 10ml/L008_PIPETTES 10ML_L008_30.JPG,L008,f628a78069b45d81eb3bdff003418c63c01146fd7c65bf3c20a8ffda7c30b2dc,unique-0693,train
FOR AIIC SUBMISSION/Inventory_Photos/Laboratory_Science_Supplies/L008_pipettes 10ml/L008_PIPETTES 10ML_L008_06.JPG,L008,63246b372722dabe360c9472caecf46b61bfa847d4c1f6d489ffc719f3cb1ba2,unique-0694,test
FOR AIIC SUBMISSION/Inventory_Photos/Laboratory_Science_Supplies/L008_pipettes 10ml/L008_PIPETTES 10ML_L008_05.JPG,L008,9f9435445ddb087f67994b37f8ca5641832345caefab88837d81917df9541f5c,unique-0695,test
FOR AIIC SUBMISSION/Inventory_Photos/Stationery_Office_Supplies/S001_Pen/IMG_4185.HEIC,S001,65d644f6a41b040e8283b613b3dbf544ce091974b49beecd44ec721e2adfa48a,unique-0696,train
FOR AIIC SUBMISSION/Inventory_Photos/Laboratory_Science_Supplies/L024_Strontium Chloride 6-Hydrate AR/L024_STRONTIUN CHLORIDE 6-HYDRATE AR_L024_23.JPG,L024,bf4c63303453d18e599574e8ed50f4512dcde549762df86809f9ba212389ed23,unique-0697,test
FOR AIIC SUBMISSION/Inventory_Photos/Stationery_Office_Supplies/S001_Pen/IMG_4189.HEIC,S001,e7e46f09e84647f6f9913b541426c08747cbe38d31d38deede9400ddea0e5068,unique-0698,test
FOR AIIC SUBMISSION/Inventory_Photos/Laboratory_Science_Supplies/L026_universal indicator/L026_UNIVERSAL INDICATOR_L026_18.JPG,L026,76cb6ebdacec19541d824da8a8047e3258f3bfbb9feb6e9d29c5b12124c7e288,unique-0699,train
FOR AIIC SUBMISSION/Inventory_Photos/Laboratory_Science_Supplies/L008_pipettes 10ml/L008_PIPETTES 10ML_L008_21.JPG,L008,41d799b82fd6f76519d74f31e9ae4e70b05653b28be6aff61826194e23a51c5c,unique-0700,train
FOR AIIC SUBMISSION/Inventory_Photos/Laboratory_Science_Supplies/L008_pipettes 10ml/L008_PIPETTES 10ML_L008_09.JPG,L008,3dd23ae62bed20827bd3f500e71e66dce2e998314442a94e0d9f44196dcb0752,dup-0024,train
FOR AIIC SUBMISSION/Inventory_Photos/Laboratory_Science_Supplies/L026_universal indicator/L026_UNIVERSAL INDICATOR_L026_19.JPG,L026,a63f8e7009fc0247f94b663e95b4aa72ee6cdbb29b71118021f70cd9a1188e41,unique-0702,train
FOR AIIC SUBMISSION/Inventory_Photos/Stationery_Office_Supplies/S001_Pen/IMG_4188.HEIC,S001,3bc348ac1e6d3f214f3e198881467c69785e53ddadf84538b3344a1ba09d9c76,unique-0703,validation
FOR AIIC SUBMISSION/Inventory_Photos/Laboratory_Science_Supplies/L008_pipettes 10ml/L008_PIPETTES 10ML_L008_19.JPG,L008,b6f08fa5f4551dab9074b5288b6363bf3fe222a39ba3131b5aac81f75c92177b,unique-0704,train
FOR AIIC SUBMISSION/Inventory_Photos/Laboratory_Science_Supplies/L008_pipettes 10ml/L008_PIPETTES 10ML_L008_18.JPG,L008,f14ca6023030387f41ed58d5818c4ffbfafbc205cadb6d3034a8d1def0433703,unique-0705,train
FOR AIIC SUBMISSION/Inventory_Photos/Laboratory_Science_Supplies/L026_universal indicator/L026_UNIVERSAL INDICATOR_L026_23.JPG,L026,e6c63a5702f6b5a460cea22e8e082c3bacc7cf8d6461318092466e31363083b9,unique-0706,train
FOR AIIC SUBMISSION/Inventory_Photos/Laboratory_Science_Supplies/L024_Strontium Chloride 6-Hydrate AR/L024_STRONTIUN CHLORIDE 6-HYDRATE AR_L024_19.JPG,L024,6f52825a7ff86605757dfed74eb6fbc378aeef76381b01c07011954ea964b9a0,unique-0707,test
FOR AIIC SUBMISSION/Inventory_Photos/Laboratory_Science_Supplies/L012_gloves LN/L012_GLOVES LN_L012_01.JPG,L012,ae8f613c07c40336ba5b4f5d77aac5bf77d6d0a16e8d6b6589efe2eed500a770,unique-0708,test
FOR AIIC SUBMISSION/Inventory_Photos/Laboratory_Science_Supplies/L014_syringes 10ml/L014_SYRINGES 10ML_L014_30.JPG,L014,05ed80a8c5566a19046e87c76db8136cdffc7569ceb8760395292fc584994422,unique-0709,train
FOR AIIC SUBMISSION/Inventory_Photos/Laboratory_Science_Supplies/L008_pipettes 10ml/L008_PIPETTES 10ML_L008_20.JPG,L008,50f7b9fd3350ef16b83c88d20c1016613bc3e30dd4ca9e3570d59cf688c0fc61,unique-0710,test
FOR AIIC SUBMISSION/Inventory_Photos/Laboratory_Science_Supplies/L005_conical flask 1000ML/L005_BEAKER 1000ML_L005_22.JPG,L005,1c93100f7db50644e64114c477caad60e85c778ea725fb17fe195e7f6fe87e98,unique-0711,train
FOR AIIC SUBMISSION/Inventory_Photos/Laboratory_Science_Supplies/L014_syringes 10ml/L014_SYRINGES 10ML_L014_29.JPG,L014,e95e72043ff154c3a0b0ba72d3ec10c97f0ac4e48a53e13ae01429c28574eaf5,unique-0712,validation
FOR AIIC SUBMISSION/Inventory_Photos/Laboratory_Science_Supplies/L008_pipettes 10ml/L008_PIPETTES 10ML_L008_31.JPG,L008,6fbffadd92c5eaa7179350ddf748bb9d95cb57bf5f4c7c6d00567f4a4687bc5a,unique-0713,train
FOR AIIC SUBMISSION/Inventory_Photos/Laboratory_Science_Supplies/L008_pipettes 10ml/L008_PIPETTES 10ML_L008_25.JPG,L008,16017b6b66b57cc5b6e2cddd43e47b90081c64d1b0388c46905a434e7c746367,unique-0714,train
FOR AIIC SUBMISSION/Inventory_Photos/Laboratory_Science_Supplies/L026_universal indicator/L026_UNIVERSAL INDICATOR_L026_02.JPG,L026,17838f2cdfb4b5f3224ff09b476d43e9c0e2d75f444efc1fadebe564f8e1829f,unique-0715,validation
FOR AIIC SUBMISSION/Inventory_Photos/Stationery_Office_Supplies/S001_Pen/IMG_20260810_154441.jpg,S001,e7e406cba67d7d29309e779e97ac57def1a85bc2c2b9fec2df32e4a67daacff4,unique-0716,test
FOR AIIC SUBMISSION/Inventory_Photos/Laboratory_Science_Supplies/L024_Strontium Chloride 6-Hydrate AR/L024_STRONTIUN CHLORIDE 6-HYDRATE AR_L024_02.JPG,L024,a5877901d00e43930a8c8e6f1438ba9735f8193812bebc8d9ce6ea2579916634,unique-0717,train
FOR AIIC SUBMISSION/Inventory_Photos/Laboratory_Science_Supplies/L024_Strontium Chloride 6-Hydrate AR/L024_STRONTIUN CHLORIDE 6-HYDRATE AR_L024_21(1).JPG,L024,196ef468bcad34495a7b99606cc32bb6037d114f8536a2a0725a6906d06f50fe,unique-0718,test
FOR AIIC SUBMISSION/Inventory_Photos/Laboratory_Science_Supplies/L013_petri dishes/L013_PETRI DISHES_L013_22.JPG,L013,54cf917c61cf09ca0d15223b2ead7c33c07a6bafdd59afc8ee3fec216b0a9fe0,unique-0719,test
FOR AIIC SUBMISSION/Inventory_Photos/Laboratory_Science_Supplies/L024_Strontium Chloride 6-Hydrate AR/L024_STRONTIUN CHLORIDE 6-HYDRATE AR_L024_25.JPG,L024,7c212d9cf9034d61a0724c14f6fc46a85bc5b958ab8596e1eda9e9cd0b26a887,unique-0720,train
FOR AIIC SUBMISSION/Inventory_Photos/Laboratory_Science_Supplies/L024_Strontium Chloride 6-Hydrate AR/L024_STRONTIUN CHLORIDE 6-HYDRATE AR_L024_14.JPG,L024,659942c1374bf5121fabfe2beafcc753f0a8f55abded047b5042b972fa6b9426,unique-0721,train
FOR AIIC SUBMISSION/Inventory_Photos/Laboratory_Science_Supplies/L024_Strontium Chloride 6-Hydrate AR/L024_STRONTIUN CHLORIDE 6-HYDRATE AR_L024_15.JPG,L024,74528cc4514bf10ebfb050f7e981f4313904b93d5da0f0a1f4ef4552f9ca0231,unique-0722,test
FOR AIIC SUBMISSION/Inventory_Photos/Laboratory_Science_Supplies/L013_petri dishes/L013_PETRI DISHES_L013_10.JPG,L013,b02ba7e69f4411f16baef12584d874f767f8e44d3710a267602976cbd50a20b6,unique-0723,test
FOR AIIC SUBMISSION/Inventory_Photos/Laboratory_Science_Supplies/L024_Strontium Chloride 6-Hydrate AR/L024_STRONTIUN CHLORIDE 6-HYDRATE AR_L024_12.JPG,L024,654ce5c9e338a9c162852593a665becb8a11fd4c443e2b3b50cfe984ace89e1b,unique-0724,train
FOR AIIC SUBMISSION/Inventory_Photos/Laboratory_Science_Supplies/L013_petri dishes/L013_PETRI DISHES_L013_12.JPG,L013,7112b2ad64517d66a22e3862d4ad358cf9ed1c41fe19a196264688b4e3cde1df,unique-0725,test
FOR AIIC SUBMISSION/Inventory_Photos/Laboratory_Science_Supplies/L008_pipettes 10ml/L008_PIPETTES 10ML_L008_10.JPG,L008,586cd9e7c2ff8388c1cdebf973ea30c7854021f13124281021190c0d7559c991,dup-0024,train
FOR AIIC SUBMISSION/Inventory_Photos/Laboratory_Science_Supplies/L012_gloves LN/L012_GLOVES LN_L012_13.JPG,L012,066db53bb445c2db375910e521a921c3722d7a1290d7fe5251c1c2bf17d953f9,unique-0727,train
FOR AIIC SUBMISSION/Inventory_Photos/Laboratory_Science_Supplies/L014_syringes 10ml/L014_SYRINGES 10ML_L014_04.JPG,L014,6584e9d6ccd4ffdd832214ad57fc731284736901d76bc75622498dab055bfb99,unique-0728,train
FOR AIIC SUBMISSION/Inventory_Photos/Laboratory_Science_Supplies/L005_conical flask 1000ML/L005_BEAKER 1000ML_L005_23.JPG,L005,a69976e96af6d9c020e024540cd6df47f51ea25632fb50de8aa6057f52e07ce2,unique-0729,validation
FOR AIIC SUBMISSION/Inventory_Photos/Laboratory_Science_Supplies/L013_petri dishes/L013_PETRI DISHES_L013_13.JPG,L013,10452bf26b44c6e89b432fb3c0e197b3cbf8a90f34eaa98bf380551966dd31d9,unique-0730,train
FOR AIIC SUBMISSION/Inventory_Photos/Laboratory_Science_Supplies/L001_test tubes/L001_TEST TUBE_L001_11.JPG,L001,d904599699b34f8f5df3d2dcee6098891a8623e5ec648f235cd6df0d9cf6d7ae,unique-0731,train
FOR AIIC SUBMISSION/Inventory_Photos/Laboratory_Science_Supplies/L002_test tubes rack/L002_TEST TUBE RACK_L002_07.JPG,L002,f797af20ea8c93559007c7f53fcc2f1594544790ff082858a99851c5212d5593,unique-0732,train
FOR AIIC SUBMISSION/Inventory_Photos/Electronics_Robotics/E030_16×2 LCD Display/WhatsApp Image 2026-08-11 at 6.06.27 PM (2).jpeg,E030,66f7f356383073f697431e729a6b6ee6ed8ebbee84bd29cb03073d5275795aae,dup-0002,train
FOR AIIC SUBMISSION/Inventory_Photos/Electronics_Robotics/E030_16×2 LCD Display/WhatsApp Image 2026-08-11 at 6.06.26 PM (3).jpeg,E030,aa53bef6e88fa569c91acd7cc54171c3e9a0230930bb0b921054d0736a1da4f2,unique-0734,train
FOR AIIC SUBMISSION/Inventory_Photos/Electronics_Robotics/E015_Micro_bit/WhatsApp Image 2026-08-11 at 6.05.19 PM.jpeg,E015,891617825d3bad34bed7d30f98d601d87dbc689fe4bc0aadfdec361dd2794a50,unique-0735,test
FOR AIIC SUBMISSION/Inventory_Photos/Electronics_Robotics/E015_Micro_bit/WhatsApp Image 2026-08-11 at 6.05.18 PM (1).jpeg,E015,e7817343269c3027b20e25ad28facb02ff527812c898a8afbbcf5232c14a1a04,unique-0736,train
FOR AIIC SUBMISSION/Inventory_Photos/Electronics_Robotics/E028_HC-SR501 PIR Motion Sensor/WhatsApp Image 2026-08-11 at 6.06.20 PM (1).jpeg,E028,4f8e30807acd381430c2f05d67da8a3899811a90f0cd2a3f49193374959a24f7,dup-0025,train
FOR AIIC SUBMISSION/Inventory_Photos/Electronics_Robotics/E028_HC-SR501 PIR Motion Sensor/WhatsApp Image 2026-08-11 at 6.06.19 PM (1).jpeg,E028,88035971ef0a4fcfcfac6c55d9de96ea8a734ca722b50bd64a19b2b01b80b7b5,unique-0738,train
FOR AIIC SUBMISSION/Inventory_Photos/Electronics_Robotics/E024_Light Dependent Resistor (LDR)/WhatsApp Image 2026-08-11 at 6.06.18 PM (2).jpeg,E024,13d46b745cfd9126dd27f7ab9e829885752e857160cc10ea36a1af40aa0f08bd,unique-0739,validation
FOR AIIC SUBMISSION/Inventory_Photos/Electronics_Robotics/E024_Light Dependent Resistor (LDR)/WhatsApp Image 2026-08-11 at 6.06.15 PM.jpeg,E024,d0a30968bc9d8a26a4d4aa69e7258bf2cbe2efb222ced9dfa0341980a375d9a6,unique-0740,validation
FOR AIIC SUBMISSION/Inventory_Photos/Electronics_Robotics/E024_Light Dependent Resistor (LDR)/WhatsApp Image 2026-08-11 at 6.06.17 PM (3).jpeg,E024,a11bfb4c38701f90526c8c1cb220b0e5fd52f56121a1465a7b46d33cfcc6c14b,unique-0741,test
FOR AIIC SUBMISSION/Inventory_Photos/Electronics_Robotics/E028_HC-SR501 PIR Motion Sensor/WhatsApp Image 2026-08-11 at 6.06.20 PM.jpeg,E028,f40f8ad79246763f443226cf8c19407a547806a83fa086fed1f45ecd7cc201bc,unique-0742,train
FOR AIIC SUBMISSION/Inventory_Photos/Electronics_Robotics/E024_Light Dependent Resistor (LDR)/WhatsApp Image 2026-08-11 at 6.06.20 PM (1).jpeg,E024,4f8e30807acd381430c2f05d67da8a3899811a90f0cd2a3f49193374959a24f7,dup-0025,train
FOR AIIC SUBMISSION/Inventory_Photos/Electronics_Robotics/E027_Jumper Wire M-F/WhatsApp Image 2026-08-11 at 6.07.03 PM (2).jpeg,E027,4e47b09eaee6557ea627459866199ba2ec9730ae17ebb1d57a7ce655882678cb,dup-0026,train
FOR AIIC SUBMISSION/Inventory_Photos/Electronics_Robotics/E022_Rocker Switch 6pin/WhatsApp Image 2026-08-12 at 11.07.18 AM (2).jpeg,E022,ace5f23dd9a8b97f5c050d44da631f04210ff0c11a7582b562e5508a3db9a777,unique-0745,validation
FOR AIIC SUBMISSION/Inventory_Photos/Electronics_Robotics/E026_Jumper Wire M-M/WhatsApp Image 2026-08-11 at 6.07.02 PM.jpeg,E026,1392199bc9858c5db03c544926239a1d0377fbbafb7e6f0df2529f83cb2ed4a5,dup-0027,train
FOR AIIC SUBMISSION/Inventory_Photos/Electronics_Robotics/E026_Jumper Wire M-M/WhatsApp Image 2026-08-11 at 6.07.06 PM (2).jpeg,E026,1392199bc9858c5db03c544926239a1d0377fbbafb7e6f0df2529f83cb2ed4a5,dup-0027,train
FOR AIIC SUBMISSION/Inventory_Photos/Electronics_Robotics/E022_Rocker Switch 6pin/WhatsApp Image 2026-08-12 at 11.07.18 AM (3).jpeg,E022,f4d6e19c98ef5a7150204125efc963c47b11c0744417b34bb50d382102311761,unique-0748,train
FOR AIIC SUBMISSION/Inventory_Photos/Electronics_Robotics/E022_Rocker Switch 6pin/WhatsApp Image 2026-08-11 at 6.03.27 PM (1).jpeg,E022,da5683b3109439830566b19688e93f659df539f90a5b84890a9df32313c9524a,unique-0749,train
FOR AIIC SUBMISSION/Inventory_Photos/Electronics_Robotics/E016_CR2032 battery holder/WhatsApp Image 2026-08-11 at 6.05.25 PM.jpeg,E016,36546c98b6ecfbb8eef0db5105ebd0812029fae3df41dc6627a244ff92c64839,unique-0750,train
FOR AIIC SUBMISSION/Inventory_Photos/Electronics_Robotics/E016_CR2032 battery holder/WhatsApp Image 2026-08-11 at 6.05.24 PM (2).jpeg,E016,06497d5f23f51bdc774c501f74d0586a662b5604d6c2e277c2813ecda2ac3075,unique-0751,train
FOR AIIC SUBMISSION/Inventory_Photos/Electronics_Robotics/E009_DC Motor 3V/WhatsApp Image 2026-08-11 at 6.05.14 PM.jpeg,E009,a7ef606f2b2d35575656b196657b68adbce5ebb61165cf16ebb28e9dd975cf3e,unique-0752,train
FOR AIIC SUBMISSION/Inventory_Photos/Electronics_Robotics/E018_LED Red/WhatsApp Image 2026-08-12 at 10.38.01 AM (2).jpeg,E018,f3ab1acc089e020e2a9f4e7d4ffb505aa5eb8c93c2849a968581e162a24b3c8d,unique-0753,train
FOR AIIC SUBMISSION/Inventory_Photos/Electronics_Robotics/E023_Rocker Switch 2pin (Black)/WhatsApp Image 2026-08-11 at 6.03.29 PM (1).jpeg,E023,7affd5f009a4ef8fe5c65a66ab2ef3331472b2abf8bceeea5d7ced336587a055,unique-0754,train
FOR AIIC SUBMISSION/Inventory_Photos/Electronics_Robotics/E018_LED Red/WhatsApp Image 2026-08-12 at 10.37.48 AM.jpeg,E018,c9b11c7aaf81b9f1bed65be771dead2e71fcad01391bb01db306b4bc26dba213,unique-0755,train
FOR AIIC SUBMISSION/Inventory_Photos/Electronics_Robotics/E013_Sound Sensor/WhatsApp Image 2026-08-11 at 6.06.21 PM (2).jpeg,E013,3933a33378fe371edfd848c2f74b9e19bfaec60dd95acd20383bfa891effdcf6,unique-0756,train
FOR AIIC SUBMISSION/Inventory_Photos/Electronics_Robotics/E003_Motor Shield/WhatsApp Image 2026-08-11 at 6.07.11 PM.jpeg,E003,366002527e7be79b3048658eacae42c915078de6fb39af699868d0518773d393,unique-0757,train
FOR AIIC SUBMISSION/Inventory_Photos/Electronics_Robotics/E007_HC-SR04 Ultrasonic Sensor/WhatsApp Image 2026-08-11 at 6.03.31 PM.jpeg,E007,3a5012a22bbc8d2faf04ecef7ee850051ae38041ed36f18cb78af7ce0ddc4173,unique-0758,validation
FOR AIIC SUBMISSION/Inventory_Photos/Electronics_Robotics/E006_NodeMCU/WhatsApp Image 2026-08-11 at 6.05.09 PM (1).jpeg,E006,fb0f2727bf237911936c060475f930e40897c58a9da1f992440bd551983002ee,unique-0759,test
FOR AIIC SUBMISSION/Inventory_Photos/Electronics_Robotics/E006_NodeMCU/WhatsApp Image 2026-08-11 at 6.05.09 PM (3).jpeg,E006,95c96f631f03c69356f04d0908d8d6daf076ed678489481ddf31f2a8e6905075,dup-0009,train
FOR AIIC SUBMISSION/Inventory_Photos/Electronics_Robotics/E003_Motor Shield/WhatsApp Image 2026-08-11 at 6.07.12 PM.jpeg,E003,debe902a769d1ce6b99faf8e5e3b86966ef641c50f6258dd76e50c4aa2497d2c,unique-0761,train
FOR AIIC SUBMISSION/Inventory_Photos/Electronics_Robotics/E002_Arduino Nano/WhatsApp Image 2026-08-11 at 6.03.03 PM (1).jpeg,E002,92704cd227d5a21a183cf5080766734ff18df5b8b7b05b053b733747a625c594,unique-0762,train
FOR AIIC SUBMISSION/Inventory_Photos/Electronics_Robotics/E002_Arduino Nano/WhatsApp Image 2026-08-11 at 6.07.15 PM (1).jpeg,E002,721364b08982e6cfd9f85d09552fe942ab9cea8774d6ea35ef2e1a67c23963c1,unique-0763,train
FOR AIIC SUBMISSION/Inventory_Photos/Electronics_Robotics/E002_Arduino Nano/WhatsApp Image 2026-08-11 at 6.03.05 PM (2).jpeg,E002,76bb1ba6f0edb19613d22a9ff7ee491f61ebf7047f587a832d6fe666a2355db5,unique-0764,train
FOR AIIC SUBMISSION/Inventory_Photos/Craft_Materials_STEM_Kits/C010_Fabbxible PLA filament/C010_FILAMENT_C010_16.HEIC,C010,9ef401aacc22a3cc71251214cf8525445ac007cc3e0dfcfc731614a123d3b2f7,unique-0765,test
FOR AIIC SUBMISSION/Inventory_Photos/Electronics_Robotics/E001_Arduino Uno/WhatsApp Image 2026-08-12 at 11.07.17 AM.jpeg,E001,8e1f60aa3e145ce5f8ee21cf6fb3a9a3bc41d3815068bc2d2e3271772b93108d,dup-0028,test
FOR AIIC SUBMISSION/Inventory_Photos/Electronics_Robotics/E001_Arduino Uno/WhatsApp Image 2026-08-11 at 6.07.44 PM (1).jpeg,E001,eefc2aa8d17d0ca86b247c4c28e5abec5e7e042b79cae930f6b48b0eb1fcd19a,unique-0767,train
FOR AIIC SUBMISSION/Inventory_Photos/Electronics_Robotics/E001_Arduino Uno/WhatsApp Image 2026-08-12 at 11.07.18 AM (1).jpeg,E001,6e114286b61e7724a4f321c68bf3fabcfdee39fc1bad75a90882db7ef50a0064,unique-0768,train
FOR AIIC SUBMISSION/Inventory_Photos/Electronics_Robotics/E014_Lilypad Coin Cell Battery Holder/WhatsApp Image 2026-08-11 at 6.03.19 PM (1).jpeg,E014,a2249a7cbd4af6562b9683c011bfaca2e7f211115cb0dff9795ca60318aab3df,unique-0769,validation
FOR AIIC SUBMISSION/Inventory_Photos/Electronics_Robotics/E014_Lilypad Coin Cell Battery Holder/WhatsApp Image 2026-08-11 at 6.03.20 PM.jpeg,E014,3e1e50709ec8ea6263a02fd2ea2eda675a7fb70f4439dd88b9a3cdd0a79e6d70,unique-0770,validation
FOR AIIC SUBMISSION/Inventory_Photos/Electronics_Robotics/E014_Lilypad Coin Cell Battery Holder/WhatsApp Image 2026-08-11 at 6.03.17 PM (1).jpeg,E014,6ca3c13eead11de7dcd320163fab8828d0666b04c8e5279603ba5253e396c852,unique-0771,test
FOR AIIC SUBMISSION/Inventory_Photos/Electronics_Robotics/E004_Breadboard/WhatsApp Image 2026-08-12 at 11.07.17 AM.jpeg,E004,8e1f60aa3e145ce5f8ee21cf6fb3a9a3bc41d3815068bc2d2e3271772b93108d,dup-0028,test
FOR AIIC SUBMISSION/Inventory_Photos/Electronics_Robotics/E004_Breadboard/WhatsApp Image 2026-08-12 at 11.07.16 AM.jpeg,E004,57cdf3c580309db2c42091096f2a9c06f2e9fad8eab95a881ba904524b99e586,unique-0773,train
FOR AIIC SUBMISSION/Inventory_Photos/Craft_Materials_STEM_Kits/C004_needle/C004_NEEDLE_C004_14.HEIC,C004,de3a726b57103b53b97d344f4a20ffc1107ce92023f6df76a31f2324087ac57d,unique-0774,test
FOR AIIC SUBMISSION/Inventory_Photos/Tools_Equipment/T012_Mallet/IMG_7206.HEIC,T012,a6bf7600f55ebade545b97cb7fec32b35b282ccfe3a25d2d85680f63336077f9,unique-0775,train
FOR AIIC SUBMISSION/Inventory_Photos/Tools_Equipment/T004_GlueGun/IMG_4079.HEIC,T004,613ffd87c0378eb221dd4417f0c0bf1d6be34dd986ebb797377a97fef2c10397,unique-0776,test
FOR AIIC SUBMISSION/Inventory_Photos/Laboratory_Science_Supplies/L014_syringes 10ml/L014_SYRINGES 10ML_L014_34.JPG,L014,8d18bffaf3a63fa318c5fcb19684271fa4ea43f4100085b4dae9ac4ad1fc7b43,unique-0777,train
FOR AIIC SUBMISSION/Inventory_Photos/Laboratory_Science_Supplies/L008_pipettes 10ml/L008_PIPETTES 10ML_L008_35.JPG,L008,9cd23e789778dbce6a9c871589b32d84214b5b379c7ee6cf849e83028ffed484,unique-0778,test
FOR AIIC SUBMISSION/Inventory_Photos/Laboratory_Science_Supplies/L008_pipettes 10ml/L008_PIPETTES 10ML_L008_22.JPG,L008,b809eed797bff04ad6c0834ce5a8b08f94acd529b16bf82a697beea4f04e775c,unique-0779,train
FOR AIIC SUBMISSION/Inventory_Photos/Laboratory_Science_Supplies/L024_Strontium Chloride 6-Hydrate AR/L024_STRONTIUN CHLORIDE 6-HYDRATE AR_L024_01.JPG,L024,4fa861e83e10af4dffe3f5351a3c0806220a27f13bf59a74aced4fbb5b9ca815,unique-0780,validation
FOR AIIC SUBMISSION/Inventory_Photos/Laboratory_Science_Supplies/L013_petri dishes/L013_PETRI DISHES_L013_06.JPG,L013,a7ab432f1e086787cdd0dac23f7bb6af34dea4b86159092e910528a085982009,unique-0781,train
FOR AIIC SUBMISSION/Inventory_Photos/Laboratory_Science_Supplies/L013_petri dishes/L013_PETRI DISHES_L013_16.JPG,L013,2df939689b5a57b01af64b5896cfc8f3597d219b68e04e6a82568562152fbc87,unique-0782,train
FOR AIIC SUBMISSION/Inventory_Photos/Laboratory_Science_Supplies/L008_pipettes 10ml/L008_PIPETTES 10ML_L008_01.JPG,L008,2fa759aaaff40268c3a8f3a16d559b558dca4c6032eca8f55a910eeb6606596f,dup-0029,test
FOR AIIC SUBMISSION/Inventory_Photos/Laboratory_Science_Supplies/L008_pipettes 10ml/L008_PIPETTES 10ML_L008_02.JPG,L008,2fa759aaaff40268c3a8f3a16d559b558dca4c6032eca8f55a910eeb6606596f,dup-0029,test
FOR AIIC SUBMISSION/Inventory_Photos/Laboratory_Science_Supplies/L013_petri dishes/L013_PETRI DISHES_L013_15.JPG,L013,fcc6d5b10e988ffaf811dbeb81adbd95baf6a7dd0bfaae3a1c7d8f1422b276ec,unique-0785,train
FOR AIIC SUBMISSION/Inventory_Photos/Laboratory_Science_Supplies/L010_thermometer /L010_THERMOMETER_L010_07.JPG,L010,63d4ce7636d69b9b0985df91fb2c21f4836842ad80ab9670de1f93606aa31b58,unique-0786,train
FOR AIIC SUBMISSION/Inventory_Photos/Laboratory_Science_Supplies/L024_Strontium Chloride 6-Hydrate AR/L024_STRONTIUN CHLORIDE 6-HYDRATE AR_L024_16.JPG,L024,f4fa7d3791563d84f9b162e7461c270503c69180392ae6c2cede3af05800fa4d,unique-0787,train
FOR AIIC SUBMISSION/Inventory_Photos/Laboratory_Science_Supplies/L024_Strontium Chloride 6-Hydrate AR/L024_STRONTIUN CHLORIDE 6-HYDRATE AR_L024_05.JPG,L024,885de96489843e1f885ba6e403efcb55e0c724a04d19d7d512c17472fb55bbaf,unique-0788,validation
FOR AIIC SUBMISSION/Inventory_Photos/Laboratory_Science_Supplies/L010_thermometer /L010_THERMOMETER_L010_18.JPG,L010,79ff738ec8dd4e6090854f9a6c4d09acae2e38a94a8b3491ddc4b66f383774b0,unique-0789,validation
FOR AIIC SUBMISSION/Inventory_Photos/Laboratory_Science_Supplies/L004_beakers 1000ml/L004_BEAKER 1000ML_L004_11.JPG,L004,f68c0b004378a7d589effaf999b8ed8c289afa383bb5ba4f921b1e0222e4699b,unique-0790,test
FOR AIIC SUBMISSION/Inventory_Photos/Laboratory_Science_Supplies/L010_thermometer /L010_THERMOMETER_L010_16.JPG,L010,05d569a1092b3687e3737999cc404abb52d138bb16999db2b285458945f8fba2,unique-0791,train
FOR AIIC SUBMISSION/Inventory_Photos/Laboratory_Science_Supplies/L010_thermometer /L010_THERMOMETER_L010_15.JPG,L010,8ac490d1154f524daf36700d2d2254a762687af168f28ec4922f56537261d46d,unique-0792,train
FOR AIIC SUBMISSION/Inventory_Photos/Laboratory_Science_Supplies/L024_Strontium Chloride 6-Hydrate AR/L024_STRONTIUN CHLORIDE 6-HYDRATE AR_L024_09.JPG,L024,738e704676ce0451e72d31e1192c1b8bcdf6ef42c3a0088826b647e9ea462945,unique-0793,train
FOR AIIC SUBMISSION/Inventory_Photos/Laboratory_Science_Supplies/L024_Strontium Chloride 6-Hydrate AR/L024_STRONTIUN CHLORIDE 6-HYDRATE AR_L024_04.JPG,L024,81eb412bfe96607812c8136cc86edca0fdfd39bf80ee4a3ae499b1756687d82c,unique-0794,test
FOR AIIC SUBMISSION/Inventory_Photos/Laboratory_Science_Supplies/L010_thermometer /L010_THERMOMETER_L010_14.JPG,L010,d118b223112fdc4c89a09e08945ae4634bfa33e493bebed062ae930c523d8a45,unique-0795,train
FOR AIIC SUBMISSION/Inventory_Photos/Laboratory_Science_Supplies/L013_petri dishes/L013_PETRI DISHES_L013_07.JPG,L013,420e92ab6013fb3b210ccc75c6dbe86cfc7e8f933f00084ff931d402fb78def0,unique-0796,train
FOR AIIC SUBMISSION/Inventory_Photos/Laboratory_Science_Supplies/L004_beakers 1000ml/L004_BEAKER 1000ML_L004_13.JPG,L004,dde84040a04b4382f0c784a835b0c90f512e45ef922ce9d3e5834eb39e2a07c1,unique-0797,train
FOR AIIC SUBMISSION/Inventory_Photos/Laboratory_Science_Supplies/L010_thermometer /L010_THERMOMETER_L010_09.JPG,L010,256958e7c13368eba8b69e917fd2b650e91fea39b07db2c08ddd9d03f6679f68,unique-0798,train
FOR AIIC SUBMISSION/Inventory_Photos/Laboratory_Science_Supplies/L004_beakers 1000ml/L004_BEAKER 1000ML_L004_09.JPG,L004,79a42f8689da0938c5325dd4e747e20b49892b8dc7efc5e5d13dabc03931ad62,unique-0799,train
FOR AIIC SUBMISSION/Inventory_Photos/Laboratory_Science_Supplies/L004_beakers 1000ml/L004_BEAKER 1000ML_L004_05.JPG,L004,6bac2b60ad1218c1fc6f477bb51e1ae40227087c4ad8d41b9e4b15c15bdeb24d,unique-0800,train
FOR AIIC SUBMISSION/Inventory_Photos/Laboratory_Science_Supplies/L010_thermometer /L010_THERMOMETER_L010_02.JPG,L010,c8683d264280cd27df73055c17c881b5395c7ee70fe7eb4ea3fb5e0c9d0862ee,unique-0801,test
FOR AIIC SUBMISSION/Inventory_Photos/Laboratory_Science_Supplies/L004_beakers 1000ml/L004_BEAKER 1000ML_L004_14.JPG,L004,1cd0874eec73433d65b8f464d4fa860125329173d295cfdd55e97a5fc91a9554,unique-0802,train
FOR AIIC SUBMISSION/Inventory_Photos/Laboratory_Science_Supplies/L014_syringes 10ml/L014_SYRINGES 10ML_L014_26.JPG,L014,a9f6d9c87393a9874f6363608580936fd86bbb589c331d9f4884095426fe077d,unique-0803,test
FOR AIIC SUBMISSION/Inventory_Photos/Laboratory_Science_Supplies/L013_petri dishes/L013_PETRI DISHES_L013_11.JPG,L013,f78492fed952f33547f19ec22bc0934f16c882da9680710dd4a7c9eb4acfeac9,unique-0804,train
FOR AIIC SUBMISSION/Inventory_Photos/Laboratory_Science_Supplies/L014_syringes 10ml/L014_SYRINGES 10ML_L014_35.JPG,L014,93c265fa24041810e055c11f131b3b3c2365d140991623d08d90b545bbcfbc96,unique-0805,train
FOR AIIC SUBMISSION/Inventory_Photos/Laboratory_Science_Supplies/L013_petri dishes/L013_PETRI DISHES_L013_17.JPG,L013,c1136d5c84d58fd6f451c27e83cb9fb453fcc56e2b15c424224d53ab361b820a,unique-0806,train
FOR AIIC SUBMISSION/Inventory_Photos/Laboratory_Science_Supplies/L010_thermometer /L010_THERMOMETER_L010_03.JPG,L010,84609b479c9f7d08c3d01b803a2e565b44769a259bd4da1f7ab90864932e244d,unique-0807,train
FOR AIIC SUBMISSION/Inventory_Photos/Laboratory_Science_Supplies/L024_Strontium Chloride 6-Hydrate AR/L024_STRONTIUN CHLORIDE 6-HYDRATE AR_L024_24.JPG,L024,b1e557f392081ea94de4cbf9b51029985fdd45f60a55bc4e18008310c703bd75,unique-0808,train
FOR AIIC SUBMISSION/Inventory_Photos/Laboratory_Science_Supplies/L013_petri dishes/L013_PETRI DISHES_L013_04.JPG,L013,f1557f1840ec7517ca50fa009089b0f30e7013903f029fb362270bcc964a642b,unique-0809,train
FOR AIIC SUBMISSION/Inventory_Photos/Laboratory_Science_Supplies/L010_thermometer /L010_THERMOMETER_L010_06.JPG,L010,8dd5e88b35e098dc8ad5b8784a8dbbd31fd44bf8308c4dec7e3627fd1a133cb4,unique-0810,train
FOR AIIC SUBMISSION/Inventory_Photos/Laboratory_Science_Supplies/L024_Strontium Chloride 6-Hydrate AR/L024_STRONTIUN CHLORIDE 6-HYDRATE AR_L024_18.JPG,L024,efd61b06e89c564be19f3651ae974e0486fe2bda0c444ce9145efa3ea0ea7727,unique-0811,train
FOR AIIC SUBMISSION/Inventory_Photos/Laboratory_Science_Supplies/L004_beakers 1000ml/L004_BEAKER 1000ML_L004_16.JPG,L004,18d20ef4b48de1b7c24ca7adfb3bac5bdc8556d3102d096d52c3214a406e6a6f,unique-0812,train
FOR AIIC SUBMISSION/Inventory_Photos/Laboratory_Science_Supplies/L004_beakers 1000ml/L004_BEAKER 1000ML_L004_02.JPG,L004,160e010def471ea73c818e5d0c48648d630510b9153ac6b4c6e9ab60454b2010,unique-0813,train
FOR AIIC SUBMISSION/Inventory_Photos/Laboratory_Science_Supplies/L010_thermometer /L010_THERMOMETER_L010_22.JPG,L010,ced5f8842da22208147b4524a60a05dd44eb8492a159f37845c9894f7a9c76fb,dup-0030,train
FOR AIIC SUBMISSION/Inventory_Photos/Laboratory_Science_Supplies/L004_beakers 1000ml/L004_BEAKER 1000ML_L004_01.JPG,L004,ee8d70adfa2366d2cdc11df58f458a9c78f39e55571aa934d595626f6a1c0bb2,unique-0815,train
FOR AIIC SUBMISSION/Inventory_Photos/Laboratory_Science_Supplies/L008_pipettes 10ml/L008_PIPETTES 10ML_L008_33.JPG,L008,abf4189be7cdc891b792dd3503d8f5062e565b56e72afa40f879892551816350,unique-0816,train
FOR AIIC SUBMISSION/Inventory_Photos/Laboratory_Science_Supplies/L013_petri dishes/L013_PETRI DISHES_L013_14.JPG,L013,d0687b29bdfb277ae740d3352303f485b225b78c9fa78c68ab2ea72674c32a47,unique-0817,train
FOR AIIC SUBMISSION/Inventory_Photos/Laboratory_Science_Supplies/L013_petri dishes/L013_PETRI DISHES_L013_05.JPG,L013,a8a5d61d56c36b003247626daef04914899e4358231a387be780eaf44d55d868,unique-0818,train
FOR AIIC SUBMISSION/Inventory_Photos/Laboratory_Science_Supplies/L013_petri dishes/L013_PETRI DISHES_L013_01.JPG,L013,c2bab7021cc1ef724ad8494d5227e2a72c389c8a4395a22e95bd93e4f75da84e,unique-0819,train
FOR AIIC SUBMISSION/Inventory_Photos/Laboratory_Science_Supplies/L004_beakers 1000ml/L004_BEAKER 1000ML_L004_10.JPG,L004,3810efcccc1fd8850abc573c90e1ccbdc9ce215ae0dd3c41ae632e68cc6916fa,unique-0820,train
FOR AIIC SUBMISSION/Inventory_Photos/Laboratory_Science_Supplies/L024_Strontium Chloride 6-Hydrate AR/L024_STRONTIUN CHLORIDE 6-HYDRATE AR_L024_08.JPG,L024,c0e05072b8428d2c74340e1491465570577ac692404d5b656fe141dafe5a45ea,unique-0821,train
FOR AIIC SUBMISSION/Inventory_Photos/Laboratory_Science_Supplies/L009_ electric thermometer /L009_ELECTRIC THERMOMETER_L009_11.JPG,L009,94cbc56e62098962a9ed3e16e4c33d297ec216547ca63e512879f08246120c5e,unique-0822,train
FOR AIIC SUBMISSION/Inventory_Photos/Laboratory_Science_Supplies/L012_gloves LN/L012_GLOVES LN_L012_07.JPG,L012,c7997110848c3da4b1fb9d45f97297653810423ee8239397e4c861cd3e70eb25,unique-0823,validation
FOR AIIC SUBMISSION/Inventory_Photos/Laboratory_Science_Supplies/L004_beakers 1000ml/L004_BEAKER 1000ML_L004_07.JPG,L004,d3972346ce2e525ccd953a5a71ad0a10455b42946b23ccef79f74fe15f60af5f,unique-0824,test
FOR AIIC SUBMISSION/Inventory_Photos/Laboratory_Science_Supplies/L004_beakers 1000ml/L004_BEAKER 1000ML_L004_06.JPG,L004,759128129d806b9ac37f45f19387f6b1826b2ef7a43737f508a5d50d6956a92b,unique-0825,validation
FOR AIIC SUBMISSION/Inventory_Photos/Laboratory_Science_Supplies/L012_gloves LN/L012_GLOVES LN_L012_06.JPG,L012,767bf0f1c14c0ee23b2691c1fd67121dafda27f15f65748a620d3c43d0b821e4,unique-0826,train
FOR AIIC SUBMISSION/Inventory_Photos/Laboratory_Science_Supplies/L024_Strontium Chloride 6-Hydrate AR/L024_STRONTIUN CHLORIDE 6-HYDRATE AR_L024_07.JPG,L024,bd4af3d74afe0912987772ba5937f0a3180d1508882eb776da2032db578641e4,unique-0827,train
FOR AIIC SUBMISSION/Inventory_Photos/Laboratory_Science_Supplies/L009_ electric thermometer /L009_ELECTRIC THERMOMETER_L009_17.JPG,L009,7a3cf7b24a585940d309dee234f83dfc0f48dffcc82c8dd2b8c882f94113682e,unique-0828,train
FOR AIIC SUBMISSION/Inventory_Photos/Laboratory_Science_Supplies/L014_syringes 10ml/L014_SYRINGES 10ML_L014_08.JPG,L014,2360070f851affb57aeaea2e259e57ae04779da277def3eb9c59e64288076f5c,unique-0829,train
FOR AIIC SUBMISSION/Inventory_Photos/Laboratory_Science_Supplies/L010_thermometer /L010_THERMOMETER_L010_19.JPG,L010,e62ed527d28a032f713ac206676d084098a1a2fd7a47f849e64889fa1e77e71a,dup-0031,train
FOR AIIC SUBMISSION/Inventory_Photos/Laboratory_Science_Supplies/L009_ electric thermometer /L009_ELECTRIC THERMOMETER_L009_24.JPG,L009,bae7c6e263bb796e1b3387c78b3b95b780c048518f63f4de73991063bd9aeb0e,unique-0831,train
FOR AIIC SUBMISSION/Inventory_Photos/Laboratory_Science_Supplies/L010_thermometer /L010_THERMOMETER_L010_11.JPG,L010,887808d7eba9463fca65e3946b4f828e2eaaf28f148b08197f39fd80bbc90eb6,unique-0832,train
FOR AIIC SUBMISSION/Inventory_Photos/Laboratory_Science_Supplies/L012_gloves LN/L012_GLOVES LN_L012_05.JPG,L012,b03d5b7ef68f9837c4ef5f3ef1ac8e7ae1cf6f86794c1773f238dbfc5a86f955,unique-0833,train
FOR AIIC SUBMISSION/Inventory_Photos/Laboratory_Science_Supplies/L013_petri dishes/L013_PETRI DISHES_L013_02.JPG,L013,b63c1e6086b7acbe84095672be58c9fdb87f072b9c721341ebeae5e05f5b9b60,unique-0834,train
FOR AIIC SUBMISSION/Inventory_Photos/Laboratory_Science_Supplies/L009_ electric thermometer /L009_ELECTRIC THERMOMETER_L009_21.JPG,L009,7bbdae689e482a51677ea43b90244bb32bfe09e3d8e7d22acfd75a38d8c0ec77,unique-0835,validation
FOR AIIC SUBMISSION/Inventory_Photos/Laboratory_Science_Supplies/L009_ electric thermometer /L009_ELECTRIC THERMOMETER_L009_06.JPG,L009,4f22650564116776a4cbbcf83620754e14822c49659d23b365590f83602f4e7b,unique-0836,train
FOR AIIC SUBMISSION/Inventory_Photos/Laboratory_Science_Supplies/L009_ electric thermometer /L009_ELECTRIC THERMOMETER_L009_13.JPG,L009,4e463511ac13f1e8ff69b94c02617a5a49a8e1fca5307b091e6df301539f974a,unique-0837,train
FOR AIIC SUBMISSION/Inventory_Photos/Laboratory_Science_Supplies/L011_gloves/L011_GLOVES_L011_31.JPG,L011,4884274f2c0bb5374413eff63981024c427c6cf76901430ead389cab9f323bca,unique-0838,train
FOR AIIC SUBMISSION/Inventory_Photos/Laboratory_Science_Supplies/L004_beakers 1000ml/L004_BEAKER 1000ML_L004_03.JPG,L004,200dcdcd11d353d46a013e64f8c95a0e555ce2a6f804f7ce3a18346fbd871f5f,unique-0839,train
FOR AIIC SUBMISSION/Inventory_Photos/Laboratory_Science_Supplies/L009_ electric thermometer /L009_ELECTRIC THERMOMETER_L009_07.JPG,L009,bf45e594ebf60aa3743047d3919753dfb1a6664b7b53963fdf59be6fcbf1f1f8,unique-0840,train
FOR AIIC SUBMISSION/Inventory_Photos/Laboratory_Science_Supplies/L008_pipettes 10ml/L008_PIPETTES 10ML_L008_26.JPG,L008,da3b6ae623768726fa4dc4878c443fe886a094da9cf4d8173d5917591f2af93b,unique-0841,test
FOR AIIC SUBMISSION/Inventory_Photos/Laboratory_Science_Supplies/L009_ electric thermometer /L009_ELECTRIC THERMOMETER_L009_05.JPG,L009,71b99b396a0b40941c10fddcab0d53be1143b0a1502466442d8aa69a1d017677,unique-0842,train
FOR AIIC SUBMISSION/Inventory_Photos/Laboratory_Science_Supplies/L009_ electric thermometer /L009_ELECTRIC THERMOMETER_L009_19.JPG,L009,40b4bd5b62a974dc229aa04851128edb0c81e91fe1619579f7b8dba61e7b4098,unique-0843,validation
FOR AIIC SUBMISSION/Inventory_Photos/Laboratory_Science_Supplies/L008_pipettes 10ml/L008_PIPETTES 10ML_L008_12.JPG,L008,76558662c88ef56cf4903581e959a6c0a32b0396f451847d8057c18edf77346b,unique-0844,train
FOR AIIC SUBMISSION/Inventory_Photos/Laboratory_Science_Supplies/L004_beakers 1000ml/L004_BEAKER 1000ML_L004_17.JPG,L004,4b5335992d387a7a0cf921d512e3f4134143cb38e678c71f74fbeebd7e1acb2c,unique-0845,test
FOR AIIC SUBMISSION/Inventory_Photos/Laboratory_Science_Supplies/L013_petri dishes/L013_PETRI DISHES_L013_21.JPG,L013,04aae45292ac5ea7e9f691b86fa2f0d98ce0444df693b74ed0dabcb8303b0fb3,unique-0846,validation
FOR AIIC SUBMISSION/Inventory_Photos/Laboratory_Science_Supplies/L009_ electric thermometer /L009_ELECTRIC THERMOMETER_L009_16.JPG,L009,e71bc3e3e303384a516aaf38814724ecf79793be295a21f6c192381b45119668,unique-0847,train
FOR AIIC SUBMISSION/Inventory_Photos/Laboratory_Science_Supplies/L009_ electric thermometer /L009_ELECTRIC THERMOMETER_L009_14.JPG,L009,23631a960ac048188e515a1944d5189bcc4e57c128084d96219b16cc74484cd7,unique-0848,test
FOR AIIC SUBMISSION/Inventory_Photos/Laboratory_Science_Supplies/L014_syringes 10ml/L014_SYRINGES 10ML_L014_27.JPG,L014,23736de5d74feb749bb0b145324e454645985d59466f297b23a262d7849193e5,unique-0849,train
FOR AIIC SUBMISSION/Inventory_Photos/Laboratory_Science_Supplies/L010_thermometer /L010_THERMOMETER_L010_13.JPG,L010,9fdb1681d8cb9f0072850cdf736a855ce5b97138efa59bd618b63c47d873e201,unique-0850,test
FOR AIIC SUBMISSION/Inventory_Photos/Laboratory_Science_Supplies/L004_beakers 1000ml/L004_BEAKER 1000ML_L004_04.JPG,L004,907e100cffce4249d8657a4ba60ffe78063ff458059f7c938398eebec2af2de1,unique-0851,train
FOR AIIC SUBMISSION/Inventory_Photos/Laboratory_Science_Supplies/L009_ electric thermometer /L009_ELECTRIC THERMOMETER_L009_01.JPG,L009,9528c1380eb089bbb5997045010bd17a126b3436b67054d015258d9a26847371,unique-0852,train
FOR AIIC SUBMISSION/Inventory_Photos/Laboratory_Science_Supplies/L009_ electric thermometer /L009_ELECTRIC THERMOMETER_L009_20.JPG,L009,bb6cc3e1824898741c999b014bca0f42da6cd55debea19f367a2ceac3825417e,unique-0853,validation
FOR AIIC SUBMISSION/Inventory_Photos/Laboratory_Science_Supplies/L011_gloves/L011_GLOVES_L011_21.JPG,L011,d85ef04ffeee741503334f0bc72a28490e67e5159491615ecb4f5698ebb9cbb4,unique-0854,train
FOR AIIC SUBMISSION/Inventory_Photos/Laboratory_Science_Supplies/L011_gloves/L011_GLOVES_L011_33.JPG,L011,8630efc994825abe560eb932ed08db964b698347a664e8026260bc60acff4ce0,unique-0855,train
FOR AIIC SUBMISSION/Inventory_Photos/Laboratory_Science_Supplies/L009_ electric thermometer /L009_ELECTRIC THERMOMETER_L009_04.JPG,L009,65f2495ad0fd4aa9278131d1f4e6c220fbdbd03bcd4965873cd318e5da9b6c08,unique-0856,test
FOR AIIC SUBMISSION/Inventory_Photos/Laboratory_Science_Supplies/L024_Strontium Chloride 6-Hydrate AR/L024_STRONTIUN CHLORIDE 6-HYDRATE AR_L024_11.JPG,L024,8b7eab7b130d609c64bce5a16dacf9079d8c0c43d5643a930793a2fa02fb7c83,unique-0857,train
FOR AIIC SUBMISSION/Inventory_Photos/Laboratory_Science_Supplies/L011_gloves/L011_GLOVES_L011_27.JPG,L011,abe9e7fabf07cc84abb0d295c72718bcf7065c46770471406d0ddeaa813a21b7,unique-0858,train
FOR AIIC SUBMISSION/Inventory_Photos/Laboratory_Science_Supplies/L008_pipettes 10ml/L008_PIPETTES 10ML_L008_04.JPG,L008,e669a20df7fa1e8b3e8fdeffb335be662962d30be2bb285f13c7a69b6fdd5286,unique-0859,train
FOR AIIC SUBMISSION/Inventory_Photos/Laboratory_Science_Supplies/L009_ electric thermometer /L009_ELECTRIC THERMOMETER_L009_09.JPG,L009,9cd54a62c5569f398695bb0c00db863e4ce62160a61acfc574007e81ba630104,unique-0860,train
FOR AIIC SUBMISSION/Inventory_Photos/Laboratory_Science_Supplies/L024_Strontium Chloride 6-Hydrate AR/L024_STRONTIUN CHLORIDE 6-HYDRATE AR_L024_22.JPG,L024,35de73d69001e7e4b70467811ac938b2dfaad6d84623a6198c8ffed30e9c222a,unique-0861,train
FOR AIIC SUBMISSION/Inventory_Photos/Laboratory_Science_Supplies/L009_ electric thermometer /L009_ELECTRIC THERMOMETER_L009_15.JPG,L009,8169083e1566be058a8efaba9b681998a9ef9e3e63372519b453f63f8c9413cf,unique-0862,test
FOR AIIC SUBMISSION/Inventory_Photos/Laboratory_Science_Supplies/L010_thermometer /L010_THERMOMETER_L010_12.JPG,L010,c94ca34d59c14620cce856760c2979af26e124fa7a5701c3911be2c4afc3fdbc,unique-0863,test
FOR AIIC SUBMISSION/Inventory_Photos/Laboratory_Science_Supplies/L009_ electric thermometer /L009_ELECTRIC THERMOMETER_L009_02.JPG,L009,e99d0b5620133ef1289e748f314675a957082ec31977d8a96a4aa8a4a95a0ab0,unique-0864,test
FOR AIIC SUBMISSION/Inventory_Photos/Laboratory_Science_Supplies/L011_gloves/L011_GLOVES_L011_35.JPG,L011,73910a574c9ae02cc075ea92877d4cd7b9ba21599eb8282412e862764efc2e21,unique-0865,train
FOR AIIC SUBMISSION/Inventory_Photos/Laboratory_Science_Supplies/L011_gloves/L011_GLOVES_L011_25.JPG,L011,4157ff01aa60edb3d9fecdebcd3b713489e9a88d0662bbd4d1345e1a90118b41,unique-0866,train
FOR AIIC SUBMISSION/Inventory_Photos/Laboratory_Science_Supplies/L010_thermometer /L010_THERMOMETER_L010_05.JPG,L010,9fb125eee4e09919c4d1cc2368175f45502c3761cbfa566fea47ab2b558b7c9e,unique-0867,train
FOR AIIC SUBMISSION/Inventory_Photos/Laboratory_Science_Supplies/L009_ electric thermometer /L009_ELECTRIC THERMOMETER_L009_27.JPG,L009,9a4eb50d92348442b7ffbb531b3212a8dbb053fee144826df6464afa41aaf323,unique-0868,train
FOR AIIC SUBMISSION/Inventory_Photos/Laboratory_Science_Supplies/L009_ electric thermometer /L009_ELECTRIC THERMOMETER_L009_18.JPG,L009,c606dedb49b249e88dbcaf1f0017e452120fdb38e05b79826bc9d57a4ff2f9e7,unique-0869,train
FOR AIIC SUBMISSION/Inventory_Photos/Laboratory_Science_Supplies/L013_petri dishes/L013_PETRI DISHES_L013_19.JPG,L013,bc8a6fd17e49761bf5e4d2c3336c0ce739c36c5430aa9a28a5585f6eb60bc5a8,unique-0870,train
FOR AIIC SUBMISSION/Inventory_Photos/Laboratory_Science_Supplies/L024_Strontium Chloride 6-Hydrate AR/L024_STRONTIUN CHLORIDE 6-HYDRATE AR_L024_17.JPG,L024,65a692f4d919b90a9bceb9eaf86e959b5d1d3bbee78ed66bcc2757a6e68e805f,unique-0871,test
FOR AIIC SUBMISSION/Inventory_Photos/Laboratory_Science_Supplies/L011_gloves/L011_GLOVES_L011_15.JPG,L011,2211657615dd3491c8d3e7313a1a5a15d5b4fab30eeaaa2f9f6d2a1f269916c9,unique-0872,train
FOR AIIC SUBMISSION/Inventory_Photos/Laboratory_Science_Supplies/L011_gloves/L011_GLOVES_L011_13.JPG,L011,cdcffe11369fae6246050633d94a0bb11410dd784e04e5fb36c3ec49e7a181c7,unique-0873,train
FOR AIIC SUBMISSION/Inventory_Photos/Laboratory_Science_Supplies/L011_gloves/L011_GLOVES_L011_18.JPG,L011,ba91160c96712f22a73555cef97dec464de0695181ce0875d5cf35afbb16075e,unique-0874,train
FOR AIIC SUBMISSION/Inventory_Photos/Laboratory_Science_Supplies/L011_gloves/L011_GLOVES_L011_14.JPG,L011,231f0cb753e60807570d0d823b791a5080983187e30513175fb885b51b9d171d,unique-0875,train
FOR AIIC SUBMISSION/Inventory_Photos/Laboratory_Science_Supplies/L011_gloves/L011_GLOVES_L011_26.JPG,L011,c9a4901693527cfe326e008fa17ac2952162710ac872c39434b482962a50e129,unique-0876,train
FOR AIIC SUBMISSION/Inventory_Photos/Laboratory_Science_Supplies/L011_gloves/L011_GLOVES_L011_16.JPG,L011,bd073e5d732d430e61b5e8d477fd0677a0fd38dc968bec027d5fb28f0915200a,unique-0877,validation
FOR AIIC SUBMISSION/Inventory_Photos/Laboratory_Science_Supplies/L011_gloves/L011_GLOVES_L011_38.JPG,L011,e2a16cef06ead7a55bde52215bbdfb23ff48e01c3221e4d214f9e49070ecb6fa,unique-0878,train
FOR AIIC SUBMISSION/Inventory_Photos/Laboratory_Science_Supplies/L009_ electric thermometer /L009_ELECTRIC THERMOMETER_L009_03.JPG,L009,a0fb22da36d13251860ebebae2227c6f5b8981881e426f97f1ef5d1ad8291c05,unique-0879,validation
FOR AIIC SUBMISSION/Inventory_Photos/Laboratory_Science_Supplies/L013_petri dishes/L013_PETRI DISHES_L013_08.JPG,L013,9b535f051604de2c28004e3c48693204c5df6197e2efffd55b69c17c52cd067b,unique-0880,train
FOR AIIC SUBMISSION/Inventory_Photos/Laboratory_Science_Supplies/L009_ electric thermometer /L009_ELECTRIC THERMOMETER_L009_10.JPG,L009,c8c747bb2b50f5f13acb54818f5ea42a926e645a22e60ef868a09f9145111ff9,unique-0881,train
FOR AIIC SUBMISSION/Inventory_Photos/Laboratory_Science_Supplies/L008_pipettes 10ml/L008_PIPETTES 10ML_L008_13.JPG,L008,f402663a9b3baf3026f92235482600d5a13dea4830003b7d9aca485a6055f434,unique-0882,train
FOR AIIC SUBMISSION/Inventory_Photos/Laboratory_Science_Supplies/L011_gloves/L011_GLOVES_L011_08.JPG,L011,d9c11bfb6c0c0a7eb2171136be67b2cdcbde01d13c57ccca6cc8ef353733585f,unique-0883,train
FOR AIIC SUBMISSION/Inventory_Photos/Laboratory_Science_Supplies/L011_gloves/L011_GLOVES_L011_30.JPG,L011,cf07a61fc28fe24b95c31c3c6a406b8704730d903711d69088016b7cbfe7afd9,unique-0884,train
FOR AIIC SUBMISSION/Inventory_Photos/Laboratory_Science_Supplies/L004_beakers 1000ml/L004_BEAKER 1000ML_L004_08.JPG,L004,72ec91919d11bdea4e90995f5192b97e2a722510d7fc409eafcfc8234a5cc33c,unique-0885,train
FOR AIIC SUBMISSION/Inventory_Photos/Laboratory_Science_Supplies/L009_ electric thermometer /L009_ELECTRIC THERMOMETER_L009_26.JPG,L009,a295de5016b7a6197e9307c755f5bb5332f2cd26732069445893da6f8ad0aa98,unique-0886,test
FOR AIIC SUBMISSION/Inventory_Photos/Laboratory_Science_Supplies/L009_ electric thermometer /L009_ELECTRIC THERMOMETER_L009_22.JPG,L009,1dcad2b4f4b95ed4b76e74ad21425b27e0f00d5f4c95aa97ead7f1bac8b92de9,unique-0887,train
FOR AIIC SUBMISSION/Inventory_Photos/Laboratory_Science_Supplies/L024_Strontium Chloride 6-Hydrate AR/L024_STRONTIUN CHLORIDE 6-HYDRATE AR_L024_21.JPG,L024,e93e30f3b19d09ff5f7597ced1357a4cbcfda3f8596b6769985b9ac770635c4d,unique-0888,test
FOR AIIC SUBMISSION/Inventory_Photos/Laboratory_Science_Supplies/L011_gloves/L011_GLOVES_L011_36.JPG,L011,f08649a9c2f6fb48b91ab95fee7804ebc84d741e041f34bf59e062595c33c292,unique-0889,train
FOR AIIC SUBMISSION/Inventory_Photos/Laboratory_Science_Supplies/L011_gloves/L011_GLOVES_L011_28.JPG,L011,884b031a56292d00a8362aa068b7e3de6e790cb8b11fcfb22d5917c266f4c499,unique-0890,test
FOR AIIC SUBMISSION/Inventory_Photos/Laboratory_Science_Supplies/L008_pipettes 10ml/L008_PIPETTES 10ML_L008_23.JPG,L008,60a859d8cc6da744d7065a2389188e949d66cf8cae4b567b5dc97430ca6e88aa,unique-0891,train
FOR AIIC SUBMISSION/Inventory_Photos/Laboratory_Science_Supplies/L011_gloves/L011_GLOVES_L011_09.JPG,L011,afbc3800e91d246aae3d1291cb55a454d6b0f7c6f16b80b647fc64f609b07670,unique-0892,train
FOR AIIC SUBMISSION/Inventory_Photos/Laboratory_Science_Supplies/L008_pipettes 10ml/L008_PIPETTES 10ML_L008_03.JPG,L008,0e9ec9baa942709deb9a67810c890dfe442c1ec0c6415a67939393785b38c42b,unique-0893,train
FOR AIIC SUBMISSION/Inventory_Photos/Laboratory_Science_Supplies/L011_gloves/L011_GLOVES_L011_22.JPG,L011,df811f50137d54c5c06309546c985df4f758ac1405b8c848050e806c2f15b19f,unique-0894,train
FOR AIIC SUBMISSION/Inventory_Photos/Laboratory_Science_Supplies/L024_Strontium Chloride 6-Hydrate AR/L024_STRONTIUN CHLORIDE 6-HYDRATE AR_L024_10.JPG,L024,5f77e6af9b6fcdde87ef04a6f5aaa77b8db499ac1bd7210779c4feec4547d435,unique-0895,train
FOR AIIC SUBMISSION/Inventory_Photos/Laboratory_Science_Supplies/L011_gloves/L011_GLOVES_L011_19.JPG,L011,f67b7026ea48c78267d1ff47874e5c5ec176ee831bc5f46eb88e0c8f9152581e,unique-0896,train
FOR AIIC SUBMISSION/Inventory_Photos/Laboratory_Science_Supplies/L010_thermometer /L010_THERMOMETER_L010_21.JPG,L010,ced5f8842da22208147b4524a60a05dd44eb8492a159f37845c9894f7a9c76fb,dup-0030,train
FOR AIIC SUBMISSION/Inventory_Photos/Laboratory_Science_Supplies/L013_petri dishes/L013_PETRI DISHES_L013_20.JPG,L013,e6c7b8b655ebdbae3c46b27059d0806af07c49a8bc36db8188d8e4eb1b7927b6,unique-0898,train
FOR AIIC SUBMISSION/Inventory_Photos/Laboratory_Science_Supplies/L010_thermometer /L010_THERMOMETER_L010_17.JPG,L010,95267323776adc8c7375ed45dad728bcdb5bf0dd6336ead9ca431ed55ac438db,unique-0899,train
FOR AIIC SUBMISSION/Inventory_Photos/Laboratory_Science_Supplies/L008_pipettes 10ml/L008_PIPETTES 10ML_L008_24.JPG,L008,8157162e83f67cfaecae078c3fc0063cf4b6729bec151cd7d5c48ec3e794c685,unique-0900,train
FOR AIIC SUBMISSION/Inventory_Photos/Laboratory_Science_Supplies/L001_test tubes/L001_TEST TUBE_L001_10.JPG,L001,fdd4c29235ab651bfc2dd5a81e1b9641591798e525057bda9979f3bd0e8f8bd4,unique-0901,validation
FOR AIIC SUBMISSION/Inventory_Photos/Laboratory_Science_Supplies/L011_gloves/L011_GLOVES_L011_03.JPG,L011,667809a6390d55f45611e06157dc15cb867e208a637eb5156f808e9da007134d,unique-0902,train
FOR AIIC SUBMISSION/Inventory_Photos/Laboratory_Science_Supplies/L011_gloves/L011_GLOVES_L011_32.JPG,L011,7ddaeb18a8d1a4c2e310e61682c109e04712f8b1d98759efd349073a3116bce6,unique-0903,train
FOR AIIC SUBMISSION/Inventory_Photos/Laboratory_Science_Supplies/L009_ electric thermometer /L009_ELECTRIC THERMOMETER_L009_12.JPG,L009,ccc06ef3c1536caae8068e4dc90c23abdafebbd2656544e9925cec19ae7ff839,unique-0904,train
FOR AIIC SUBMISSION/Inventory_Photos/Laboratory_Science_Supplies/L001_test tubes/L001_TEST TUBE_L001_04.JPG,L001,ee81cd262ac91e3629d3832ed5c13d22a05efbd8331ca1c851a89d6360b51e6e,unique-0905,train
FOR AIIC SUBMISSION/Inventory_Photos/Laboratory_Science_Supplies/L013_petri dishes/L013_PETRI DISHES_L013_03.JPG,L013,4b9ebfe94afc7f7ee774ab38a15ade253f95ca38b44b56a4822e39a99d6237de,unique-0906,validation
FOR AIIC SUBMISSION/Inventory_Photos/Laboratory_Science_Supplies/L010_thermometer /L010_THERMOMETER_L010_20.JPG,L010,e62ed527d28a032f713ac206676d084098a1a2fd7a47f849e64889fa1e77e71a,dup-0031,train
FOR AIIC SUBMISSION/Inventory_Photos/Laboratory_Science_Supplies/L013_petri dishes/L013_PETRI DISHES_L013_18.JPG,L013,9d12d110c5ec2985e6e7f872874faaaf2c01dcad6943b898fdca3e63b62c5a0d,unique-0908,train
FOR AIIC SUBMISSION/Inventory_Photos/Laboratory_Science_Supplies/L011_gloves/L011_GLOVES_L011_20.JPG,L011,edecf196a8c5daa5cf191c0db265cd5fd4095a19f1afe7d427da272630637c53,unique-0909,train
FOR AIIC SUBMISSION/Inventory_Photos/Laboratory_Science_Supplies/L001_test tubes/L001_TEST TUBE_L001_15.JPG,L001,2407c122c4c3d26473f86389a2a592310fa66e3fdf6e5ea9fa2003464c13da69,unique-0910,train
FOR AIIC SUBMISSION/Inventory_Photos/Laboratory_Science_Supplies/L002_test tubes rack/L002_TEST TUBE RACK_L002_32.JPG,L002,1309698ad8ffa064fe44c59f8b01002bf221a5979cccff916defc17cdb5f24c1,unique-0911,train
FOR AIIC SUBMISSION/Inventory_Photos/Laboratory_Science_Supplies/L013_petri dishes/L013_PETRI DISHES_L013_09.JPG,L013,a9a5e7b33f720c133e0c1bb2e91a1f3408c4d46020ce855cdb7ca68ec6f58270,unique-0912,train
FOR AIIC SUBMISSION/Inventory_Photos/Laboratory_Science_Supplies/L002_test tubes rack/L002_TEST TUBE RACK_L002_39.JPG,L002,b28c96ac38e24056fe5ab64b4144c150e3a2dae49f02de1dd7e915d84c7c3e3c,unique-0913,train
FOR AIIC SUBMISSION/Inventory_Photos/Laboratory_Science_Supplies/L001_test tubes/L001_TEST TUBE_L001_14.JPG,L001,60439b299691e391393e23b6c7d0f8f96559b0e76e5957bc455727ae2f2e007d,unique-0914,validation
FOR AIIC SUBMISSION/Inventory_Photos/Laboratory_Science_Supplies/L001_test tubes/L001_TEST TUBE_L001_20.JPG,L001,0743918c8f4c3a59390c0b9bc90823d8d5ef14454e2dfa51e43bbaa3824f753e,unique-0915,train
FOR AIIC SUBMISSION/Inventory_Photos/Laboratory_Science_Supplies/L001_test tubes/L001_TEST TUBE_L001_13.JPG,L001,7b5d9da3a902e11e82fe777b713d09b5d95318666bcf346ba2362a7834337579,unique-0916,train
FOR AIIC SUBMISSION/Inventory_Photos/Laboratory_Science_Supplies/L001_test tubes/L001_TEST TUBE_L001_24.JPG,L001,cdd79b8f9fc8f6dd18ab681e7ee2d96b83428a6168a7b5c64108acda3c4a67f6,unique-0917,train
FOR AIIC SUBMISSION/Inventory_Photos/Laboratory_Science_Supplies/L002_test tubes rack/L002_TEST TUBE RACK_L002_34.JPG,L002,a98843aa10f12fd15526866cef6b6e9e69f26ae1545b6e5f28c0bf5bddaf9cda,unique-0918,train
FOR AIIC SUBMISSION/Inventory_Photos/Laboratory_Science_Supplies/L011_gloves/L011_GLOVES_L011_04.JPG,L011,bd7837cd0a8c944b04207d840f78900a036de86cd6e4894c6135d76d2f47c9a3,unique-0919,train
FOR AIIC SUBMISSION/Inventory_Photos/Laboratory_Science_Supplies/L010_thermometer /L010_THERMOMETER_L010_04.JPG,L010,b3fcad51ff4df841a011853aff33fe2df81327d12b06c7ec828d112421427e5e,unique-0920,test
FOR AIIC SUBMISSION/Inventory_Photos/Laboratory_Science_Supplies/L024_Strontium Chloride 6-Hydrate AR/L024_STRONTIUN CHLORIDE 6-HYDRATE AR_L024_06.JPG,L024,bbbc7a4bbb9d2e298be51f009c08d90e6bb48d327ed18e4fa67ac475c69341ac,unique-0921,train
FOR AIIC SUBMISSION/Inventory_Photos/Laboratory_Science_Supplies/L001_test tubes/L001_TEST TUBE_L001_05.JPG,L001,fea336e16ce92d5a7f13da525dbcd6188b174a71e316b91166bb35c06e1e2099,unique-0922,test
FOR AIIC SUBMISSION/Inventory_Photos/Laboratory_Science_Supplies/L011_gloves/L011_GLOVES_L011_11.JPG,L011,fa9ae24ce1d80c2b22ce0d8308f804c41ed8b538d4e15e18d8ae19448e6b27c7,unique-0923,train
FOR AIIC SUBMISSION/Inventory_Photos/Laboratory_Science_Supplies/L002_test tubes rack/L002_TEST TUBE RACK_L002_26.JPG,L002,db53fa6a0946c834f16a6c67f35fbca13be2cc4f7da7ebc5555b9db09edbecb5,unique-0924,train
FOR AIIC SUBMISSION/Inventory_Photos/Laboratory_Science_Supplies/L001_test tubes/L001_TEST TUBE_L001_27.JPG,L001,3b5234444c8b1b1ca26e62cd8ebf3bdf340f90bb00e9c0a4fa0e9013a3f5daca,unique-0925,validation
FOR AIIC SUBMISSION/Inventory_Photos/Laboratory_Science_Supplies/L024_Strontium Chloride 6-Hydrate AR/L024_STRONTIUN CHLORIDE 6-HYDRATE AR_L024_13.JPG,L024,6201fca5cf6badb4ac37e962e0cdb90d350632b6794a268bcd0635e0d70fbe33,unique-0926,train
FOR AIIC SUBMISSION/Inventory_Photos/Laboratory_Science_Supplies/L001_test tubes/L001_TEST TUBE_L001_12.JPG,L001,cc4ad69ef736f54c2fd3332ddbfc3708aa0d40b99c9b784bea1e4e8e7975c5f3,unique-0927,validation
FOR AIIC SUBMISSION/Inventory_Photos/Laboratory_Science_Supplies/L001_test tubes/L001_TEST TUBE_L001_21.JPG,L001,1c5769096a5414d6b0515f63f15fa6ce540aa89e1490b279feff6046428f1bbd,unique-0928,validation
FOR AIIC SUBMISSION/Inventory_Photos/Laboratory_Science_Supplies/L011_gloves/L011_GLOVES_L011_05.JPG,L011,ea28ec82a856ce3137ead470445ec79b669ec4ee96b7d75a84687b21032b9aa3,unique-0929,train
FOR AIIC SUBMISSION/Inventory_Photos/Laboratory_Science_Supplies/L001_test tubes/L001_TEST TUBE_L001_09.JPG,L001,261d83715a67b729c3d30eb946077c92950126d37e8dedcc6fd0d22f13b741f6,unique-0930,train
FOR AIIC SUBMISSION/Inventory_Photos/Laboratory_Science_Supplies/L011_gloves/L011_GLOVES_L011_12.JPG,L011,8d59e1a145f1910093df38b51bc1439a778c02f4ae934c5ee23f7e81ad4b21cd,unique-0931,train
FOR AIIC SUBMISSION/Inventory_Photos/Laboratory_Science_Supplies/L001_test tubes/L001_TEST TUBE_L001_28.JPG,L001,3ab6b598aa773815520c09bcd60eb407b2ca9c3ac32554fe7d83efefdbf63e31,unique-0932,train
FOR AIIC SUBMISSION/Inventory_Photos/Laboratory_Science_Supplies/L002_test tubes rack/L002_TEST TUBE RACK_L002_24.JPG,L002,cf8e8d20be16cf18f5dbe461b95abc5596cc59a7298adf5f113ffdbe12e4a9c7,unique-0933,train
FOR AIIC SUBMISSION/Inventory_Photos/Laboratory_Science_Supplies/L004_beakers 1000ml/L004_BEAKER 1000ML_L004_12.JPG,L004,7a0e287bb6c829fb2964649244dd95402e0500f4af0f80f7959b6b09a0312dcf,unique-0934,validation
FOR AIIC SUBMISSION/Inventory_Photos/Laboratory_Science_Supplies/L011_gloves/L011_GLOVES_L011_07.JPG,L011,8fba24b9ae78f6dd9c03dbc6aba340a9814f068574cea49ce31f5e03b95e8773,unique-0935,validation
FOR AIIC SUBMISSION/Inventory_Photos/Laboratory_Science_Supplies/L004_beakers 1000ml/L004_BEAKER 1000ML_L004_15.JPG,L004,33f9d79e9fcfe38ddb7718bb14f8ccd5f59b5223195baa05fef1b2e4c80cb61a,unique-0936,test
FOR AIIC SUBMISSION/Inventory_Photos/Laboratory_Science_Supplies/L010_thermometer /L010_THERMOMETER_L010_01.JPG,L010,8b09d4b28e5d9f46b595b93f076835130102adb849da1f2b68a1c1f28a4cbacd,unique-0937,train
FOR AIIC SUBMISSION/Inventory_Photos/Laboratory_Science_Supplies/L011_gloves/L011_GLOVES_L011_10.JPG,L011,cfa1d15783299e7e408869326e15f8017aeb0e84064494cfc50929f4d52d5bb0,unique-0938,train
FOR AIIC SUBMISSION/Inventory_Photos/Laboratory_Science_Supplies/L010_thermometer /L010_THERMOMETER_L010_08.JPG,L010,de231c4e1e5628a29e78376e76accf2a1890303542419049af88568ceef0e6f6,unique-0939,validation
FOR AIIC SUBMISSION/Inventory_Photos/Laboratory_Science_Supplies/L002_test tubes rack/L002_TEST TUBE RACK_L002_30.JPG,L002,488ab2ef4617e1a58cc12cd83fc07d614a1d95eec6762bdb9967b3d434dba79a,unique-0940,train
FOR AIIC SUBMISSION/Inventory_Photos/Laboratory_Science_Supplies/L011_gloves/L011_GLOVES_L011_29.JPG,L011,f1a66631c9fd488ad75e7f0e5cc7144eb80b68a433e57acfd95ab0baea1983b1,unique-0941,train
FOR AIIC SUBMISSION/Inventory_Photos/Laboratory_Science_Supplies/L024_Strontium Chloride 6-Hydrate AR/L024_STRONTIUN CHLORIDE 6-HYDRATE AR_L024_03.JPG,L024,5837cf2bc4bf478afa1d26c014b2c193e811c91349f15762f3ecf99b7a36608a,unique-0942,train
FOR AIIC SUBMISSION/Inventory_Photos/Laboratory_Science_Supplies/L001_test tubes/L001_TEST TUBE_L001_22.JPG,L001,3a2607ae4d4078e83c7fbed468747199a83290fc0ae2bf80fbb3a1814b3d3557,unique-0943,train
FOR AIIC SUBMISSION/Inventory_Photos/Laboratory_Science_Supplies/L002_test tubes rack/L002_TEST TUBE RACK_L002_16.JPG,L002,98d79b3d4e84ed3fbc3b7079b420375d8dc077b775ab93be600902ba77500b97,unique-0944,train
FOR AIIC SUBMISSION/Inventory_Photos/Laboratory_Science_Supplies/L002_test tubes rack/L002_TEST TUBE RACK_L002_23.JPG,L002,4ac744c60e27047c39f0bde41bc9779f13b37541629be0770ebdb3f56888a092,unique-0945,train
FOR AIIC SUBMISSION/Inventory_Photos/Laboratory_Science_Supplies/L009_ electric thermometer /L009_ELECTRIC THERMOMETER_L009_08.JPG,L009,3342f09b18cf588e8e2ec9cc80820f30221580203b76fabc356f39db7413e42a,unique-0946,train
FOR AIIC SUBMISSION/Inventory_Photos/Laboratory_Science_Supplies/L011_gloves/L011_GLOVES_L011_24.JPG,L011,2bd507898698950240e398edebc4cc3b653782ab0b09af42f25e21e8530b331b,unique-0947,train
FOR AIIC SUBMISSION/Inventory_Photos/Laboratory_Science_Supplies/L001_test tubes/L001_TEST TUBE_L001_26.JPG,L001,001653276c20980c9018eccb020ec79b4d6cf1fb4383eac7add65d7911efda75,unique-0948,train
FOR AIIC SUBMISSION/Inventory_Photos/Laboratory_Science_Supplies/L001_test tubes/L001_TEST TUBE_L001_16.JPG,L001,98eeec97c80d0583a52be3df95dab380d3df5c358e518576299677f413070116,unique-0949,validation
FOR AIIC SUBMISSION/Inventory_Photos/Laboratory_Science_Supplies/L011_gloves/L011_GLOVES_L011_01.JPG,L011,1687f9c8d31a2f920ddeb1c87c65b22b0cb93752882514c9a5ce1e97fa2e33a0,unique-0950,train
FOR AIIC SUBMISSION/Inventory_Photos/Laboratory_Science_Supplies/L001_test tubes/L001_TEST TUBE_L001_29.JPG,L001,b1ff023893eddaecf7ecbea57e003fa8349ac5a8d67823bd9f7720a858770f86,unique-0951,train
FOR AIIC SUBMISSION/Inventory_Photos/Laboratory_Science_Supplies/L010_thermometer /L010_THERMOMETER_L010_10.JPG,L010,e4c3ac8d32c0fcc1262895c1adeac54a8c96f749b412e6f62867eaa5ccf46b11,unique-0952,train
FOR AIIC SUBMISSION/Inventory_Photos/Laboratory_Science_Supplies/L002_test tubes rack/L002_TEST TUBE RACK_L002_17.JPG,L002,d51192bfe58fffc2d142ea32624b0c82f936ef5f73ab15b0b6b9518b8da839d2,unique-0953,train
FOR AIIC SUBMISSION/Inventory_Photos/Laboratory_Science_Supplies/L002_test tubes rack/L002_TEST TUBE RACK_L002_09.JPG,L002,d5daa069dd2f6f29be3899af671f1c92d8402d3002d55d96bd36570d0f28240b,unique-0954,validation
FOR AIIC SUBMISSION/Inventory_Photos/Laboratory_Science_Supplies/L009_ electric thermometer /L009_ELECTRIC THERMOMETER_L009_25.JPG,L009,058fa030f21e8b25b43f4d6b7456a9531a4bc65b749c3be749b70e0a3d89a901,unique-0955,train
FOR AIIC SUBMISSION/Inventory_Photos/Laboratory_Science_Supplies/L001_test tubes/L001_TEST TUBE_L001_07.JPG,L001,f2d1d203d24acf34b974673ee922e761438477b903870b263871d4f0647f89a2,unique-0956,validation
FOR AIIC SUBMISSION/Inventory_Photos/Laboratory_Science_Supplies/L002_test tubes rack/L002_TEST TUBE RACK_L002_18.JPG,L002,5d552861c80bbbaa4f7e27bacc76a79f669b106e5ae749a93a99d6c21a496490,unique-0957,train
FOR AIIC SUBMISSION/Inventory_Photos/Laboratory_Science_Supplies/L001_test tubes/L001_TEST TUBE_L001_06.JPG,L001,3e21f4ad92657a70c56bfc32e95533166a500fdfdb6c85cb528990f469126fe1,unique-0958,train
FOR AIIC SUBMISSION/Inventory_Photos/Laboratory_Science_Supplies/L002_test tubes rack/L002_TEST TUBE RACK_L002_12.JPG,L002,f925972f5ac56c1c76cacc411e00d49245753026d8ecc7877a9465ce10ea633a,unique-0959,train
FOR AIIC SUBMISSION/Inventory_Photos/Laboratory_Science_Supplies/L002_test tubes rack/L002_TEST TUBE RACK_L002_28.JPG,L002,385871fe592879041e28a79bd0e1e4d68aa896946f1ca4081d668183a731a43f,unique-0960,validation
FOR AIIC SUBMISSION/Inventory_Photos/Laboratory_Science_Supplies/L001_test tubes/L001_TEST TUBE_L001_17.JPG,L001,b001eacf94439ee2d949e387041b7aa4bab20021fe0fa7cc49cbc67fc95f166d,unique-0961,train
FOR AIIC SUBMISSION/Inventory_Photos/Laboratory_Science_Supplies/L002_test tubes rack/L002_TEST TUBE RACK_L002_04.JPG,L002,ad91fa6bc43e45514c5638811678b5e24a3a3f4a9f14ff7a9500a44bdda92b5e,unique-0962,validation
FOR AIIC SUBMISSION/Inventory_Photos/Laboratory_Science_Supplies/L002_test tubes rack/L002_TEST TUBE RACK_L002_35.JPG,L002,28aeeaaa029611ab25b7bc0c35a1f693ff86bbdecaad3cf0dfab30eeb6052b96,unique-0963,train
FOR AIIC SUBMISSION/Inventory_Photos/Laboratory_Science_Supplies/L002_test tubes rack/L002_TEST TUBE RACK_L002_14.JPG,L002,3bc547eb5ce6a672869556400894b450aa88490ef7f44c8d0edc16682edbd94f,unique-0964,validation
FOR AIIC SUBMISSION/Inventory_Photos/Laboratory_Science_Supplies/L011_gloves/L011_GLOVES_L011_06.JPG,L011,921235b74566756d61857c94aeef60600c578e36d77088a1ca9b35c9cf7c3323,unique-0965,train
FOR AIIC SUBMISSION/Inventory_Photos/Laboratory_Science_Supplies/L001_test tubes/L001_TEST TUBE_L001_18.JPG,L001,f01aefd9aacbe17eeb81a837befea43b98c4ff48041e160c75996b7c3f77728b,unique-0966,train
FOR AIIC SUBMISSION/Inventory_Photos/Laboratory_Science_Supplies/L002_test tubes rack/L002_TEST TUBE RACK_L002_06.JPG,L002,c7cfc319b79aa71146f8ab651f59631e28187e0b96ab0c23dd0de7804fd59211,unique-0967,validation
FOR AIIC SUBMISSION/Inventory_Photos/Laboratory_Science_Supplies/L011_gloves/L011_GLOVES_L011_23.JPG,L011,71d717ed3423f1386825beb2ecae3e8d266fc7d5d0dde8468e4f6a39eed2b465,unique-0968,train
FOR AIIC SUBMISSION/Inventory_Photos/Laboratory_Science_Supplies/L002_test tubes rack/L002_TEST TUBE RACK_L002_25.JPG,L002,b681b7839f88d4f118bfd64d5c9804dec382bf05e7db7417f452a2224acf0fab,unique-0969,train
FOR AIIC SUBMISSION/Inventory_Photos/Laboratory_Science_Supplies/L002_test tubes rack/L002_TEST TUBE RACK_L002_22.JPG,L002,04d45528b9d32aa23c1e8e83b204b6bb568538b2ed171afc5cf6274046f9d5ca,unique-0970,train
FOR AIIC SUBMISSION/Inventory_Photos/Electronics_Robotics/E030_16×2 LCD Display/WhatsApp Image 2026-08-11 at 6.06.26 PM (2).jpeg,E030,44c16ddbef3bd2ff69aeae5a10362df70683f165b1b0ed6ce01a423b66ba2810,unique-0971,train
FOR AIIC SUBMISSION/Inventory_Photos/Laboratory_Science_Supplies/L009_ electric thermometer /L009_ELECTRIC THERMOMETER_L009_23.JPG,L009,f4d0583f75bc11c6814e2705df2bf347a331ee983274670cf9457ae0c337fd6a,unique-0972,validation
FOR AIIC SUBMISSION/Inventory_Photos/Laboratory_Science_Supplies/L002_test tubes rack/L002_TEST TUBE RACK_L002_27.JPG,L002,b2bf4531b7b24cbd84643c03272ea4390d14d8bcc964037e1eff2631dc865641,unique-0973,train
FOR AIIC SUBMISSION/Inventory_Photos/Laboratory_Science_Supplies/L011_gloves/L011_GLOVES_L011_34.JPG,L011,897ca748b5cbff1e1a96efca6a3292326feda7c479200f511195a9e9550cc5ab,unique-0974,train
FOR AIIC SUBMISSION/Inventory_Photos/Laboratory_Science_Supplies/L001_test tubes/L001_TEST TUBE_L001_08.JPG,L001,9a88068b18754243c1538dea2b81c72d4478c23b8fb5f474bcf859359c769815,unique-0975,train
FOR AIIC SUBMISSION/Inventory_Photos/Laboratory_Science_Supplies/L002_test tubes rack/L002_TEST TUBE RACK_L002_20.JPG,L002,e308c4ec78130864c852a1c73d8148b0f12773aea61cd493bff005f1d18a06d3,unique-0976,test
FOR AIIC SUBMISSION/Inventory_Photos/Laboratory_Science_Supplies/L002_test tubes rack/L002_TEST TUBE RACK_L002_15.JPG,L002,6d365c600ff49235da5a3272a8c0253d24e4432d402bd13a899b9a26fcf09780,unique-0977,test
FOR AIIC SUBMISSION/Inventory_Photos/Laboratory_Science_Supplies/L002_test tubes rack/L002_TEST TUBE RACK_L002_08.JPG,L002,0c1bba3dc7f3cc256dc3925c18e682b26440a46e0879d518e57da975b396c23c,unique-0978,validation
FOR AIIC SUBMISSION/Inventory_Photos/Laboratory_Science_Supplies/L002_test tubes rack/L002_TEST TUBE RACK_L002_31.JPG,L002,bd6b03b16bfe4f5f5530a1592d7f6c6d44840a2e6bf985505d6f75cbcd1a6466,unique-0979,train
FOR AIIC SUBMISSION/Inventory_Photos/Laboratory_Science_Supplies/L002_test tubes rack/L002_TEST TUBE RACK_L002_29.JPG,L002,6389b53e0fde8747e4b16104611d5dc8ae7d784656de1ef3e6583aecd6abbe31,unique-0980,validation
FOR AIIC SUBMISSION/Inventory_Photos/Laboratory_Science_Supplies/L002_test tubes rack/L002_TEST TUBE RACK_L002_11.JPG,L002,b58c051584db8d2838dcb70d0839525b6215561698956e3543f469be69ef543d,unique-0981,test
FOR AIIC SUBMISSION/Inventory_Photos/Electronics_Robotics/E015_Micro_bit/WhatsApp Image 2026-08-11 at 6.05.21 PM.jpeg,E015,89cf46db7f5a90420f6021f074423fe51e1ab70a90ff69ff9bc2644a61998c80,dup-0032,train
FOR AIIC SUBMISSION/Inventory_Photos/Laboratory_Science_Supplies/L002_test tubes rack/L002_TEST TUBE RACK_L002_05.JPG,L002,eb8777e65d45fc7d9e57c3bb4e7572fbfc6dd0096cc0acbb7ec236840f929d4f,unique-0983,train
FOR AIIC SUBMISSION/Inventory_Photos/Laboratory_Science_Supplies/L002_test tubes rack/L002_TEST TUBE RACK_L002_36.JPG,L002,7606947e32be47820ded1ea0147f39bd42c23f5f8e47e6e11c18ccda0fb10c6f,unique-0984,train
FOR AIIC SUBMISSION/Inventory_Photos/Electronics_Robotics/E030_16×2 LCD Display/WhatsApp Image 2026-08-11 at 6.06.24 PM (1).jpeg,E030,66f7f356383073f697431e729a6b6ee6ed8ebbee84bd29cb03073d5275795aae,dup-0002,train
FOR AIIC SUBMISSION/Inventory_Photos/Laboratory_Science_Supplies/L002_test tubes rack/L002_TEST TUBE RACK_L002_37.JPG,L002,0b21cee9129c1dbf9371f248aec179883b919ed7f9452a7d39ce565174662e6a,unique-0986,test
FOR AIIC SUBMISSION/Inventory_Photos/Laboratory_Science_Supplies/L001_test tubes/L001_TEST TUBE_L001_23.JPG,L001,bbb513b8eb6882782babcf698391647f89ad637cb85ae7780e99cf5345a8720f,unique-0987,train
FOR AIIC SUBMISSION/Inventory_Photos/Laboratory_Science_Supplies/L001_test tubes/L001_TEST TUBE_L001_30.JPG,L001,3dda49e91b0c702892f250f547240ce7a74a68b43bb5a3d1b5e95ac9b2ce2285,unique-0988,train
FOR AIIC SUBMISSION/Inventory_Photos/Laboratory_Science_Supplies/L011_gloves/L011_GLOVES_L011_17.JPG,L011,3393494701a4aa2c8834fc8ad6fc3ba8add6d9f5589a7fc33f7d0e6b53f3757c,unique-0989,train
FOR AIIC SUBMISSION/Inventory_Photos/Laboratory_Science_Supplies/L011_gloves/L011_GLOVES_L011_02.JPG,L011,e3f01b0fada7002d032afc89f81ff0dd30cf4dee730bf6a8883a921398544663,unique-0990,train
FOR AIIC SUBMISSION/Inventory_Photos/Laboratory_Science_Supplies/L002_test tubes rack/L002_TEST TUBE RACK_L002_38.JPG,L002,6943fbd958c41fec3d3438997b908733cc1d707ed77ba3af943ae50d46050552,unique-0991,validation
FOR AIIC SUBMISSION/Inventory_Photos/Laboratory_Science_Supplies/L002_test tubes rack/L002_TEST TUBE RACK_L002_02.JPG,L002,0e1ce56c0d4c06d136827a30020289e85ef78e0757bbc5d26102b106c1b36a2e,unique-0992,train
FOR AIIC SUBMISSION/Inventory_Photos/Electronics_Robotics/E015_Micro_bit/IMG_6221.HEIC,E015,daf0cf8667caab0c6a69fff5c151312e56ed93bc2f63c4222996269c595cc88e,unique-0993,test
FOR AIIC SUBMISSION/Inventory_Photos/Laboratory_Science_Supplies/L002_test tubes rack/L002_TEST TUBE RACK_L002_03.JPG,L002,dddb31183b92264700ed00c736b391ebe1e04c229780391635de5d951e35591f,unique-0994,train
FOR AIIC SUBMISSION/Inventory_Photos/Electronics_Robotics/E030_16×2 LCD Display/IMG_6158.HEIC,E030,ed2f081153e88d87a68ac9876475e2453d23f08a14dfef79fd0eb508713f6249,unique-0995,train
FOR AIIC SUBMISSION/Inventory_Photos/Electronics_Robotics/E015_Micro_bit/IMG_6218.HEIC,E015,5259b9db69996d9dc4f48ed263c00ec88bea9afbdb6b28bfe4c904957d1258f5,unique-0996,train
FOR AIIC SUBMISSION/Inventory_Photos/Laboratory_Science_Supplies/L002_test tubes rack/L002_TEST TUBE RACK_L002_13.JPG,L002,e490f911e011e69af999a23514c57fba8abbad08e4af49e1340ec693546592cf,unique-0997,test
FOR AIIC SUBMISSION/Inventory_Photos/Electronics_Robotics/E030_16×2 LCD Display/WhatsApp Image 2026-08-11 at 6.06.28 PM (1).jpeg,E030,942157f258dbb1ee08903a3f59458fc887f81399a91dd5856b2126b0742cc6cf,unique-0998,validation
FOR AIIC SUBMISSION/Inventory_Photos/Electronics_Robotics/E015_Micro_bit/IMG_6083.HEIC,E015,4b8a4e0fc959d5bad1c549431f9c527ac2e6ec0e9484dcbbd87d9e4a00fa7a39,unique-0999,train
FOR AIIC SUBMISSION/Inventory_Photos/Electronics_Robotics/E015_Micro_bit/WhatsApp Image 2026-08-11 at 6.05.19 PM (1).jpeg,E015,41432987e1c166f92f44cd3b4e4da5ab08ab542976ad9e18c2c1d8cb79210ccb,unique-1000,train
FOR AIIC SUBMISSION/Inventory_Photos/Electronics_Robotics/E030_16×2 LCD Display/IMG_6154.HEIC,E030,ae5a097936b518ff8e399179bcbccae27db20aae49a333b202932d4d0e819435,unique-1001,train
FOR AIIC SUBMISSION/Inventory_Photos/Laboratory_Science_Supplies/L002_test tubes rack/L002_TEST TUBE RACK_L002_10.JPG,L002,5ac8493c72299b369be92c5eba87d833661f44b8ecf7cc3bae21418ff02dbc45,unique-1002,train
FOR AIIC SUBMISSION/Inventory_Photos/Electronics_Robotics/E020_MAX30102 Heart Rate and Pulse Oximetry Sensor/WhatsApp Image 2026-08-11 at 6.05.03 PM.jpeg,E020,de6c6a3c5789faa5062fdb22e49aea083f23c3c7aa7138c886ba2f87b957741e,unique-1003,train
FOR AIIC SUBMISSION/Inventory_Photos/Electronics_Robotics/E015_Micro_bit/IMG_6219.HEIC,E015,0e15d92f6d2372a297b30d136564e7fb1a012d8998211b4447fe8409dbc3633e,unique-1004,train
FOR AIIC SUBMISSION/Inventory_Photos/Laboratory_Science_Supplies/L002_test tubes rack/L002_TEST TUBE RACK_L002_21.JPG,L002,a6bedaf95da3705aedf1c07d70b65a510e1658e39449f2a745c0f5a07ab3baf1,unique-1005,train
FOR AIIC SUBMISSION/Inventory_Photos/Electronics_Robotics/E030_16×2 LCD Display/WhatsApp Image 2026-08-12 at 10.37.15 AM (1).jpeg,E030,c248c8e352dad998b0475cc90486a355747d7a756f2548f7fa5d2c74ba925ce7,unique-1006,train
FOR AIIC SUBMISSION/Inventory_Photos/Electronics_Robotics/E015_Micro_bit/IMG_6222.HEIC,E015,b5b583cb644df2708b5ea00927d505bce2444d03b987e1ee057ce1f08a2a81f0,unique-1007,train
FOR AIIC SUBMISSION/Inventory_Photos/Electronics_Robotics/E020_MAX30102 Heart Rate and Pulse Oximetry Sensor/WhatsApp Image 2026-08-11 at 6.05.00 PM.jpeg,E020,18508c283f83dc1707479c65c8012de249054c541241aa7414f194674afa45b5,unique-1008,test
FOR AIIC SUBMISSION/Inventory_Photos/Laboratory_Science_Supplies/L001_test tubes/L001_TEST TUBE_L001_03.JPG,L001,885d2ff05bba5c3346d87329b8823494a0a6b6c2eb8f6e60d4ac30409d121c24,unique-1009,train
FOR AIIC SUBMISSION/Inventory_Photos/Electronics_Robotics/E030_16×2 LCD Display/IMG_6159.HEIC,E030,20d7886f62674da838c18ec935ed7867eb8fe9928479a5a85d7e14596e351935,unique-1010,train
FOR AIIC SUBMISSION/Inventory_Photos/Electronics_Robotics/E015_Micro_bit/WhatsApp Image 2026-08-11 at 6.05.22 PM.jpeg,E015,6be491ebce7616ef83380e2e3fea92014d609b7429e954a6f92d96b3173c436f,dup-0032,train
FOR AIIC SUBMISSION/Inventory_Photos/Electronics_Robotics/E030_16×2 LCD Display/WhatsApp Image 2026-08-11 at 6.06.27 PM (1).jpeg,E030,5329ce986ac54c41f3451149bff358fd7edddcdf26518a2813151291a441c887,dup-0010,train
FOR AIIC SUBMISSION/Inventory_Photos/Laboratory_Science_Supplies/L001_test tubes/L001_TEST TUBE_L001_19.JPG,L001,9f714d1321afa28d6b511634b27e8753208892996113658325351eacaaa80796,unique-1013,validation
FOR AIIC SUBMISSION/Inventory_Photos/Laboratory_Science_Supplies/L001_test tubes/L001_TEST TUBE_L001_02.JPG,L001,06dda718ba20980a5f6f04ceb0ac162eec3804d9bbf195b7de5a085cf2ec1827,unique-1014,train
FOR AIIC SUBMISSION/Inventory_Photos/Electronics_Robotics/E020_MAX30102 Heart Rate and Pulse Oximetry Sensor/WhatsApp Image 2026-08-11 at 6.04.56 PM (1).jpeg,E020,8f24c4634b22aa9595ea37f1313f1c9de59adf3918a80ac938bac23f0f86d6b2,unique-1015,train
FOR AIIC SUBMISSION/Inventory_Photos/Laboratory_Science_Supplies/L002_test tubes rack/L002_TEST TUBE RACK_L002_33.JPG,L002,01f545df814d684f766b23c2f6ca862dcdcc93d8be5a419e0fee5f9292f3eb25,unique-1016,validation
FOR AIIC SUBMISSION/Inventory_Photos/Electronics_Robotics/E030_16×2 LCD Display/IMG_6156.HEIC,E030,44a46ca0cdefd97b07e111f5d1082d68e1f5f4eb0ba13ccc256ca1c61bcaf626,unique-1017,train
FOR AIIC SUBMISSION/Inventory_Photos/Electronics_Robotics/E020_MAX30102 Heart Rate and Pulse Oximetry Sensor/WhatsApp Image 2026-08-11 at 6.05.04 PM.jpeg,E020,fcf05b91a79a8b5b3171c77b67401c0eba2aa666a53541d0bb8d5d32d4354fa1,unique-1018,train
FOR AIIC SUBMISSION/Inventory_Photos/Electronics_Robotics/E015_Micro_bit/IMG_6220.HEIC,E015,d49aa25ad407a39fd0fbe1ffb90fe2a04c36e04eb9d2147a8e5062b0676da950,unique-1019,test
FOR AIIC SUBMISSION/Inventory_Photos/Electronics_Robotics/E030_16×2 LCD Display/IMG_6243.HEIC,E030,a01013f86c9b60f0fce143ba66ca7d52811bdd60d3b705cfb39682dd150318bb,unique-1020,test
FOR AIIC SUBMISSION/Inventory_Photos/Electronics_Robotics/E015_Micro_bit/WhatsApp Image 2026-08-11 at 6.05.18 PM (2).jpeg,E015,c8b37826583820df8e4e3d17a0109f014486982ca44f40b06645e06f3fff4cb8,unique-1021,train
FOR AIIC SUBMISSION/Inventory_Photos/Electronics_Robotics/E030_16×2 LCD Display/IMG_6155.HEIC,E030,7123302de39b8bd80bfb3fc0f1efaf0f6ecac6e14bf2e525d950d849b0a1fae8,unique-1022,train
FOR AIIC SUBMISSION/Inventory_Photos/Electronics_Robotics/E030_16×2 LCD Display/IMG_6245.HEIC,E030,e4da7aa60062cf513f1b7a14f06c953adc27882ae9d15b39e18f4f987517246f,unique-1023,validation
FOR AIIC SUBMISSION/Inventory_Photos/Laboratory_Science_Supplies/L011_gloves/L011_GLOVES_L011_37.JPG,L011,fae51cc173895b1489bdfd7e178377201a637bb6cf1fefcb2d371626fe5d04a0,unique-1024,test
FOR AIIC SUBMISSION/Inventory_Photos/Laboratory_Science_Supplies/L001_test tubes/L001_TEST TUBE_L001_25.JPG,L001,92313c01aa89e337aa3aca89dadcc37ff9e96c1a0bcfd93b5ed16261f777935d,unique-1025,train
FOR AIIC SUBMISSION/Inventory_Photos/Electronics_Robotics/E020_MAX30102 Heart Rate and Pulse Oximetry Sensor/WhatsApp Image 2026-08-11 at 6.05.02 PM.jpeg,E020,4b846f4bfd8ce22a91d5ac0b571377a4a68567adbc5133c278ec3f1575dca1f1,unique-1026,test
FOR AIIC SUBMISSION/Inventory_Photos/Electronics_Robotics/E030_16×2 LCD Display/IMG_6244.HEIC,E030,20650bdc95899cc8ec600933ad2f03a253af7b12a473db26ec11303e4839f639,unique-1027,validation
FOR AIIC SUBMISSION/Inventory_Photos/Electronics_Robotics/E030_16×2 LCD Display/IMG_2238.JPG,E030,3732d1d7d224f7c4633aeea380fe7f61baa26613cdd77cd54fc2287b2e17a48a,unique-1028,train
FOR AIIC SUBMISSION/Inventory_Photos/Electronics_Robotics/E020_MAX30102 Heart Rate and Pulse Oximetry Sensor/WhatsApp Image 2026-08-11 at 6.04.56 PM.jpeg,E020,8a7285701ddef97ad7175ae4e28d9a9dadd07ae32ef727a0b52c365e200fa409,unique-1029,train
FOR AIIC SUBMISSION/Inventory_Photos/Electronics_Robotics/E020_MAX30102 Heart Rate and Pulse Oximetry Sensor/WhatsApp Image 2026-08-11 at 6.05.01 PM.jpeg,E020,59efb5ea41d445d62944983219796d443d0a6efda47a6e8e35343ec250dbd46e,unique-1030,validation
FOR AIIC SUBMISSION/Inventory_Photos/Electronics_Robotics/E015_Micro_bit/WhatsApp Image 2026-08-11 at 6.05.20 PM (1).jpeg,E015,f5037e50300bd40ea6221fcb8f0e4501795293364060b7f16d3f731c7735e74f,unique-1031,train
FOR AIIC SUBMISSION/Inventory_Photos/Electronics_Robotics/E015_Micro_bit/IMG_6085.HEIC,E015,6281c7e89e4bbcd7138c34b59142dab1dcb3bb67a90f262309f90e8bfa2343ca,unique-1032,test
FOR AIIC SUBMISSION/Inventory_Photos/Electronics_Robotics/E020_MAX30102 Heart Rate and Pulse Oximetry Sensor/WhatsApp Image 2026-08-11 at 6.05.02 PM (2).jpeg,E020,8eaacb54231f06dc541c23bb7481eab3af34e4fae759540e9177b8b31217ea9a,unique-1033,train
FOR AIIC SUBMISSION/Inventory_Photos/Laboratory_Science_Supplies/L001_test tubes/L001_TEST TUBE_L001_01.JPG,L001,0963cb3a629ecb519f43317872f6418ab42081d0ca68f62346510b51c6f802ae,unique-1034,train
FOR AIIC SUBMISSION/Inventory_Photos/Electronics_Robotics/E020_MAX30102 Heart Rate and Pulse Oximetry Sensor/WhatsApp Image 2026-08-11 at 6.05.03 PM (1).jpeg,E020,c6b766c76b42b72ef2ac710837167cdb5df42d869d5c14dce0b63341f35b3a15,unique-1035,train
FOR AIIC SUBMISSION/Inventory_Photos/Electronics_Robotics/E020_MAX30102 Heart Rate and Pulse Oximetry Sensor/WhatsApp Image 2026-08-11 at 6.04.59 PM.jpeg,E020,a32ffb55eed3ff214dfbc34920ae66d7fbbcd307df8b3b9e33fcf5585ba2d312,unique-1036,train
FOR AIIC SUBMISSION/Inventory_Photos/Electronics_Robotics/E020_MAX30102 Heart Rate and Pulse Oximetry Sensor/WhatsApp Image 2026-08-11 at 6.05.02 PM (1).jpeg,E020,72dd96c59c79ee6d41a93d111b7e6b11ec259def4c09c90d79f9e7a08309e032,unique-1037,train
FOR AIIC SUBMISSION/Inventory_Photos/Electronics_Robotics/E030_16×2 LCD Display/WhatsApp Image 2026-08-12 at 10.37.15 AM.jpeg,E030,739821df5dac244794e2a52272db0c918e9268be71a2940665c5ad29e6bfc619,unique-1038,validation
FOR AIIC SUBMISSION/Inventory_Photos/Electronics_Robotics/E028_HC-SR501 PIR Motion Sensor/WhatsApp Image 2026-08-11 at 6.06.19 PM.jpeg,E028,d4d5d30c8b8d43e51f40ae3133072e1d8352db32bbf068b2c3b46628715e5fb2,unique-1039,train
FOR AIIC SUBMISSION/Inventory_Photos/Electronics_Robotics/E030_16×2 LCD Display/WhatsApp Image 2026-08-11 at 6.06.23 PM (1).jpeg,E030,a0fc57f97aa8475b8e11c2dfcff3625740ddbdcdb7d582a8ca541190460de546,dup-0003,validation
FOR AIIC SUBMISSION/Inventory_Photos/Electronics_Robotics/E028_HC-SR501 PIR Motion Sensor/WhatsApp Image 2026-08-11 at 6.06.16 PM (1).jpeg,E028,7252d50c21b5affcaabe0ee039f176b1a4053bc23f7ded35875662c7ee45f401,dup-0033,test
FOR AIIC SUBMISSION/Inventory_Photos/Electronics_Robotics/E028_HC-SR501 PIR Motion Sensor/WhatsApp Image 2026-08-11 at 6.06.19 PM (2).jpeg,E028,19c528a6875dec101c82e8221745996c39821c4184bb2137f550bf39fc88214c,dup-0034,train
FOR AIIC SUBMISSION/Inventory_Photos/Electronics_Robotics/E030_16×2 LCD Display/IMG_6246.HEIC,E030,0495dd23a557ccda6f6969c14fe9327c53dfd93befaf67139236c9babfb18b54,unique-1043,train
FOR AIIC SUBMISSION/Inventory_Photos/Electronics_Robotics/E030_16×2 LCD Display/WhatsApp Image 2026-08-11 at 6.06.27 PM.jpeg,E030,a0fc57f97aa8475b8e11c2dfcff3625740ddbdcdb7d582a8ca541190460de546,dup-0003,validation
FOR AIIC SUBMISSION/Inventory_Photos/Electronics_Robotics/E030_16×2 LCD Display/IMG_6153.HEIC,E030,70cd9e24cc0b7b2095c8a78a9e833f3fa6dee1877ecfb47cbe3da028577f3719,unique-1045,train
FOR AIIC SUBMISSION/Inventory_Photos/Electronics_Robotics/E015_Micro_bit/WhatsApp Image 2026-08-11 at 6.05.20 PM.jpeg,E015,dbfad8d6f2c1a52b6a7ca9c58f429fcac98e5fb47702223ad84f211590bb2ff9,unique-1046,train
FOR AIIC SUBMISSION/Inventory_Photos/Electronics_Robotics/E030_16×2 LCD Display/IMG_6157.HEIC,E030,ba6895aaf51e7007d39cab334d49511786be44e2fc5c4a5d0bc64d07b76f9006,unique-1047,train
FOR AIIC SUBMISSION/Inventory_Photos/Electronics_Robotics/E020_MAX30102 Heart Rate and Pulse Oximetry Sensor/IMG_2325.JPG,E020,800004676f9ef880fdf7b61ca047ddf38d9f7ef15028f56838e411887490c082,dup-0035,train
FOR AIIC SUBMISSION/Inventory_Photos/Electronics_Robotics/E020_MAX30102 Heart Rate and Pulse Oximetry Sensor/IMG_2325.jpeg,E020,800004676f9ef880fdf7b61ca047ddf38d9f7ef15028f56838e411887490c082,dup-0035,train
FOR AIIC SUBMISSION/Inventory_Photos/Electronics_Robotics/E029_Maker Line Sensor/WhatsApp Image 2026-08-11 at 6.06.30 PM (1).jpeg,E029,e163d75713678286f75fa280257f6591e320369bcc6dac23b36e31c1dbed584b,unique-1050,train
FOR AIIC SUBMISSION/Inventory_Photos/Electronics_Robotics/E029_Maker Line Sensor/WhatsApp Image 2026-08-11 at 6.06.28 PM (2).jpeg,E029,0174f6b0efc1b3f3bd4916e515d49cb97749f7a0fc30b6ffad875023aa84d81e,unique-1051,train
FOR AIIC SUBMISSION/Inventory_Photos/Electronics_Robotics/E020_MAX30102 Heart Rate and Pulse Oximetry Sensor/IMG_2324.JPG,E020,6676bb154f5151eabedc27672ab6f6379d2d012733930e8cedaed3c323333c15,dup-0036,train
FOR AIIC SUBMISSION/Inventory_Photos/Laboratory_Science_Supplies/L002_test tubes rack/L002_TEST TUBE RACK_L002_01.JPG,L002,7ba1eb582d1b86c39a99c84ac7d618159d8866e8e8e09f1843d585e3aa5fa1a7,unique-1053,train
FOR AIIC SUBMISSION/Inventory_Photos/Electronics_Robotics/E020_MAX30102 Heart Rate and Pulse Oximetry Sensor/IMG_2324.jpeg,E020,6676bb154f5151eabedc27672ab6f6379d2d012733930e8cedaed3c323333c15,dup-0036,train
FOR AIIC SUBMISSION/Inventory_Photos/Electronics_Robotics/E028_HC-SR501 PIR Motion Sensor/IMG_2354.JPG,E028,f79223ee129b8169563e1780da2233dcdbdf23cdf3d243443055eba1cb9352b3,unique-1055,train
FOR AIIC SUBMISSION/Inventory_Photos/Electronics_Robotics/E020_MAX30102 Heart Rate and Pulse Oximetry Sensor/IMG_2326.JPG,E020,6a57117ed427ed8690891988d89bfeedfc37a494d3e9fb4d4034bd96efda40fd,dup-0037,train
FOR AIIC SUBMISSION/Inventory_Photos/Electronics_Robotics/E021_Soil Moisture Level Sensor/WhatsApp Image 2026-08-11 at 6.03.23 PM (2).jpeg,E021,cb68b02500ff48b9ba601b828aa56783eac09184468d770157a74b5f9e1500d8,unique-1057,train
FOR AIIC SUBMISSION/Inventory_Photos/Electronics_Robotics/E021_Soil Moisture Level Sensor/WhatsApp Image 2026-08-11 at 6.03.24 PM (1).jpeg,E021,74e8d46da6284084bab94dfdf9b0176d97d515a8ab4c29dc4145df7cdc9ba342,unique-1058,train
FOR AIIC SUBMISSION/Inventory_Photos/Laboratory_Science_Supplies/L002_test tubes rack/L002_TEST TUBE RACK_L002_19.JPG,L002,1bd9a98fc46a6888dc5147129245c63025d0ebea686429afc8849161d738ccb3,unique-1059,validation
FOR AIIC SUBMISSION/Inventory_Photos/Electronics_Robotics/E029_Maker Line Sensor/WhatsApp Image 2026-08-11 at 6.06.32 PM (1).jpeg,E029,b9b30efde50603cf200ed3885a6728e332f50b74b6869caa4af13bd1d9230bf3,unique-1060,train
FOR AIIC SUBMISSION/Inventory_Photos/Electronics_Robotics/E020_MAX30102 Heart Rate and Pulse Oximetry Sensor/IMG_2326.jpeg,E020,6a57117ed427ed8690891988d89bfeedfc37a494d3e9fb4d4034bd96efda40fd,dup-0037,train
FOR AIIC SUBMISSION/Inventory_Photos/Electronics_Robotics/E021_Soil Moisture Level Sensor/WhatsApp Image 2026-08-11 at 6.03.21 PM (1).jpeg,E021,2571ff9b7e43ab0dfcae2c162ff700f281714a5d6265cfe5dedeaf3a3b8ffe80,unique-1062,validation
FOR AIIC SUBMISSION/Inventory_Photos/Electronics_Robotics/E015_Micro_bit/IMG_2249.JPG,E015,4df719ed6cf1b11cc3f3950f5bfe57b6e204676c54b0145c4af7fa902e2c9393,unique-1063,train
FOR AIIC SUBMISSION/Inventory_Photos/Electronics_Robotics/E029_Maker Line Sensor/WhatsApp Image 2026-08-11 at 6.06.31 PM (1).jpeg,E029,a56f8b275dcab2c63413ae0b9382de060526ef2db0a382b7d0ec67679bc62216,unique-1064,train
FOR AIIC SUBMISSION/Inventory_Photos/Electronics_Robotics/E020_MAX30102 Heart Rate and Pulse Oximetry Sensor/IMG_6167.HEIC,E020,95c0631fc67922c87a8ffebc16df479f00773f335e23876cc13b55e4d613b2bd,unique-1065,validation
FOR AIIC SUBMISSION/Inventory_Photos/Electronics_Robotics/E029_Maker Line Sensor/WhatsApp Image 2026-08-11 at 6.06.29 PM (1).jpeg,E029,45bb621cbc517f4365d0c3c6c26bb4ef12dc9e504a35d94bea6278cb859d1fe0,unique-1066,train
FOR AIIC SUBMISSION/Inventory_Photos/Electronics_Robotics/E015_Micro_bit/IMG_2248.JPG,E015,bb9192f8669fef09e783ae2fee80e337d3139f08f9c66dacbea8f52a2d1f671b,dup-0038,validation
FOR AIIC SUBMISSION/Inventory_Photos/Electronics_Robotics/E015_Micro_bit/IMG_6088.HEIC,E015,a899535508c1d7742ce564c80c24eb690b015826a993e200cd560e8defd08245,unique-1068,train
FOR AIIC SUBMISSION/Inventory_Photos/Electronics_Robotics/E021_Soil Moisture Level Sensor/WhatsApp Image 2026-08-11 at 6.03.22 PM (2).jpeg,E021,d517bfb7e157e206ba1fb27529aeddd79508b0ae698cfea75aa4a49d3f0e2bcd,unique-1069,train
FOR AIIC SUBMISSION/Inventory_Photos/Electronics_Robotics/E029_Maker Line Sensor/WhatsApp Image 2026-08-11 at 6.06.29 PM.jpeg,E029,05edb564e7ae86f96a5afa3066beb47c593e1e11364f6df39817f822e14382e0,unique-1070,train
FOR AIIC SUBMISSION/Inventory_Photos/Electronics_Robotics/E021_Soil Moisture Level Sensor/WhatsApp Image 2026-08-11 at 6.03.24 PM (3).jpeg,E021,7c2fac56a0ebd32594e84e226adeea76808f7be81d23c67d4fdf9e55a2e7040c,dup-0039,train
FOR AIIC SUBMISSION/Inventory_Photos/Electronics_Robotics/E029_Maker Line Sensor/WhatsApp Image 2026-08-11 at 6.06.32 PM.jpeg,E029,dddc8a855b310fdc7b88d8329e8a31ec08cec50ee85eaac81e6600f9822e4012,unique-1072,validation
FOR AIIC SUBMISSION/Inventory_Photos/Electronics_Robotics/E028_HC-SR501 PIR Motion Sensor/IMG_6144.HEIC,E028,bd71cd033a369969dc14102ce882a1cc43ee8f5e1f80a8f8c66d961f7390cc97,unique-1073,train
FOR AIIC SUBMISSION/Inventory_Photos/Electronics_Robotics/E028_HC-SR501 PIR Motion Sensor/IMG_6141.HEIC,E028,082d7b4a9cb3f5461824efc650fc12e9ad690ea8f31c4957001cc908993354b6,unique-1074,train
FOR AIIC SUBMISSION/Inventory_Photos/Electronics_Robotics/E021_Soil Moisture Level Sensor/WhatsApp Image 2026-08-11 at 6.03.25 PM.jpeg,E021,df6312b49acd495a13adda84ca7ab54429d828ce8e66b1a0ed7bf3de39fdceca,unique-1075,train
FOR AIIC SUBMISSION/Inventory_Photos/Electronics_Robotics/E024_Light Dependent Resistor (LDR)/WhatsApp Image 2026-08-11 at 6.06.16 PM (1).jpeg,E024,7252d50c21b5affcaabe0ee039f176b1a4053bc23f7ded35875662c7ee45f401,dup-0033,test
FOR AIIC SUBMISSION/Inventory_Photos/Electronics_Robotics/E015_Micro_bit/IMG_6086.HEIC,E015,f71cd6541a72aceb690b5b9200f2bbd0f43e464d5dcafbcf077cd4ea8a23e20c,unique-1077,train
FOR AIIC SUBMISSION/Inventory_Photos/Electronics_Robotics/E024_Light Dependent Resistor (LDR)/WhatsApp Image 2026-08-11 at 6.06.19 PM (2).jpeg,E024,19c528a6875dec101c82e8221745996c39821c4184bb2137f550bf39fc88214c,dup-0034,train
FOR AIIC SUBMISSION/Inventory_Photos/Electronics_Robotics/E028_HC-SR501 PIR Motion Sensor/IMG_6147.HEIC,E028,cbb478c7b308e6264d79df21f588094491471f2468866763c094a5144858d6ed,unique-1079,validation
FOR AIIC SUBMISSION/Inventory_Photos/Electronics_Robotics/E021_Soil Moisture Level Sensor/WhatsApp Image 2026-08-11 at 6.03.24 PM (2).jpeg,E021,bc7db22eea2a0e21691803e9592e4a196e73c98e29c15c65fd84e9c8919636fc,dup-0039,train
FOR AIIC SUBMISSION/Inventory_Photos/Electronics_Robotics/E021_Soil Moisture Level Sensor/WhatsApp Image 2026-08-11 at 6.03.22 PM (1).jpeg,E021,122007cdc1f1dd34afac5b6dc576e76b3e40ba936c02945c5dcb900e46b07233,unique-1081,train
FOR AIIC SUBMISSION/Inventory_Photos/Electronics_Robotics/E025_Resistor 220Ω/WhatsApp Image 2026-08-11 at 6.06.27 PM (2).jpeg,E025,66f7f356383073f697431e729a6b6ee6ed8ebbee84bd29cb03073d5275795aae,dup-0002,train
FOR AIIC SUBMISSION/Inventory_Photos/Electronics_Robotics/E029_Maker Line Sensor/WhatsApp Image 2026-08-11 at 6.06.29 PM (2).jpeg,E029,6fd06c70b14372b2b76d859e35d7f9bd3c492840ebfb4aecfe31c028b5a3d931,unique-1083,train
FOR AIIC SUBMISSION/Inventory_Photos/Electronics_Robotics/E021_Soil Moisture Level Sensor/WhatsApp Image 2026-08-11 at 6.03.23 PM.jpeg,E021,34ef754145d9c49ae36000876a739cdc60a7776cc5e7a41d2774f07693bd3fa5,unique-1084,train
FOR AIIC SUBMISSION/Inventory_Photos/Electronics_Robotics/E029_Maker Line Sensor/WhatsApp Image 2026-08-11 at 6.06.30 PM.jpeg,E029,c39f0302a2e3bf75418e8d44a847e952b3f1d526e4e09c5d26e66acf192e0902,unique-1085,train
FOR AIIC SUBMISSION/Inventory_Photos/Electronics_Robotics/E029_Maker Line Sensor/IMG_6188.HEIC,E029,23c0dedb806c01e0aaf47620433980c649e40df94137eff6aef0aeaf1ac87bc8,unique-1086,validation
FOR AIIC SUBMISSION/Inventory_Photos/Electronics_Robotics/E025_Resistor 220Ω/WhatsApp Image 2026-08-11 at 6.06.23 PM (1).jpeg,E025,a0fc57f97aa8475b8e11c2dfcff3625740ddbdcdb7d582a8ca541190460de546,dup-0003,validation
FOR AIIC SUBMISSION/Inventory_Photos/Electronics_Robotics/E024_Light Dependent Resistor (LDR)/WhatsApp Image 2026-08-11 at 6.06.16 PM.jpeg,E024,a95bfa2f61f170499e24b522a8097baf8b1d2121277c05f64300dbc5e48b4da0,unique-1088,train
FOR AIIC SUBMISSION/Inventory_Photos/Electronics_Robotics/E025_Resistor 220Ω/WhatsApp Image 2026-08-11 at 6.06.27 PM.jpeg,E025,a0fc57f97aa8475b8e11c2dfcff3625740ddbdcdb7d582a8ca541190460de546,dup-0003,validation
FOR AIIC SUBMISSION/Inventory_Photos/Electronics_Robotics/E025_Resistor 220Ω/WhatsApp Image 2026-08-11 at 6.06.24 PM (1).jpeg,E025,66f7f356383073f697431e729a6b6ee6ed8ebbee84bd29cb03073d5275795aae,dup-0002,train
FOR AIIC SUBMISSION/Inventory_Photos/Electronics_Robotics/E029_Maker Line Sensor/WhatsApp Image 2026-08-11 at 6.06.31 PM.jpeg,E029,5b84092cd19009e7f1c85c53268cbb920e3eeea3f058919244e360aff1289590,unique-1091,train
FOR AIIC SUBMISSION/Inventory_Photos/Electronics_Robotics/E028_HC-SR501 PIR Motion Sensor/IMG_2352.JPG,E028,8a3510c893b3765308cb04d873b1f8825ce7d37ca960158dec9c0ab68e9125f2,unique-1092,validation
FOR AIIC SUBMISSION/Inventory_Photos/Electronics_Robotics/E015_Micro_bit/IMG_6084.HEIC,E015,7abccd6901a38a7f34a2e3b964e9bfa0d7c7117453c4c347c133c98c27836e74,unique-1093,train
FOR AIIC SUBMISSION/Inventory_Photos/Electronics_Robotics/E029_Maker Line Sensor/IMG_6185.HEIC,E029,eee20d2f20fec42de00546632a3d17d8745c0f987d13a04831421359af777236,unique-1094,train
FOR AIIC SUBMISSION/Inventory_Photos/Electronics_Robotics/E015_Micro_bit/IMG_6087.HEIC,E015,fd62583114ddb012c8e6ca4e5c3f48098c19293a8020f7a581f8c15d02bf1a4f,unique-1095,train
FOR AIIC SUBMISSION/Inventory_Photos/Electronics_Robotics/E025_Resistor 220Ω/WhatsApp Image 2026-08-11 at 6.06.24 PM.jpeg,E025,be52542aa631be3f7aa4fc69100bd90c5e711eb99df90a1a4841de1fb6ee2a58,unique-1096,train
FOR AIIC SUBMISSION/Inventory_Photos/Electronics_Robotics/E024_Light Dependent Resistor (LDR)/WhatsApp Image 2026-08-11 at 6.07.13 PM.jpeg,E024,f8c5115152b43dcc162accbc3efb63f1411ea4dc6afdbd65c8c1d5a56f286911,unique-1097,validation
FOR AIIC SUBMISSION/Inventory_Photos/Electronics_Robotics/E021_Soil Moisture Level Sensor/WhatsApp Image 2026-08-11 at 6.03.23 PM (1).jpeg,E021,7c96fb42a91d3f5a393d0f7a5f2da80005c27570383480f0a53aa8189574e1cc,unique-1098,train
FOR AIIC SUBMISSION/Inventory_Photos/Electronics_Robotics/E024_Light Dependent Resistor (LDR)/WhatsApp Image 2026-08-11 at 6.06.18 PM (1).jpeg,E024,434c9a3277ad5a62b98562f5b7de559fd7a46e23789dc0dd3912e62d3ed92273,unique-1099,train
FOR AIIC SUBMISSION/Inventory_Photos/Electronics_Robotics/E029_Maker Line Sensor/IMG_6186.HEIC,E029,b188bb914d20b345fb9b05709e4990794167a02ab6d2195b7f15d5a0d80282f0,unique-1100,train
FOR AIIC SUBMISSION/Inventory_Photos/Electronics_Robotics/E028_HC-SR501 PIR Motion Sensor/IMG_2355.JPG,E028,6c597bce4fba1e679489429e570635812fe1307110f5416b666905a4d753f662,unique-1101,train
FOR AIIC SUBMISSION/Inventory_Photos/Electronics_Robotics/E025_Resistor 220Ω/WhatsApp Image 2026-08-11 at 6.06.27 PM (1).jpeg,E025,5329ce986ac54c41f3451149bff358fd7edddcdf26518a2813151291a441c887,dup-0010,train
FOR AIIC SUBMISSION/Inventory_Photos/Electronics_Robotics/E021_Soil Moisture Level Sensor/WhatsApp Image 2026-08-11 at 6.03.21 PM (2).jpeg,E021,548e21b443ebd732087bea08f50523754ded37446e22cfd983359dc79b460a94,unique-1103,test
FOR AIIC SUBMISSION/Inventory_Photos/Electronics_Robotics/E020_MAX30102 Heart Rate and Pulse Oximetry Sensor/IMG_6169.HEIC,E020,e20e3630026708db9622965b7506bf86b2da92c9e386280bdcb61600f2a42b7f,unique-1104,train
FOR AIIC SUBMISSION/Inventory_Photos/Electronics_Robotics/E026_Jumper Wire M-M/WhatsApp Image 2026-08-11 at 6.07.02 PM (2).jpeg,E026,b50fecd04c7ccfad82e3636989325914dc6993df176fabb0680a728f6925d452,dup-0001,train
FOR AIIC SUBMISSION/Inventory_Photos/Electronics_Robotics/E024_Light Dependent Resistor (LDR)/IMG_2342.JPG,E024,cc16e323df88b32b938050f765bbd2db672cab3df92f5348ce3706ecfa77a855,unique-1106,train
FOR AIIC SUBMISSION/Inventory_Photos/Electronics_Robotics/E029_Maker Line Sensor/IMG_2328.JPG,E029,cec4d8fd7fd006b3a88176dca49d9d3c8c63405135e86fbd0836a92916e0cb28,unique-1107,test
FOR AIIC SUBMISSION/Inventory_Photos/Electronics_Robotics/E025_Resistor 220Ω/WhatsApp Image 2026-08-12 at 10.37.31 AM.jpeg,E025,5cb972d7239a9e388a932c151330b65fdd6e1a1bfb2b65d079947d229040f9af,unique-1108,train
FOR AIIC SUBMISSION/Inventory_Photos/Electronics_Robotics/E020_MAX30102 Heart Rate and Pulse Oximetry Sensor/IMG_6168.HEIC,E020,422dfb956e90ce838b1a39bfb93ec44c17b08fc41dd30b6da8d355679df6a5f4,unique-1109,train
FOR AIIC SUBMISSION/Inventory_Photos/Electronics_Robotics/E028_HC-SR501 PIR Motion Sensor/IMG_2353.JPG,E028,2338f4ae3ebb4c6fb15af1117a2ed2cc7c972a2d3d6fb375f22ebb80f529f198,unique-1110,train
FOR AIIC SUBMISSION/Inventory_Photos/Electronics_Robotics/E021_Soil Moisture Level Sensor/IMG_6118.HEIC,E021,185f90932156da9731ec4170d4db28103697731c322eb1b0321193b25efee74f,unique-1111,train
FOR AIIC SUBMISSION/Inventory_Photos/Electronics_Robotics/E021_Soil Moisture Level Sensor/IMG_2331.jpeg,E021,e40bd73a7bf8f6ba14390034610ea6976dc672a3c084e6816c99ad70a5d344c9,dup-0040,test
FOR AIIC SUBMISSION/Inventory_Photos/Electronics_Robotics/E028_HC-SR501 PIR Motion Sensor/IMG_6143.HEIC,E028,1b4d5bbf68b73b75defd59bc32b21d35f464af56d3df22f5afa4ae8a8cc6efce,unique-1113,validation
FOR AIIC SUBMISSION/Inventory_Photos/Electronics_Robotics/E021_Soil Moisture Level Sensor/IMG_2331.JPG,E021,e40bd73a7bf8f6ba14390034610ea6976dc672a3c084e6816c99ad70a5d344c9,dup-0040,test
FOR AIIC SUBMISSION/Inventory_Photos/Electronics_Robotics/E029_Maker Line Sensor/WhatsApp Image 2026-08-11 at 6.06.30 PM (2).jpeg,E029,b3e1965b288b51248658fc36309edc9eeacc3ad7fc165c884bb1aaf5349cbfd1,unique-1115,train
FOR AIIC SUBMISSION/Inventory_Photos/Electronics_Robotics/E024_Light Dependent Resistor (LDR)/IMG_2341.JPG,E024,a11a0f3e89f1a19cbb549965c46cdbe980ba6f327088cb073c64648e2bf448d1,unique-1116,train
FOR AIIC SUBMISSION/Inventory_Photos/Electronics_Robotics/E026_Jumper Wire M-M/WhatsApp Image 2026-08-11 at 6.07.05 PM (2).jpeg,E026,391dd8478d5ef6fbdcb27bf45666e8abf2ec1f70a0a459eb02af0284d2c63c5b,dup-0041,validation
FOR AIIC SUBMISSION/Inventory_Photos/Electronics_Robotics/E029_Maker Line Sensor/WhatsApp Image 2026-08-11 at 6.06.31 PM (2).jpeg,E029,9a3c86b607a4d59c8a0c8d854946eb2ca2b3d53c504bb3a9b46677bfbcab2a5e,unique-1118,test
FOR AIIC SUBMISSION/Inventory_Photos/Electronics_Robotics/E026_Jumper Wire M-M/WhatsApp Image 2026-08-11 at 6.07.07 PM.jpeg,E026,5463657f7d5c77bdcbd9d09bc5f6f20c01abd1d6aed0d8b7d75074636f880cb6,dup-0001,train
FOR AIIC SUBMISSION/Inventory_Photos/Electronics_Robotics/E026_Jumper Wire M-M/WhatsApp Image 2026-08-11 at 6.07.07 PM (2).jpeg,E026,7f52af773496fcf52ed48a0e772143916df28074e3e8a79ce3fd67972cd067b8,dup-0042,test
FOR AIIC SUBMISSION/Inventory_Photos/Electronics_Robotics/E024_Light Dependent Resistor (LDR)/WhatsApp Image 2026-08-11 at 6.06.18 PM.jpeg,E024,f935ec5e5f4283e3cbe2b9c5c0dee66da03994d7bf08393ec82e600b7c57627c,unique-1121,train
FOR AIIC SUBMISSION/Inventory_Photos/Electronics_Robotics/E025_Resistor 220Ω/IMG_6106.HEIC,E025,e07513b4871339f0086fe21ccecf9e19c83b3da562857176c64053e0c602a789,unique-1122,train
FOR AIIC SUBMISSION/Inventory_Photos/Electronics_Robotics/E024_Light Dependent Resistor (LDR)/WhatsApp Image 2026-08-11 at 6.06.17 PM.jpeg,E024,9f429bcd8f539e6c2dc45f7e2125f73d6b5f0348d0ed82ac2af8ce33a3b57e96,unique-1123,test
FOR AIIC SUBMISSION/Inventory_Photos/Electronics_Robotics/E025_Resistor 220Ω/WhatsApp Image 2026-08-12 at 10.37.43 AM.jpeg,E025,7021171a47cede6c712cfe64cd64eaeaf50bfc51fafc68280c6486074bdf5079,unique-1124,train
FOR AIIC SUBMISSION/Inventory_Photos/Electronics_Robotics/E029_Maker Line Sensor/IMG_2327.JPG,E029,f7c831905d6548d708962ddca268c0823012c43092242bb0e50b2122ffa4ed4c,unique-1125,validation
FOR AIIC SUBMISSION/Inventory_Photos/Electronics_Robotics/E029_Maker Line Sensor/IMG_6187.HEIC,E029,86a269eb883185f8739aa30ff820fbedbd6a3956f7b8c463f5e506f5897df454,unique-1126,train
FOR AIIC SUBMISSION/Inventory_Photos/Electronics_Robotics/E020_MAX30102 Heart Rate and Pulse Oximetry Sensor/IMG_6166.HEIC,E020,6f189f6bf02d246cdc89ce41fefb71dd11b2f66819266b5597f335d6d7a6510c,unique-1127,train
FOR AIIC SUBMISSION/Inventory_Photos/Electronics_Robotics/E026_Jumper Wire M-M/WhatsApp Image 2026-08-11 at 6.07.03 PM (2).jpeg,E026,4e47b09eaee6557ea627459866199ba2ec9730ae17ebb1d57a7ce655882678cb,dup-0026,train
FOR AIIC SUBMISSION/Inventory_Photos/Electronics_Robotics/E025_Resistor 220Ω/WhatsApp Image 2026-08-11 at 6.06.23 PM (2).jpeg,E025,8fcbf8dfad5ce0caf2127a97cd2a3c916ca6cfe7e1501f518a9ccd33c19c60c6,unique-1129,train
FOR AIIC SUBMISSION/Inventory_Photos/Electronics_Robotics/E026_Jumper Wire M-M/WhatsApp Image 2026-08-11 at 6.07.04 PM.jpeg,E026,b01abbd4686828520e678a7089513f056875efa71da86a3d193b36dc769c4bec,dup-0001,train
FOR AIIC SUBMISSION/Inventory_Photos/Electronics_Robotics/E026_Jumper Wire M-M/WhatsApp Image 2026-08-11 at 6.07.06 PM (3).jpeg,E026,ab9bcde60abfcf4552458602b74a07a9a1c23dd34bdd207a4dea6b4afd1e71a8,unique-1131,train
FOR AIIC SUBMISSION/Inventory_Photos/Electronics_Robotics/E024_Light Dependent Resistor (LDR)/WhatsApp Image 2026-08-11 at 6.06.17 PM (1).jpeg,E024,27bf821c621fae4670701a98b730e57bc8d9462a82ca36966a84882fc4ffbffd,unique-1132,train
FOR AIIC SUBMISSION/Inventory_Photos/Electronics_Robotics/E020_MAX30102 Heart Rate and Pulse Oximetry Sensor/IMG_6170.HEIC,E020,c24563bbb8c96ec3ab8df21ffad37b0f95768e0a8629c7df3aa8318286b36d1a,unique-1133,train
FOR AIIC SUBMISSION/Inventory_Photos/Electronics_Robotics/E025_Resistor 220Ω/WhatsApp Image 2026-08-12 at 10.37.30 AM.jpeg,E025,10c2b8272396a34a64fe1855c5931b7337f6355b080cb09181388ac1e1f98575,unique-1134,train
FOR AIIC SUBMISSION/Inventory_Photos/Electronics_Robotics/E024_Light Dependent Resistor (LDR)/IMG_2340.JPG,E024,fa1b3364a68472d25b0195d17e9bf1c99124fcd55207d3da657ecb3eed4f74dd,unique-1135,test
FOR AIIC SUBMISSION/Inventory_Photos/Electronics_Robotics/E027_Jumper Wire M-F/WhatsApp Image 2026-08-11 at 6.07.05 PM (2).jpeg,E027,391dd8478d5ef6fbdcb27bf45666e8abf2ec1f70a0a459eb02af0284d2c63c5b,dup-0041,validation
FOR AIIC SUBMISSION/Inventory_Photos/Electronics_Robotics/E021_Soil Moisture Level Sensor/IMG_6117.HEIC,E021,8af3f56028a58097b1be840a7b5db71c43abc50a62da95c16ab02d32b47265c4,unique-1137,train
FOR AIIC SUBMISSION/Inventory_Photos/Electronics_Robotics/E025_Resistor 220Ω/WhatsApp Image 2026-08-12 at 10.37.42 AM.jpeg,E025,d809258948e392423d9d95e1cb50cc30fdb6aac20b2cc7f7b5e5adf7ab069b88,unique-1138,train
FOR AIIC SUBMISSION/Inventory_Photos/Electronics_Robotics/E027_Jumper Wire M-F/WhatsApp Image 2026-08-11 at 6.07.05 PM.jpeg,E027,33bf7760e875edffc0548304cdb2f7ac9c3e072e3a2d0e3913100bccf6dbadbe,dup-0043,train
FOR AIIC SUBMISSION/Inventory_Photos/Electronics_Robotics/E027_Jumper Wire M-F/WhatsApp Image 2026-08-11 at 6.07.07 PM (1).jpeg,E027,857a83b6662ffea6e70c5a41acfb9d8494a98754923e10e48cc9664eeac439de,unique-1140,train
FOR AIIC SUBMISSION/Inventory_Photos/Electronics_Robotics/E028_HC-SR501 PIR Motion Sensor/IMG_2356.JPG,E028,c8a33d56d304430052cedf43a2d50527d6945f48f6b274ed04683475902f6fec,unique-1141,train
FOR AIIC SUBMISSION/Inventory_Photos/Electronics_Robotics/E029_Maker Line Sensor/IMG_2329.JPG,E029,2a2f905e257841985cdd61e80decde927e1d2484ea341dd2e74998a766186c75,unique-1142,test
FOR AIIC SUBMISSION/Inventory_Photos/Electronics_Robotics/E027_Jumper Wire M-F/WhatsApp Image 2026-08-11 at 6.07.07 PM.jpeg,E027,5463657f7d5c77bdcbd9d09bc5f6f20c01abd1d6aed0d8b7d75074636f880cb6,dup-0001,train
FOR AIIC SUBMISSION/Inventory_Photos/Electronics_Robotics/E026_Jumper Wire M-M/WhatsApp Image 2026-08-11 at 6.07.06 PM (1).jpeg,E026,af047dda5acf8c2f5d60b44063a86bf62b18c1a2773678e355ca244087e4c5cd,dup-0001,train
FOR AIIC SUBMISSION/Inventory_Photos/Electronics_Robotics/E028_HC-SR501 PIR Motion Sensor/IMG_6146.HEIC,E028,85965af8b270b0642a2a944dc15fab1a330ebd8e1d18209d6ea2447e0c0e1a32,unique-1145,train
FOR AIIC SUBMISSION/Inventory_Photos/Electronics_Robotics/E029_Maker Line Sensor/IMG_6189.HEIC,E029,b44febff65a2a2ddc1734e12f9b757789acaee9dcf585cc0a1d33bc7f5dc9685,unique-1146,train
FOR AIIC SUBMISSION/Inventory_Photos/Electronics_Robotics/E026_Jumper Wire M-M/WhatsApp Image 2026-08-11 at 6.07.05 PM.jpeg,E026,33bf7760e875edffc0548304cdb2f7ac9c3e072e3a2d0e3913100bccf6dbadbe,dup-0043,train
FOR AIIC SUBMISSION/Inventory_Photos/Electronics_Robotics/E021_Soil Moisture Level Sensor/IMG_6116.HEIC,E021,0dbfc421f9aa1da1d9eeb1a7e78a3eb7882a98ee6f348553e9c5343e27ae3ca5,unique-1148,train
FOR AIIC SUBMISSION/Inventory_Photos/Electronics_Robotics/E024_Light Dependent Resistor (LDR)/IMG_6206.HEIC,E024,37f8830a86e1dc3488abcdb09fb892c01974970e1512ec137db9ea2b699f9efc,unique-1149,train
FOR AIIC SUBMISSION/Inventory_Photos/Electronics_Robotics/E025_Resistor 220Ω/WhatsApp Image 2026-08-12 at 10.37.43 AM (2).jpeg,E025,05280e450cbe539f79b60f5ca0e1bf69f589ab65f4c442d72a9c1e17565a2d79,unique-1150,train
FOR AIIC SUBMISSION/Inventory_Photos/Electronics_Robotics/E027_Jumper Wire M-F/WhatsApp Image 2026-08-11 at 6.07.06 PM (1).jpeg,E027,af047dda5acf8c2f5d60b44063a86bf62b18c1a2773678e355ca244087e4c5cd,dup-0001,train
FOR AIIC SUBMISSION/Inventory_Photos/Electronics_Robotics/E025_Resistor 220Ω/IMG_6209.HEIC,E025,180b54f211ec7b0fc79b0536e06af9d08b4955b46c9542688c2c6a2af2adb833,unique-1152,train
FOR AIIC SUBMISSION/Inventory_Photos/Electronics_Robotics/E021_Soil Moisture Level Sensor/WhatsApp Image 2026-08-11 at 6.03.22 PM.jpeg,E021,f3522e8a0e81776374bed44a5106f7a9c685f3deb58366eda0cde01bf9708364,unique-1153,test
FOR AIIC SUBMISSION/Inventory_Photos/Electronics_Robotics/E026_Jumper Wire M-M/WhatsApp Image 2026-08-11 at 6.07.09 PM (1).jpeg,E026,8608b83372fa0c33b24354151116c958fc08e14b83122894e27ebde0b2af78c4,dup-0011,train
FOR AIIC SUBMISSION/Inventory_Photos/Electronics_Robotics/E027_Jumper Wire M-F/WhatsApp Image 2026-08-11 at 6.07.09 PM (1).jpeg,E027,8608b83372fa0c33b24354151116c958fc08e14b83122894e27ebde0b2af78c4,dup-0011,train
FOR AIIC SUBMISSION/Inventory_Photos/Electronics_Robotics/E028_HC-SR501 PIR Motion Sensor/IMG_6145.HEIC,E028,6157a0c46e9cb719c3291ae58dedfe966608b873fc382ce088a92714681b0dc2,unique-1156,train
FOR AIIC SUBMISSION/Inventory_Photos/Electronics_Robotics/E026_Jumper Wire M-M/WhatsApp Image 2026-08-11 at 6.07.09 PM (1)(1).jpeg,E026,8608b83372fa0c33b24354151116c958fc08e14b83122894e27ebde0b2af78c4,dup-0011,train
FOR AIIC SUBMISSION/Inventory_Photos/Electronics_Robotics/E027_Jumper Wire M-F/WhatsApp Image 2026-08-11 at 6.07.09 PM (2).jpeg,E027,932467a7cd5534dfba1037b038cf286a2dd0cb6d633d21d3f1a6ef23be0d58a2,unique-1158,train
FOR AIIC SUBMISSION/Inventory_Photos/Electronics_Robotics/E027_Jumper Wire M-F/WhatsApp Image 2026-08-11 at 6.07.05 PM (1).jpeg,E027,069c4804f296b1b7502034c7118fe17f90fe5bf9d2c5327ad27ae2161c8118de,dup-0012,train
FOR AIIC SUBMISSION/Inventory_Photos/Electronics_Robotics/E028_HC-SR501 PIR Motion Sensor/IMG_6142.HEIC,E028,7547eeeb994ec4bae283d9a63f787371a43948353e3668d10f8747563f304253,unique-1160,train
FOR AIIC SUBMISSION/Inventory_Photos/Electronics_Robotics/E029_Maker Line Sensor/IMG_6190.HEIC,E029,253c3f6f009d874af2c68a5c4b1ff93c68064da036f0f54a294f0130b1cd5f98,unique-1161,train
FOR AIIC SUBMISSION/Inventory_Photos/Electronics_Robotics/E027_Jumper Wire M-F/WhatsApp Image 2026-08-11 at 6.07.05 PM (1)(1).jpeg,E027,069c4804f296b1b7502034c7118fe17f90fe5bf9d2c5327ad27ae2161c8118de,dup-0012,train
FOR AIIC SUBMISSION/Inventory_Photos/Electronics_Robotics/E024_Light Dependent Resistor (LDR)/IMG_2339.JPG,E024,a6cb7f1a73224dbcb2f13a5908f2d4426aba0f431756ae8f39e423457eb82970,unique-1163,train
FOR AIIC SUBMISSION/Inventory_Photos/Electronics_Robotics/E025_Resistor 220Ω/WhatsApp Image 2026-08-12 at 10.37.25 AM.jpeg,E025,09e6eac57202bf02fc4b0c2a765f7b3bc2b22cbafd0c7c4e63044271151a10d1,unique-1164,validation
FOR AIIC SUBMISSION/Inventory_Photos/Laboratory_Science_Supplies/L006_conical flask 5000ml/L006_CONICAL FLASK 5000ML_L006_11.JPG,L006,88aaced23c8bb7553d3ccb4a50ec2c421a2501ee79aec607eb03243bfdf435c6,dup-0044,train
FOR AIIC SUBMISSION/Inventory_Photos/Electronics_Robotics/E020_MAX30102 Heart Rate and Pulse Oximetry Sensor/IMG_2323.JPG,E020,2813c81b8d8868a737e9af07c63e41fd65946e7e81f68549cf75fd6ecd605bc1,unique-1166,train
FOR AIIC SUBMISSION/Inventory_Photos/Laboratory_Science_Supplies/L006_conical flask 5000ml/L006_CONICAL FLASK 5000ML_L006_02.JPG,L006,88aaced23c8bb7553d3ccb4a50ec2c421a2501ee79aec607eb03243bfdf435c6,dup-0044,train
FOR AIIC SUBMISSION/Inventory_Photos/Electronics_Robotics/E022_Rocker Switch 6pin/WhatsApp Image 2026-08-11 at 6.03.25 PM (2).jpeg,E022,bc58cfb63d6946b6f6882300c2200f990dffb6ab47b58a210e79c106cfe9ec58,unique-1168,test
FOR AIIC SUBMISSION/Inventory_Photos/Electronics_Robotics/E024_Light Dependent Resistor (LDR)/WhatsApp Image 2026-08-11 at 6.06.17 PM (2).jpeg,E024,d30162b80c1213a847c2b662659cb974284301003fbecf79810679c5253a5269,unique-1169,test
FOR AIIC SUBMISSION/Inventory_Photos/Laboratory_Science_Supplies/L006_conical flask 5000ml/L006_CONICAL FLASK 5000ML_L006_16.JPG,L006,86072845af060064cf6ca0f2e3afa26208fc4d1baeffab47543db91601a20097,unique-1170,train
FOR AIIC SUBMISSION/Inventory_Photos/Electronics_Robotics/E027_Jumper Wire M-F/WhatsApp Image 2026-08-11 at 6.07.10 PM.jpeg,E027,00e23d1b64e7cff4e2245aa9086ff0680edaa3ee265f21ddfc6fde178a48a43a,unique-1171,validation
FOR AIIC SUBMISSION/Inventory_Photos/Electronics_Robotics/E026_Jumper Wire M-M/WhatsApp Image 2026-08-11 at 6.07.02 PM (1).jpeg,E026,73fac5dafd89fbc786a39f9e8d61a53cec8d82d4e0c8df2b5fbd602c749e35bd,dup-0042,test
FOR AIIC SUBMISSION/Inventory_Photos/Electronics_Robotics/E027_Jumper Wire M-F/WhatsApp Image 2026-08-11 at 6.07.09 PM.jpeg,E027,2e5f20990dd151809977a96e1096c61002f601716a9abb14096e09da6d083136,dup-0012,train
FOR AIIC SUBMISSION/Inventory_Photos/Electronics_Robotics/E029_Maker Line Sensor/IMG_2330.JPG,E029,7352fbb868c3d3e98a0151cdedc0454dfc845f2e8f153919c270fe9e97ac4333,unique-1174,train
FOR AIIC SUBMISSION/Inventory_Photos/Laboratory_Science_Supplies/L006_conical flask 5000ml/L006_CONICAL FLASK 5000ML_L006_01.JPG,L006,11c4070f01f250e69087144890255991d47a6d40b867062a5a5a0b5cc6812350,unique-1175,train
FOR AIIC SUBMISSION/Inventory_Photos/Laboratory_Science_Supplies/L006_conical flask 5000ml/L006_CONICAL FLASK 5000ML_L006_05.JPG,L006,05d99dea8011539843971d56c41e00f0d3f9d9f7f1bc874e21dc3cc07a78f21a,unique-1176,train
FOR AIIC SUBMISSION/Inventory_Photos/Electronics_Robotics/E026_Jumper Wire M-M/WhatsApp Image 2026-08-11 at 6.07.01 PM (1).jpeg,E026,a9e28c4eeec395e499f1bf3bcb538d6eeda438ae8edc8fde2e50f91591b6e39d,dup-0045,train
FOR AIIC SUBMISSION/Inventory_Photos/Electronics_Robotics/E024_Light Dependent Resistor (LDR)/IMG_2343.JPG,E024,94fd74c51209fead179f3dd75dcf98d360bd45684b3bc68e60b6f2f874a1d18c,unique-1178,train
FOR AIIC SUBMISSION/Inventory_Photos/Electronics_Robotics/E026_Jumper Wire M-M/WhatsApp Image 2026-08-11 at 6.07.03 PM (1).jpeg,E026,a9e28c4eeec395e499f1bf3bcb538d6eeda438ae8edc8fde2e50f91591b6e39d,dup-0045,train
FOR AIIC SUBMISSION/Inventory_Photos/Electronics_Robotics/E026_Jumper Wire M-M/WhatsApp Image 2026-08-11 at 6.07.06 PM.jpeg,E026,e7e47b000c58de3f23d5534c4ff1274d88cfdc7df7d2bba1828cdd843049b96a,dup-0001,train
FOR AIIC SUBMISSION/Inventory_Photos/Electronics_Robotics/E026_Jumper Wire M-M/IMG_6210.HEIC,E026,b9ae229a7eea341540fab6c5787e3c62c9663d55a9557aa8d20a7b820b30463d,unique-1181,train
FOR AIIC SUBMISSION/Inventory_Photos/Electronics_Robotics/E024_Light Dependent Resistor (LDR)/IMG_6205.HEIC,E024,e6a5a9771c634ae12f6c77f3d77f25360826e4936f13428ccd6e9e24e3fba20b,unique-1182,train
FOR AIIC SUBMISSION/Inventory_Photos/Electronics_Robotics/E026_Jumper Wire M-M/IMG_6212.HEIC,E026,cd9b362ec6fdfe0ad79065837ba837feda19262a9a7c834f275a47d3364ece99,unique-1183,test
FOR AIIC SUBMISSION/Inventory_Photos/Electronics_Robotics/E022_Rocker Switch 6pin/IMG_6236.HEIC,E022,8d92005224d122d56a0b43896ebec630af75023289e95db558e632cc0f0ec580,unique-1184,train
FOR AIIC SUBMISSION/Inventory_Photos/Electronics_Robotics/E025_Resistor 220Ω/WhatsApp Image 2026-08-12 at 10.37.15 AM (2).jpeg,E025,b57f8f51f747900d29b7dc2348be3a37428cda2d379dedb86b6bc6ef21926197,unique-1185,train
FOR AIIC SUBMISSION/Inventory_Photos/Electronics_Robotics/E022_Rocker Switch 6pin/IMG_6238.HEIC,E022,c3f16092c8e622503580c9e9109760421c97444a4d875706433d505b4c28e484,unique-1186,train
FOR AIIC SUBMISSION/Inventory_Photos/Electronics_Robotics/E024_Light Dependent Resistor (LDR)/IMG_6203.HEIC,E024,f5fde48fd350ddf5b73a46e29437b3be9dabddc56ae4548e310177642c2a012b,unique-1187,test
FOR AIIC SUBMISSION/Inventory_Photos/Laboratory_Science_Supplies/L006_conical flask 5000ml/L006_CONICAL FLASK 5000ML_L006_18.JPG,L006,a9660d412aec7e91fef8dfd9da18a4b62a3a097936ea8e73c901668f3db200b3,unique-1188,train
FOR AIIC SUBMISSION/Inventory_Photos/Electronics_Robotics/E021_Soil Moisture Level Sensor/IMG_6120.HEIC,E021,6ba4a0d334073bf8391b69ede004db9d117e0dcf30df6fbceb7695c2eea16d22,unique-1189,train
FOR AIIC SUBMISSION/Inventory_Photos/Laboratory_Science_Supplies/L003_beakers 250ml/L003_BEAKERS 250ML_L003_59.JPG,L003,270f8f31e2b522158452d1d3eb76bcb54ec6876687c646f842b591405d883377,unique-1190,train
FOR AIIC SUBMISSION/Inventory_Photos/Electronics_Robotics/E026_Jumper Wire M-M/IMG_2248.jpeg,E026,bb9192f8669fef09e783ae2fee80e337d3139f08f9c66dacbea8f52a2d1f671b,dup-0038,validation
FOR AIIC SUBMISSION/Inventory_Photos/Laboratory_Science_Supplies/L006_conical flask 5000ml/L006_CONICAL FLASK 5000ML_L006_08.JPG,L006,d9b022253fc59de9d535b9c76cf9332a5fc31b098f895a64b47be85e0dabc5c8,unique-1192,train
FOR AIIC SUBMISSION/Inventory_Photos/Laboratory_Science_Supplies/L006_conical flask 5000ml/L006_CONICAL FLASK 5000ML_L006_12.JPG,L006,a63ba6e4892cdcba0a148d28ab0385bc0029d65ad669095bf497d2ded447fa95,unique-1193,train
FOR AIIC SUBMISSION/Inventory_Photos/Electronics_Robotics/E021_Soil Moisture Level Sensor/IMG_2332.JPG,E021,11780023418b8169b2860de6a520899ae323810e7c8eb0b61b93d66a541b7002,unique-1194,train
FOR AIIC SUBMISSION/Inventory_Photos/Electronics_Robotics/E027_Jumper Wire M-F/IMG_6122.HEIC,E027,3ff3fdfc55f4fd821f3dd21148197f070eeda587757cfc76473a63437c654f4b,unique-1195,train
FOR AIIC SUBMISSION/Inventory_Photos/Laboratory_Science_Supplies/L006_conical flask 5000ml/L006_CONICAL FLASK 5000ML_L006_06.JPG,L006,131b92772cd1cff15c7906ee502c07b4cd8534b8d37289300a072b043112590b,unique-1196,train
FOR AIIC SUBMISSION/Inventory_Photos/Electronics_Robotics/E022_Rocker Switch 6pin/IMG_6237.HEIC,E022,4bc433fdfe0dcf08b468a92a637c4865c6baa5444d8dff51e511806957eb4a51,unique-1197,train
FOR AIIC SUBMISSION/Inventory_Photos/Laboratory_Science_Supplies/L003_beakers 250ml/L003_BEAKERS 250ML_L003_56.JPG,L003,b33c56a18302c74a5311a5faed17e16b8de1b61ba4dbfc2b591e847ec3f4da42,unique-1198,train
FOR AIIC SUBMISSION/Inventory_Photos/Laboratory_Science_Supplies/L003_beakers 250ml/L003_BEAKERS 250ML_L003_48.JPG,L003,115804f1332199b92cf96488dfbb592ff6aa879ad52853ed27dff8a36e3bbc19,unique-1199,train
FOR AIIC SUBMISSION/Inventory_Photos/Laboratory_Science_Supplies/L006_conical flask 5000ml/L006_CONICAL FLASK 5000ML_L006_17.JPG,L006,358225396d5d91407b378af6285b92379df129ec5566ee6b9579395bc4e10d85,unique-1200,test
FOR AIIC SUBMISSION/Inventory_Photos/Electronics_Robotics/E021_Soil Moisture Level Sensor/IMG_6119.HEIC,E021,32819817459f6d54dbe410cdbb2125fcff163450f85625924d98be96f9cfa818,unique-1201,train
FOR AIIC SUBMISSION/Inventory_Photos/Laboratory_Science_Supplies/L006_conical flask 5000ml/L006_CONICAL FLASK 5000ML_L006_04.JPG,L006,a0df3e7b47fe69a2ae34113cf1b755aa742324c8e8d3652cc5b727cc42753ba2,unique-1202,test
FOR AIIC SUBMISSION/Inventory_Photos/Electronics_Robotics/E027_Jumper Wire M-F/IMG_6201.HEIC,E027,a9a920b2334c4ec1b4ff65f3f1bd1e33a2376319e434eb78f1cdf4f3df1011ef,unique-1203,test
FOR AIIC SUBMISSION/Inventory_Photos/Electronics_Robotics/E027_Jumper Wire M-F/IMG_6200.HEIC,E027,a3fc03cc34f7ef9ed904d68a460e48106a4dfdd2bc2ebca323b9bf20e28a8027,unique-1204,train
FOR AIIC SUBMISSION/Inventory_Photos/Laboratory_Science_Supplies/L006_conical flask 5000ml/L006_CONICAL FLASK 5000ML_L006_14.JPG,L006,57bb73d0edea3f857c8f1123d0579f4ac78343f128d2985cd80680cfa934385e,unique-1205,train
FOR AIIC SUBMISSION/Inventory_Photos/Laboratory_Science_Supplies/L003_beakers 250ml/L003_BEAKERS 250ML_L003_53.JPG,L003,240850f6d3ec62a565b03bd6f7bd1213e449a734e71fe2de27b99b3af759abd6,unique-1206,validation
FOR AIIC SUBMISSION/Inventory_Photos/Laboratory_Science_Supplies/L003_beakers 250ml/L003_BEAKERS 250ML_L003_55.JPG,L003,f2b9aa55bd831b1e4783dcb25a45db3e44dab1224b4d69f3d34956636c50279b,unique-1207,train
FOR AIIC SUBMISSION/Inventory_Photos/Laboratory_Science_Supplies/L003_beakers 250ml/L003_BEAKERS 250ML_L003_52.JPG,L003,7963fdb28cfcc976e3553bb1c11ae43f16f86439029a65b51883feb0fdd8241b,unique-1208,train
FOR AIIC SUBMISSION/Inventory_Photos/Electronics_Robotics/E025_Resistor 220Ω/IMG_2258.JPG,E025,1a866370a04de4aa309293111e3c0467bd7b2d44406222ad894fa54b8171d7ae,unique-1209,train
FOR AIIC SUBMISSION/Inventory_Photos/Electronics_Robotics/E027_Jumper Wire M-F/IMG_2239.jpeg,E027,2a4614850c3b196d576489fd3555f7c5d66657d65f816e46afa942a29d713b7e,unique-1210,test
FOR AIIC SUBMISSION/Inventory_Photos/Electronics_Robotics/E022_Rocker Switch 6pin/WhatsApp Image 2026-08-11 at 6.03.27 PM.jpeg,E022,47342da4db2b9ec54733d9ace18620c1083e56661a508d1c1367ff74ec4334bc,unique-1211,train
FOR AIIC SUBMISSION/Inventory_Photos/Laboratory_Science_Supplies/L006_conical flask 5000ml/L006_CONICAL FLASK 5000ML_L006_03.JPG,L006,cd16ebb5997b5fd922ea33030819270cd4f02b04c43f7e30f8f70d36f190bee7,unique-1212,train
FOR AIIC SUBMISSION/Inventory_Photos/Laboratory_Science_Supplies/L003_beakers 250ml/L003_BEAKERS 250ML_L003_54.JPG,L003,cb0267b679b4b6435d9be0a3e9c552d7cd8e24c3587b61be10e5da7d0d756275,unique-1213,validation
FOR AIIC SUBMISSION/Inventory_Photos/Electronics_Robotics/E025_Resistor 220Ω/WhatsApp Image 2026-08-11 at 6.06.24 PM (2).jpeg,E025,39e11cac7ddb4f6246682e6dc6bda1df887cb83d02ed3f2a2ce02969c53fb0f0,unique-1214,test
FOR AIIC SUBMISSION/Inventory_Photos/Electronics_Robotics/E025_Resistor 220Ω/IMG_6207.HEIC,E025,14bc079e21f9f39d0bd130611813551828582c0663bc1372722dd60b84176d08,unique-1215,train
FOR AIIC SUBMISSION/Inventory_Photos/Laboratory_Science_Supplies/L006_conical flask 5000ml/L006_CONICAL FLASK 5000ML_L006_13.JPG,L006,ed253f19d3aec957445e990c5f6ba11aeba68e6a51c26629d3d3b26ca70272e4,unique-1216,train
FOR AIIC SUBMISSION/Inventory_Photos/Electronics_Robotics/E024_Light Dependent Resistor (LDR)/IMG_6204.HEIC,E024,ea4fc0fe07de3df510b59345fed2e51ef739f7ed3fc3589d62f065ce6d9b6125,unique-1217,train
FOR AIIC SUBMISSION/Inventory_Photos/Electronics_Robotics/E022_Rocker Switch 6pin/WhatsApp Image 2026-08-11 at 6.03.27 PM (2).jpeg,E022,badd6a6d04f82955951bc73741248fb53c8be1d5049d2c6d0983ee994eb0c261,unique-1218,test
FOR AIIC SUBMISSION/Inventory_Photos/Electronics_Robotics/E025_Resistor 220Ω/IMG_6208.HEIC,E025,b2cce420e2eb36df75b65a082768328c3ba4ce9e6b2580e1f551c15b047f7459,unique-1219,train
FOR AIIC SUBMISSION/Inventory_Photos/Electronics_Robotics/E025_Resistor 220Ω/IMG_2257.JPG,E025,154b0a037cab6d09fdcfa990dcd69f7ee7204c4cf8ae7352cafd0d32cf2c249e,unique-1220,train
FOR AIIC SUBMISSION/Inventory_Photos/Laboratory_Science_Supplies/L003_beakers 250ml/L003_BEAKERS 250ML_L003_44.JPG,L003,6da1045153f4f72f3ab7162fa0dc3e5d9694d221639daaa08818fe14eba2605a,unique-1221,train
FOR AIIC SUBMISSION/Inventory_Photos/Laboratory_Science_Supplies/L003_beakers 250ml/L003_BEAKERS 250ML_L003_50.JPG,L003,a57b284f74a8fae69a520d115530efa2dd9c11081855877ca190dcbe41abb11c,unique-1222,validation
FOR AIIC SUBMISSION/Inventory_Photos/Electronics_Robotics/E026_Jumper Wire M-M/WhatsApp Image 2026-08-11 at 6.07.03 PM.jpeg,E026,434db65da291ed63d13f26b1567d90410b37afaf8cedd049f8b16edb9b243a54,unique-1223,test
FOR AIIC SUBMISSION/Inventory_Photos/Laboratory_Science_Supplies/L006_conical flask 5000ml/L006_CONICAL FLASK 5000ML_L006_15.JPG,L006,5afdc62be7790b6dd88eb58eb4cc5fba5af52252af84354732ef5dbb568e8755,unique-1224,validation
FOR AIIC SUBMISSION/Inventory_Photos/Laboratory_Science_Supplies/L003_beakers 250ml/L003_BEAKERS 250ML_L003_42.JPG,L003,b5a16406c96dbbb7c4b4086bcdd072dd80edc3ee41f6f8f55f0abd5ea1c64903,unique-1225,test
FOR AIIC SUBMISSION/Inventory_Photos/Electronics_Robotics/E022_Rocker Switch 6pin/WhatsApp Image 2026-08-12 at 11.07.19 AM.jpeg,E022,c44899be6c32db4f3bf92c0181a61327c159eae590a6539bc13a3344408920a3,unique-1226,train
FOR AIIC SUBMISSION/Inventory_Photos/Electronics_Robotics/E027_Jumper Wire M-F/WhatsApp Image 2026-08-11 at 6.07.06 PM.jpeg,E027,e7e47b000c58de3f23d5534c4ff1274d88cfdc7df7d2bba1828cdd843049b96a,dup-0001,train
FOR AIIC SUBMISSION/Inventory_Photos/Laboratory_Science_Supplies/L006_conical flask 5000ml/L006_CONICAL FLASK 5000ML_L006_19.JPG,L006,ff16be2b55dae23cdd8a926eedbdb5888c086f1aba84c49ec1c14b0b0eaf3fc0,unique-1228,train
FOR AIIC SUBMISSION/Inventory_Photos/Laboratory_Science_Supplies/L003_beakers 250ml/L003_BEAKERS 250ML_L003_37.JPG,L003,e25894fe37e0a2c7f015a91877f890016d7f30803b601e0957c334f796d346ff,unique-1229,validation
FOR AIIC SUBMISSION/Inventory_Photos/Electronics_Robotics/E021_Soil Moisture Level Sensor/IMG_2333.jpeg,E021,cdc614e7b822cdc15ada076ea1d335cb674e3e625fe946bc6f0fbb0f9c9dd655,dup-0046,train
FOR AIIC SUBMISSION/Inventory_Photos/Laboratory_Science_Supplies/L003_beakers 250ml/L003_BEAKERS 250ML_L003_46.JPG,L003,bc22ac7ad407bf1a9ede77bbeeee5f75e50f5e02708308790b0883d7c8a84bc6,unique-1231,validation
FOR AIIC SUBMISSION/Inventory_Photos/Laboratory_Science_Supplies/L003_beakers 250ml/L003_BEAKERS 250ML_L003_25.JPG,L003,0477c23bb585e9edf0aa86932f23fbbd755fc9808aa9afbf0a934d18c46dcf95,unique-1232,test
FOR AIIC SUBMISSION/Inventory_Photos/Electronics_Robotics/E021_Soil Moisture Level Sensor/IMG_2241.jpeg,E021,13a66fb46cec439c004416e85395eba8cab2e01d833a212d5b3d370d737e979c,dup-0004,train
FOR AIIC SUBMISSION/Inventory_Photos/Electronics_Robotics/E021_Soil Moisture Level Sensor/IMG_2333.JPG,E021,cdc614e7b822cdc15ada076ea1d335cb674e3e625fe946bc6f0fbb0f9c9dd655,dup-0046,train
FOR AIIC SUBMISSION/Inventory_Photos/Laboratory_Science_Supplies/L003_beakers 250ml/L003_BEAKERS 250ML_L003_38.JPG,L003,4aef752589798ef9ddf6a18942fd3f175187fe217847a35adcbfa69837570187,unique-1235,train
FOR AIIC SUBMISSION/Inventory_Photos/Electronics_Robotics/E026_Jumper Wire M-M/IMG_6211.HEIC,E026,cbdab5b62eebcf233807f9666f896021354b87c98f4d0a0d87b2d9207a8cc0d1,unique-1236,test
FOR AIIC SUBMISSION/Inventory_Photos/Laboratory_Science_Supplies/L003_beakers 250ml/L003_BEAKERS 250ML_L003_60.JPG,L003,924d2852b91c71f9e5c215d0d2f316309f7216e57d5b870aa8023291899fac31,unique-1237,train
FOR AIIC SUBMISSION/Inventory_Photos/Laboratory_Science_Supplies/L003_beakers 250ml/L003_BEAKERS 250ML_L003_13.JPG,L003,ca69bc2e4f9c73e7bc8a87de4a54a19b81d379ec707619a05a25386e257118f2,unique-1238,train
FOR AIIC SUBMISSION/Inventory_Photos/Laboratory_Science_Supplies/L003_beakers 250ml/L003_BEAKERS 250ML_L003_57.JPG,L003,6cbc2ccb57d54c7c69855056fde4a1298b2ea3ac2a269e956f3d60f23f2acbfd,unique-1239,train
FOR AIIC SUBMISSION/Inventory_Photos/Electronics_Robotics/E027_Jumper Wire M-F/IMG_2243.jpeg,E027,4dc91d859f8d4366e060c5145d17eb6e5b93e1c52ddfbbb73bd9cbaddfbbbac2,dup-0013,train
FOR AIIC SUBMISSION/Inventory_Photos/Electronics_Robotics/E021_Soil Moisture Level Sensor/IMG_2334.jpeg,E021,6ccd0a71443bc5445e39a270f61bdacbf235528c1cf18752e78f6a65e88fe1fc,dup-0047,train
FOR AIIC SUBMISSION/Inventory_Photos/Laboratory_Science_Supplies/L003_beakers 250ml/L003_BEAKERS 250ML_L003_19.JPG,L003,5424d52ff8309a353bec0b530b43120c8b7622e6c8991a54e53e70140a82c744,unique-1242,train
FOR AIIC SUBMISSION/Inventory_Photos/Laboratory_Science_Supplies/L003_beakers 250ml/L003_BEAKERS 250ML_L003_14.JPG,L003,97000924e0b07096aa9c3332abb0dcf608c072347ae8985d5401d21e7377c788,unique-1243,train
FOR AIIC SUBMISSION/Inventory_Photos/Laboratory_Science_Supplies/L003_beakers 250ml/L003_BEAKERS 250ML_L003_49.JPG,L003,bceef0e0d59c7811aaac64e25a6a8059061601e0f796fd791bebe0f5a9273d58,unique-1244,train
FOR AIIC SUBMISSION/Inventory_Photos/Laboratory_Science_Supplies/L003_beakers 250ml/L003_BEAKERS 250ML_L003_33.JPG,L003,7beb956642a04ef98febc7acf0206b3020f12c1282786d0196f3cc02eab81634,unique-1245,test
FOR AIIC SUBMISSION/Inventory_Photos/Electronics_Robotics/E021_Soil Moisture Level Sensor/IMG_2334.JPG,E021,6ccd0a71443bc5445e39a270f61bdacbf235528c1cf18752e78f6a65e88fe1fc,dup-0047,train
FOR AIIC SUBMISSION/Inventory_Photos/Electronics_Robotics/E022_Rocker Switch 6pin/IMG_6163.HEIC,E022,e26cd3af730b1be1e9ceac34388982ceda7b35bdbf139ee7a9e27bb1bed033aa,unique-1247,train
FOR AIIC SUBMISSION/Inventory_Photos/Laboratory_Science_Supplies/L003_beakers 250ml/L003_BEAKERS 250ML_L003_31.JPG,L003,fbaf35862e6f6aef37c2b5d23fde951ae2a996bc856751eab4785e7c1c50dbc4,unique-1248,train
FOR AIIC SUBMISSION/Inventory_Photos/Laboratory_Science_Supplies/L003_beakers 250ml/L003_BEAKERS 250ML_L003_22.JPG,L003,92d3679c40c4763f1168a77c1d11cf2e67b931723d27e3491ea1a7d4bd29d55f,unique-1249,train
FOR AIIC SUBMISSION/Inventory_Photos/Laboratory_Science_Supplies/L003_beakers 250ml/L003_BEAKERS 250ML_L003_05.JPG,L003,94d68306c6cfa59bcd4d86fb4c919ee22995346df6562010f1ad9f84c5c7c582,unique-1250,train
FOR AIIC SUBMISSION/Inventory_Photos/Laboratory_Science_Supplies/L003_beakers 250ml/L003_BEAKERS 250ML_L003_18.JPG,L003,789db969227a83851a0692132240a7be69d0298560df5e5137513d72aba0aeb7,unique-1251,validation
FOR AIIC SUBMISSION/Inventory_Photos/Laboratory_Science_Supplies/L003_beakers 250ml/L003_BEAKERS 250ML_L003_12.JPG,L003,fb28eb6314952128f81f21d68ec0315d5c52ec2b86c035654195635e770a922a,unique-1252,train
FOR AIIC SUBMISSION/Inventory_Photos/Laboratory_Science_Supplies/L003_beakers 250ml/L003_BEAKERS 250ML_L003_41.JPG,L003,42f2f14f74202cd6883e86210bc0cea5aea177fac349d1f31d9c5decc82c5f22,unique-1253,train
FOR AIIC SUBMISSION/Inventory_Photos/Laboratory_Science_Supplies/L003_beakers 250ml/L003_BEAKERS 250ML_L003_03.JPG,L003,ad762dc8ac31ef19d6db578a852441a9c3c511b87556eef1a6c1cf6ea7ef64c9,unique-1254,train
FOR AIIC SUBMISSION/Inventory_Photos/Laboratory_Science_Supplies/L006_conical flask 5000ml/L006_CONICAL FLASK 5000ML_L006_10.JPG,L006,39628fc4f9349842526f5bde35c991af3e802454f0a6b5df0f147e6c668b3878,unique-1255,validation
FOR AIIC SUBMISSION/Inventory_Photos/Laboratory_Science_Supplies/L003_beakers 250ml/L003_BEAKERS 250ML_L003_21.JPG,L003,08ab5473c3c3b6f67a368dbcd2380f7176fb7ec7571c0f2a553d0982a2cf32d2,unique-1256,train
FOR AIIC SUBMISSION/Inventory_Photos/Laboratory_Science_Supplies/L003_beakers 250ml/L003_BEAKERS 250ML_L003_06.JPG,L003,5ed11e747062ef21653b45f1b3e76677af0136310b839f5a20656a1c1e327be1,unique-1257,train
FOR AIIC SUBMISSION/Inventory_Photos/Laboratory_Science_Supplies/L003_beakers 250ml/L003_BEAKERS 250ML_L003_39.JPG,L003,0724cc62a16d18cb06ac5fbfb601cab917f32995e87cee068a4fdb65f7ad1944,unique-1258,train
FOR AIIC SUBMISSION/Inventory_Photos/Electronics_Robotics/E026_Jumper Wire M-M/IMG_2247.jpeg,E026,777026cf6465d775f6f85e573ddd71c2773da5be7a80ac255323808da0c18c46,dup-0048,test
FOR AIIC SUBMISSION/Inventory_Photos/Laboratory_Science_Supplies/L003_beakers 250ml/L003_BEAKERS 250ML_L003_58.JPG,L003,5e681a0805fffeb818480345feb03e3ac316e00ba885753071282347b96cc8b6,unique-1260,train
FOR AIIC SUBMISSION/Inventory_Photos/Laboratory_Science_Supplies/L003_beakers 250ml/L003_BEAKERS 250ML_L003_36.JPG,L003,3614db2816a2bfa43f073b7653e6787c5801efa01318c255405e4f9c7ddedf71,unique-1261,train
FOR AIIC SUBMISSION/Inventory_Photos/Laboratory_Science_Supplies/L003_beakers 250ml/L003_BEAKERS 250ML_L003_34.JPG,L003,c6b65eb7f0d3f1200a6eeead1506af7505344200140e907c8917c19e7dc6b5ec,unique-1262,train
FOR AIIC SUBMISSION/Inventory_Photos/Laboratory_Science_Supplies/L003_beakers 250ml/L003_BEAKERS 250ML_L003_04.JPG,L003,bd91f32737cf0c37d8d9480c5ec731eafb804554dbf61563b28bfe04d8794fbb,unique-1263,train
FOR AIIC SUBMISSION/Inventory_Photos/Laboratory_Science_Supplies/L003_beakers 250ml/L003_BEAKERS 250ML_L003_35.JPG,L003,d231acecacd44d0fb1060c3470ceb5094474c5b7c140d99f9d790ec0f6bbd003,unique-1264,train
FOR AIIC SUBMISSION/Inventory_Photos/Electronics_Robotics/E025_Resistor 220Ω/WhatsApp Image 2026-08-12 at 10.37.43 AM (1).jpeg,E025,e90d6b96a9e5b482de57bdb7ba6c5845b7894cbd32b319daafe3162aa0fa7823,unique-1265,train
FOR AIIC SUBMISSION/Inventory_Photos/Electronics_Robotics/E022_Rocker Switch 6pin/IMG_6235.HEIC,E022,1ac4a4ccd3ad4e592e7c402ca70f2327d578771ab509650bcb52ac41b5cabcb1,unique-1266,train
FOR AIIC SUBMISSION/Inventory_Photos/Laboratory_Science_Supplies/L006_conical flask 5000ml/L006_CONICAL FLASK 5000ML_L006_07.JPG,L006,dc306d58689123dffc4f4ea4756718253254b6818b3fb244da93600d311da9f9,unique-1267,test
FOR AIIC SUBMISSION/Inventory_Photos/Laboratory_Science_Supplies/L003_beakers 250ml/L003_BEAKERS 250ML_L003_32.JPG,L003,57f2e05f36aaec78ed8c73000b1291cc505fa35029a215fc423f039cee324a36,unique-1268,train
FOR AIIC SUBMISSION/Inventory_Photos/Electronics_Robotics/E027_Jumper Wire M-F/IMG_6202.HEIC,E027,4f2e40d09aa12325ef10feda46460b55a9a7c0d8e526e946dbf59ca8cdfa7d32,unique-1269,test
FOR AIIC SUBMISSION/Inventory_Photos/Electronics_Robotics/E022_Rocker Switch 6pin/IMG_6161.HEIC,E022,9572ded26eb7e0b8b22e24b1239a08826b9d21f7eff84fe300f3c91570bda046,unique-1270,train
FOR AIIC SUBMISSION/Inventory_Photos/Laboratory_Science_Supplies/L003_beakers 250ml/L003_BEAKERS 250ML_L003_15.JPG,L003,5a18d60085a99a2186404407926ad8f80ac5c652bb570398251fb229107f325f,unique-1271,train
FOR AIIC SUBMISSION/Inventory_Photos/Electronics_Robotics/E022_Rocker Switch 6pin/IMG_6160.HEIC,E022,d63972e29bd55d6d246c5f0abc194895d2297efde2446fbaa4ac758ad0bd1ad1,unique-1272,test
FOR AIIC SUBMISSION/Inventory_Photos/Laboratory_Science_Supplies/L003_beakers 250ml/L003_BEAKERS 250ML_L003_08.JPG,L003,7c1cd02504facbf3a617e3453da0106d95241bc859af3112b5eaf7abee369d9e,unique-1273,train
FOR AIIC SUBMISSION/Inventory_Photos/Electronics_Robotics/E016_CR2032 battery holder/WhatsApp Image 2026-08-11 at 6.05.24 PM.jpeg,E016,2224134def935f3e07e36cb92e580a01b29f8da6b3002b7388075b61fc674513,unique-1274,validation
FOR AIIC SUBMISSION/Inventory_Photos/Electronics_Robotics/E027_Jumper Wire M-F/WhatsApp Image 2026-08-11 at 6.07.08 PM (1).jpeg,E027,16420dd05ba8e1b19f7e07c88d089c568ea93d713ce8795c45bc54eb49727310,unique-1275,train
FOR AIIC SUBMISSION/Inventory_Photos/Laboratory_Science_Supplies/L003_beakers 250ml/L003_BEAKERS 250ML_L003_09.JPG,L003,677edb8187aed48a07db417a5cee71d6147d479a4b3a99cb334e1153e6250ec0,unique-1276,train
FOR AIIC SUBMISSION/Inventory_Photos/Laboratory_Science_Supplies/L003_beakers 250ml/L003_BEAKERS 250ML_L003_17.JPG,L003,4971c6643e6a73c651b9598ef43a077937239a888bc88e076dbc25bc2d54628f,unique-1277,train
FOR AIIC SUBMISSION/Inventory_Photos/Electronics_Robotics/E027_Jumper Wire M-F/IMG_2241.jpeg,E027,13a66fb46cec439c004416e85395eba8cab2e01d833a212d5b3d370d737e979c,dup-0004,train
FOR AIIC SUBMISSION/Inventory_Photos/Laboratory_Science_Supplies/L003_beakers 250ml/L003_BEAKERS 250ML_L003_16.JPG,L003,417022f0857780acb252edb4d4e527f816ad691b5192ab50b139979c469c18e6,unique-1279,train
FOR AIIC SUBMISSION/Inventory_Photos/Laboratory_Science_Supplies/L003_beakers 250ml/L003_BEAKERS 250ML_L003_29.JPG,L003,740d27a886d8aacd68c5f8ea5fac72affc39fa0d4cae9b0d445b301571a1081a,unique-1280,train
FOR AIIC SUBMISSION/Inventory_Photos/Laboratory_Science_Supplies/L003_beakers 250ml/L003_BEAKERS 250ML_L003_51.JPG,L003,7661802f5dcc798b3295e5e472ebb65a5578b078ca70a78f2d6492b4932bb0bc,unique-1281,train
FOR AIIC SUBMISSION/Inventory_Photos/Laboratory_Science_Supplies/L003_beakers 250ml/L003_BEAKERS 250ML_L003_30.JPG,L003,67627f34713d6eef9a91a2d85bd873069ef1f11cf55f88007bc84b9626d03055,unique-1282,train
FOR AIIC SUBMISSION/Inventory_Photos/Electronics_Robotics/E012_Infrared (IR) Proximity Sensor module/WhatsApp Image 2026-08-11 at 6.03.15 PM.jpeg,E012,095c1dd46ceb12379b6b999da10658658a83a6738c3b26368faed73b4b779c61,unique-1283,train
FOR AIIC SUBMISSION/Inventory_Photos/Electronics_Robotics/E012_Infrared (IR) Proximity Sensor module/WhatsApp Image 2026-08-11 at 6.03.12 PM.jpeg,E012,ffaa2407d5c739700a5758403feb7de36a877649088d9aed51fa2fc5a334396c,unique-1284,test
FOR AIIC SUBMISSION/Inventory_Photos/Laboratory_Science_Supplies/L003_beakers 250ml/L003_BEAKERS 250ML_L003_28.JPG,L003,ae3726a451b24eecb819fd36302a3ec668f4c6970498441ce19ce698381cd145,unique-1285,train
FOR AIIC SUBMISSION/Inventory_Photos/Laboratory_Science_Supplies/L003_beakers 250ml/L003_BEAKERS 250ML_L003_23.JPG,L003,b560e2c00a577eabdcefef2aa4aa14eaa762313e451cdf483133fc37c9cf74b2,unique-1286,train
FOR AIIC SUBMISSION/Inventory_Photos/Electronics_Robotics/E016_CR2032 battery holder/IMG_2322.JPG,E016,8ec20680debbde5303a152778a92427188a2bf9131b6090d6640fb4503d11b2a,dup-0049,validation
FOR AIIC SUBMISSION/Inventory_Photos/Laboratory_Science_Supplies/L006_conical flask 5000ml/L006_CONICAL FLASK 5000ML_L006_09.JPG,L006,51edd3bfd93676b029b2b45e7e3fd0ebbff5f2cf0b92b03e4277b12c24435bf6,unique-1288,train
FOR AIIC SUBMISSION/Inventory_Photos/Electronics_Robotics/E012_Infrared (IR) Proximity Sensor module/WhatsApp Image 2026-08-11 at 6.03.10 PM.jpeg,E012,6c8081cbc37a0fc267d1f66bc99978b80142f23bd3e9b7e4173d9bdc95e226c8,unique-1289,train
FOR AIIC SUBMISSION/Inventory_Photos/Electronics_Robotics/E016_CR2032 battery holder/WhatsApp Image 2026-08-11 at 6.05.24 PM (1).jpeg,E016,bcb3f99a5c973b591fbebe5a5a347dfe757ce34e753bc47494833d0924b7fcc0,unique-1290,train
FOR AIIC SUBMISSION/Inventory_Photos/Laboratory_Science_Supplies/L003_beakers 250ml/L003_BEAKERS 250ML_L003_26.JPG,L003,a13b1d8fa9cc1d85992ea39a5fb41ad5357f3383cf1b405bb3635819c7651dde,unique-1291,train
FOR AIIC SUBMISSION/Inventory_Photos/Electronics_Robotics/E016_CR2032 battery holder/IMG_2320.jpeg,E016,3e22f2d3b9875c6766d54fbe847240716cf2844adafdc6b0a8633a1e41b9e8c8,dup-0050,validation
FOR AIIC SUBMISSION/Inventory_Photos/Electronics_Robotics/E016_CR2032 battery holder/IMG_2322.jpeg,E016,8ec20680debbde5303a152778a92427188a2bf9131b6090d6640fb4503d11b2a,dup-0049,validation
FOR AIIC SUBMISSION/Inventory_Photos/Electronics_Robotics/E027_Jumper Wire M-F/IMG_2244.jpeg,E027,d4bdd58aba868653e1236f36a99581f34229514769b276eb56f82afb98f6ef37,dup-0005,train
FOR AIIC SUBMISSION/Inventory_Photos/Electronics_Robotics/E012_Infrared (IR) Proximity Sensor module/WhatsApp Image 2026-08-11 at 6.03.10 PM (2).jpeg,E012,dee01e15437d29fc13e81c729a8902fd97e684f3db3f1e98e8aa92556440611c,unique-1295,train
FOR AIIC SUBMISSION/Inventory_Photos/Electronics_Robotics/E012_Infrared (IR) Proximity Sensor module/WhatsApp Image 2026-08-11 at 6.03.15 PM (1).jpeg,E012,5abd513467934c140fd5c4c2059868ded4fa468d8e94b174371ea1e21d340252,unique-1296,train
FOR AIIC SUBMISSION/Inventory_Photos/Electronics_Robotics/E022_Rocker Switch 6pin/WhatsApp Image 2026-08-11 at 6.03.28 PM (1).jpeg,E022,3fd42d8db30ad8c174a4f5c7e663aa0067d2fbeba5eddcdf9662dd9298d89585,unique-1297,validation
FOR AIIC SUBMISSION/Inventory_Photos/Electronics_Robotics/E016_CR2032 battery holder/IMG_2320.JPG,E016,3e22f2d3b9875c6766d54fbe847240716cf2844adafdc6b0a8633a1e41b9e8c8,dup-0050,validation
FOR AIIC SUBMISSION/Inventory_Photos/Laboratory_Science_Supplies/L003_beakers 250ml/L003_BEAKERS 250ML_L003_20.JPG,L003,74397a70c9c13eeff7b6d6f6788331dd54a7dbf880ab2ef991027d94eadb3752,unique-1299,train
FOR AIIC SUBMISSION/Inventory_Photos/Electronics_Robotics/E012_Infrared (IR) Proximity Sensor module/WhatsApp Image 2026-08-11 at 6.03.14 PM.jpeg,E012,5c086447919e971106f79c57cc3a82f400681ab5d74d01c1258ad19076cb2d64,unique-1300,train
FOR AIIC SUBMISSION/Inventory_Photos/Laboratory_Science_Supplies/L003_beakers 250ml/L003_BEAKERS 250ML_L003_07.JPG,L003,a66ff5cb5a5385e4a291b6ba778dbe4b2cdb068fa6f87ba51acbdeb0f4b13e2e,unique-1301,test
FOR AIIC SUBMISSION/Inventory_Photos/Laboratory_Science_Supplies/L003_beakers 250ml/L003_BEAKERS 250ML_L003_45.JPG,L003,8ae1ef779eadfc67ef4ebeb2d676cd343520f350c4244e128e902067cbf918d3,unique-1302,train
FOR AIIC SUBMISSION/Inventory_Photos/Electronics_Robotics/E012_Infrared (IR) Proximity Sensor module/WhatsApp Image 2026-08-11 at 6.03.13 PM (2).jpeg,E012,309e9e2e8fe3bc5c03688b2b2205248084b4a1dfe4921416e8b8d44a56c315bd,unique-1303,train
FOR AIIC SUBMISSION/Inventory_Photos/Electronics_Robotics/E012_Infrared (IR) Proximity Sensor module/WhatsApp Image 2026-08-11 at 6.03.15 PM (2).jpeg,E012,a17cd9907299d39c2e2388350bed54205e0459385b92e05436f8b3e74a1b41d8,unique-1304,test
FOR AIIC SUBMISSION/Inventory_Photos/Electronics_Robotics/E012_Infrared (IR) Proximity Sensor module/WhatsApp Image 2026-08-11 at 6.03.11 PM.jpeg,E012,fcaeeb153a60f25fac1d5bc5475edd9bc3adf1a4569622e765764ad65a77057f,unique-1305,train
FOR AIIC SUBMISSION/Inventory_Photos/Electronics_Robotics/E012_Infrared (IR) Proximity Sensor module/WhatsApp Image 2026-08-11 at 6.03.10 PM (3).jpeg,E012,5266c622cf831c5481b1d1e1b7e6839951a91d313f2bda17e96e7f49cd848624,unique-1306,validation
FOR AIIC SUBMISSION/Inventory_Photos/Electronics_Robotics/E022_Rocker Switch 6pin/IMG_6164.HEIC,E022,1f9a347374fbe933237f133c9d7cab06b992adbe8ebf73d13b26d40bdd5d5664,unique-1307,train
FOR AIIC SUBMISSION/Inventory_Photos/Electronics_Robotics/E019_LED Blue/WhatsApp Image 2026-08-12 at 10.37.47 AM.jpeg,E019,29d9d5b74cba76e76fe7143e18e0286a27dee98ebba39363b781646b89f56406,unique-1308,train
FOR AIIC SUBMISSION/Inventory_Photos/Electronics_Robotics/E016_CR2032 battery holder/IMG_6175.HEIC,E016,848e0f76e70a70bad60c21d66466e0ded488e492f352eaa859a84d0f7a41b812,unique-1309,test
FOR AIIC SUBMISSION/Inventory_Photos/Electronics_Robotics/E016_CR2032 battery holder/IMG_2245.jpeg,E016,bb61a58573af28a2b31a786a335bb1383823d2b91334ccddfe08e21bbfa375c2,dup-0014,validation
FOR AIIC SUBMISSION/Inventory_Photos/Electronics_Robotics/E012_Infrared (IR) Proximity Sensor module/WhatsApp Image 2026-08-11 at 6.03.14 PM (1).jpeg,E012,688bbc962a2d3438494eeaea1de21a373d3d975c81866551c1c142e9695f897f,unique-1311,train
FOR AIIC SUBMISSION/Inventory_Photos/Electronics_Robotics/E012_Infrared (IR) Proximity Sensor module/WhatsApp Image 2026-08-11 at 6.03.12 PM (2).jpeg,E012,2b7c8f2ebfb7044120e6cc016007e057ebda0407f4c43cfa866b46c39c026b32,unique-1312,validation
FOR AIIC SUBMISSION/Inventory_Photos/Electronics_Robotics/E012_Infrared (IR) Proximity Sensor module/WhatsApp Image 2026-08-11 at 6.03.13 PM.jpeg,E012,5e547789d9f4c518523f8b172f17f81065348e7d9d312f82f4aa9f22889a4a6f,unique-1313,train
FOR AIIC SUBMISSION/Inventory_Photos/Electronics_Robotics/E019_LED Blue/WhatsApp Image 2026-08-11 at 6.07.00 PM (2).jpeg,E019,7396eb2662ee04e87a65a115a5cd247c742645364ba725ba8c1ec1936b7c9061,dup-0051,train
FOR AIIC SUBMISSION/Inventory_Photos/Electronics_Robotics/E022_Rocker Switch 6pin/IMG_6162.HEIC,E022,10ac7a82809df28a5ab37668be33d3c7be6612a572af8d06606de48334753417,unique-1315,train
FOR AIIC SUBMISSION/Inventory_Photos/Electronics_Robotics/E016_CR2032 battery holder/IMG_6176.HEIC,E016,bd47a82ec0b1e7ff92b449bf42aa0fd7a0ae2a53198233866f8ec77deac2ed5c,unique-1316,train
FOR AIIC SUBMISSION/Inventory_Photos/Laboratory_Science_Supplies/L003_beakers 250ml/L003_BEAKERS 250ML_L003_40.JPG,L003,cab1aecf57224aa71667a6ec349960f7de0dedad752d72c82cbda8c5a3fb8474,unique-1317,train
FOR AIIC SUBMISSION/Inventory_Photos/Laboratory_Science_Supplies/L003_beakers 250ml/L003_BEAKERS 250ML_L003_43.JPG,L003,b46a764900446d22f5198d630769322e845b1a71ef3355edee1076cdb0f3f511,unique-1318,train
FOR AIIC SUBMISSION/Inventory_Photos/Electronics_Robotics/E012_Infrared (IR) Proximity Sensor module/WhatsApp Image 2026-08-11 at 6.03.12 PM (1).jpeg,E012,78f244a34775cad5354102194fb45dd4b012ee7ee1b9d28c8183394f78568048,unique-1319,train
FOR AIIC SUBMISSION/Inventory_Photos/Electronics_Robotics/E012_Infrared (IR) Proximity Sensor module/IMG_6052.HEIC,E012,f9b9fbb793bb7e34145a8d837405319a47b57cfa20282aa221b460e0986156c0,unique-1320,train
FOR AIIC SUBMISSION/Inventory_Photos/Electronics_Robotics/E012_Infrared (IR) Proximity Sensor module/WhatsApp Image 2026-08-11 at 6.03.11 PM (1).jpeg,E012,9bcb77b74b9384fbc0737a2626f5ba4b14a18f15efadb22c75d50665b357d14d,unique-1321,train
FOR AIIC SUBMISSION/Inventory_Photos/Electronics_Robotics/E016_CR2032 battery holder/IMG_2321.jpeg,E016,9501777b5a3999ad59b30c486e6f911dccd850429f5381a2bfaa4ef762f380da,dup-0052,train
FOR AIIC SUBMISSION/Inventory_Photos/Electronics_Robotics/E016_CR2032 battery holder/IMG_2321.JPG,E016,9501777b5a3999ad59b30c486e6f911dccd850429f5381a2bfaa4ef762f380da,dup-0052,train
FOR AIIC SUBMISSION/Inventory_Photos/Electronics_Robotics/E019_LED Blue/WhatsApp Image 2026-08-11 at 6.06.59 PM.jpeg,E019,d22ccb9c8950d5ac21716df8fa5909e2ce7082a7b10cbfd0f5eab6232493a648,dup-0053,validation
FOR AIIC SUBMISSION/Inventory_Photos/Electronics_Robotics/E016_CR2032 battery holder/IMG_6174.HEIC,E016,b0deb2163334e90f4d565018ee24365fdc82a5bec0492911bb89aa56b5241bc5,unique-1325,train
FOR AIIC SUBMISSION/Inventory_Photos/Laboratory_Science_Supplies/L003_beakers 250ml/L003_BEAKERS 250ML_L003_01.JPG,L003,845c535ce834918b2471fe936a708abdf9856428f589caf4eaa5d646afd9361c,unique-1326,validation
FOR AIIC SUBMISSION/Inventory_Photos/Electronics_Robotics/E016_CR2032 battery holder/IMG_2319.JPG,E016,2cb32aedc11b4e329d2ba4a4a745b05fe33b3cf80faead031f33e835032a76d7,unique-1327,train
FOR AIIC SUBMISSION/Inventory_Photos/Electronics_Robotics/E012_Infrared (IR) Proximity Sensor module/IMG_2283.jpeg,E012,c309344d3433000c0cd4ecbd65515dc7bc56a817911783c2fd303d3c1b9abcf2,dup-0054,test
FOR AIIC SUBMISSION/Inventory_Photos/Electronics_Robotics/E012_Infrared (IR) Proximity Sensor module/IMG_2283.JPG,E012,c309344d3433000c0cd4ecbd65515dc7bc56a817911783c2fd303d3c1b9abcf2,dup-0054,test
FOR AIIC SUBMISSION/Inventory_Photos/Laboratory_Science_Supplies/L003_beakers 250ml/L003_BEAKERS 250ML_L003_24.JPG,L003,4015e0d6c6b775923ac5de5f76214fe3de84d83cb01159c58048c58a502a8ada,unique-1330,train
FOR AIIC SUBMISSION/Inventory_Photos/Electronics_Robotics/E012_Infrared (IR) Proximity Sensor module/IMG_6054.HEIC,E012,4eed80cdcb89a6b72314d3cbe933e3c332300da4e1b23ddf1ee11431a6944006,unique-1331,train
FOR AIIC SUBMISSION/Inventory_Photos/Laboratory_Science_Supplies/L003_beakers 250ml/L003_BEAKERS 250ML_L003_10.JPG,L003,f36dfe412ebeb96159f9e06ba9a4ea42a630b31f89f248de73e18c11fe0a219d,unique-1332,train
FOR AIIC SUBMISSION/Inventory_Photos/Electronics_Robotics/E019_LED Blue/WhatsApp Image 2026-08-12 at 10.37.46 AM (1).jpeg,E019,679f8a9f70eae84972e2af8ca5f6a7a4ca2bf94dd885e7943d36ee8b237ee412,unique-1333,train
FOR AIIC SUBMISSION/Inventory_Photos/Laboratory_Science_Supplies/L003_beakers 250ml/L003_BEAKERS 250ML_L003_11.JPG,L003,16f3c4fcfa66ae436f63f45c21c77abc05b66ee5edd564bc51b2e89da82bc594,unique-1334,train
FOR AIIC SUBMISSION/Inventory_Photos/Electronics_Robotics/E011_DHT11 Temperature and humidity/WhatsApp Image 2026-08-11 at 6.05.15 PM.jpeg,E011,c96a5b4db7c625913a11d9d433a20b24c4c90c8df5951cd48a0ef8f69a556fba,dup-0055,train
FOR AIIC SUBMISSION/Inventory_Photos/Electronics_Robotics/E012_Infrared (IR) Proximity Sensor module/IMG_6051.HEIC,E012,b303fe781fbde50cfa499e3cbac26b6182647adf8da3d0f9b31e262b826e3363,unique-1336,validation
FOR AIIC SUBMISSION/Inventory_Photos/Electronics_Robotics/E019_LED Blue/WhatsApp Image 2026-08-11 at 6.06.59 PM (1).jpeg,E019,3a412714660c3a6e3595a8f144dc4a0d73975f96ffbfce543e905bb1f6255740,dup-0056,train
FOR AIIC SUBMISSION/Inventory_Photos/Electronics_Robotics/E011_DHT11 Temperature and humidity/WhatsApp Image 2026-08-11 at 6.05.14 PM (2).jpeg,E011,a45c0881ef0ea8210cb75b0eca41508a5a247439cf5aa65c754d9121f218e51c,unique-1338,validation
FOR AIIC SUBMISSION/Inventory_Photos/Electronics_Robotics/E019_LED Blue/IMG_2313.jpeg,E019,2ffca293bd960075247237387e493517bfecddb45953a8f2c4a7d1ae7dee9825,dup-0015,train
FOR AIIC SUBMISSION/Inventory_Photos/Electronics_Robotics/E012_Infrared (IR) Proximity Sensor module/IMG_6053.HEIC,E012,3121e58d11afc2a24c4db625bf641c6ce3fdfc3353e77dbabd6ec6b9dc9becad,unique-1340,test
FOR AIIC SUBMISSION/Inventory_Photos/Electronics_Robotics/E019_LED Blue/IMG_2244.jpeg,E019,d4bdd58aba868653e1236f36a99581f34229514769b276eb56f82afb98f6ef37,dup-0005,train
FOR AIIC SUBMISSION/Inventory_Photos/Laboratory_Science_Supplies/L003_beakers 250ml/L003_BEAKERS 250ML_L003_02.JPG,L003,e3cddf80a50f6da6d0561d73367b817ff16463d97f35d0b8c0e75508f676f995,unique-1342,train
FOR AIIC SUBMISSION/Inventory_Photos/Electronics_Robotics/E019_LED Blue/WhatsApp Image 2026-08-11 at 6.07.00 PM (1).jpeg,E019,3fd275e6b13916a98336b4a31459e14d44a045dd903861d368dceba63b46bb74,dup-0053,validation
FOR AIIC SUBMISSION/Inventory_Photos/Electronics_Robotics/E011_DHT11 Temperature and humidity/WhatsApp Image 2026-08-11 at 6.05.17 PM (1).jpeg,E011,c171c1900d6bcdfda36ac7c4361f12567da9233d515afb340b101b104acd5f72,unique-1344,train
FOR AIIC SUBMISSION/Inventory_Photos/Electronics_Robotics/E011_DHT11 Temperature and humidity/WhatsApp Image 2026-08-11 at 6.05.14 PM (1).jpeg,E011,623ebafa395e4cbeee23cfc186270911f78ba5e353d0a9652bf35f8188d0bec4,dup-0057,train
FOR AIIC SUBMISSION/Inventory_Photos/Laboratory_Science_Supplies/L003_beakers 250ml/L003_BEAKERS 250ML_L003_47.JPG,L003,c953889781862ab0806339bd9a0d1b3bdb1145174e8bfdfd60148016af095ac0,unique-1346,train
FOR AIIC SUBMISSION/Inventory_Photos/Electronics_Robotics/E011_DHT11 Temperature and humidity/IMG_2357.jpeg,E011,3c5dbbb90986225fc0c3eb47f65588214636a7e7121729520a93b2129741b690,dup-0058,train
FOR AIIC SUBMISSION/Inventory_Photos/Electronics_Robotics/E011_DHT11 Temperature and humidity/IMG_2357.JPG,E011,3c5dbbb90986225fc0c3eb47f65588214636a7e7121729520a93b2129741b690,dup-0058,train
FOR AIIC SUBMISSION/Inventory_Photos/Electronics_Robotics/E011_DHT11 Temperature and humidity/WhatsApp Image 2026-08-11 at 6.05.17 PM (2).jpeg,E011,9054cf292195be7b5afad13d9aa48e097e38d3cce409451ccf06e51d15237e16,unique-1349,train
FOR AIIC SUBMISSION/Inventory_Photos/Electronics_Robotics/E012_Infrared (IR) Proximity Sensor module/IMG_6049.HEIC,E012,629577850acb10a6959509c9f3cbbcdb8f004d9929f31b67744fce5d3f85a2da,unique-1350,test
FOR AIIC SUBMISSION/Inventory_Photos/Electronics_Robotics/E011_DHT11 Temperature and humidity/WhatsApp Image 2026-08-11 at 6.05.16 PM (2).jpeg,E011,20283237e98270e30c30ee24e68f69a1ff75b8795ce64cd33581f24ccb8fd68c,unique-1351,test
FOR AIIC SUBMISSION/Inventory_Photos/Electronics_Robotics/E016_CR2032 battery holder/IMG_6173.HEIC,E016,e3bfd82fb9901e7cdbf2111a0287017660ed65a75c4a8f3fe3a7610d72fec7c4,unique-1352,train
FOR AIIC SUBMISSION/Inventory_Photos/Electronics_Robotics/E018_LED Red/WhatsApp Image 2026-08-11 at 6.06.59 PM (1).jpeg,E018,3a412714660c3a6e3595a8f144dc4a0d73975f96ffbfce543e905bb1f6255740,dup-0056,train
FOR AIIC SUBMISSION/Inventory_Photos/Electronics_Robotics/E011_DHT11 Temperature and humidity/WhatsApp Image 2026-08-11 at 6.05.15 PM (1).jpeg,E011,a9559a29a61f3c448a0669c3fd1d29d283f3bff04d6d86e02b03d742ed1c7cd6,unique-1354,train
FOR AIIC SUBMISSION/Inventory_Photos/Laboratory_Science_Supplies/L003_beakers 250ml/L003_BEAKERS 250ML_L003_27.JPG,L003,c874b5037e8c4378c635a4552a993d8976e5896ad26b6b9de12d51f30176ad6c,unique-1355,train
FOR AIIC SUBMISSION/Inventory_Photos/Electronics_Robotics/E011_DHT11 Temperature and humidity/WhatsApp Image 2026-08-11 at 6.05.17 PM.jpeg,E011,b73a2835d7df1057d93dedab9fd7ce1c0ccc90fc52dfd3bd4e8fcec15165b120,dup-0055,train
FOR AIIC SUBMISSION/Inventory_Photos/Electronics_Robotics/E018_LED Red/WhatsApp Image 2026-08-11 at 6.07.00 PM.jpeg,E018,7396eb2662ee04e87a65a115a5cd247c742645364ba725ba8c1ec1936b7c9061,dup-0051,train
FOR AIIC SUBMISSION/Inventory_Photos/Electronics_Robotics/E019_LED Blue/IMG_2254.JPG,E019,877bebd5aafd6a99e9f9f2dd08ce4dab002f6e99c1d501b3506a742bc9b3fba5,unique-1358,test
FOR AIIC SUBMISSION/Inventory_Photos/Electronics_Robotics/E019_LED Blue/IMG_6199.HEIC,E019,cfc1ae14985d7d45d76092a490ad06807a3078594803d8b925a4964392f84d6f,unique-1359,train
FOR AIIC SUBMISSION/Inventory_Photos/Electronics_Robotics/E011_DHT11 Temperature and humidity/WhatsApp Image 2026-08-11 at 6.05.16 PM.jpeg,E011,fa21097fbbfeb20e47f6b3bc665fae3e0e55e09e17682b420b3b55588c329bb6,dup-0057,train
FOR AIIC SUBMISSION/Inventory_Photos/Electronics_Robotics/E018_LED Red/IMG_2313.jpeg,E018,2ffca293bd960075247237387e493517bfecddb45953a8f2c4a7d1ae7dee9825,dup-0015,train
FOR AIIC SUBMISSION/Inventory_Photos/Electronics_Robotics/E019_LED Blue/WhatsApp Image 2026-08-12 at 10.37.46 AM.jpeg,E019,56b6c88c72d580d5fefdf2fe2bf470b6af76433a8068095aaae8965975dac0cd,unique-1362,train
FOR AIIC SUBMISSION/Inventory_Photos/Electronics_Robotics/E018_LED Red/WhatsApp Image 2026-08-12 at 10.37.47 AM (1).jpeg,E018,0f98ba51c9420982f3c02f891384c95eac75a338a7ab0db600122b7bf6ac1faf,unique-1363,validation
FOR AIIC SUBMISSION/Inventory_Photos/Electronics_Robotics/E019_LED Blue/IMG_2314.jpeg,E019,76a98572703ab7ee9fd2f434cb8afbe84e78e846f1457db592a9a86d56afab40,dup-0016,test
FOR AIIC SUBMISSION/Inventory_Photos/Electronics_Robotics/E012_Infrared (IR) Proximity Sensor module/IMG_2282.JPG,E012,b331be62a9892f06f43eda297d21e00895b8291066a8679108c95587ad8bcd47,dup-0059,train
FOR AIIC SUBMISSION/Inventory_Photos/Electronics_Robotics/E011_DHT11 Temperature and humidity/IMG_2300.JPG,E011,9f7157f5a85d3072648cac8aac7f409c4cdea485751548c704f92d2b352c81d6,dup-0060,test
FOR AIIC SUBMISSION/Inventory_Photos/Electronics_Robotics/E018_LED Red/IMG_2314.JPG,E018,76a98572703ab7ee9fd2f434cb8afbe84e78e846f1457db592a9a86d56afab40,dup-0016,test
FOR AIIC SUBMISSION/Inventory_Photos/Electronics_Robotics/E018_LED Red/IMG_2314.jpeg,E018,76a98572703ab7ee9fd2f434cb8afbe84e78e846f1457db592a9a86d56afab40,dup-0016,test
FOR AIIC SUBMISSION/Inventory_Photos/Electronics_Robotics/E011_DHT11 Temperature and humidity/IMG_2296.jpeg,E011,72a1ca045a0e16ba3e67b9c201936fc89a0761d1eec4a3c915f862d58e880658,dup-0061,validation
FOR AIIC SUBMISSION/Inventory_Photos/Electronics_Robotics/E011_DHT11 Temperature and humidity/IMG_2300.jpeg,E011,9f7157f5a85d3072648cac8aac7f409c4cdea485751548c704f92d2b352c81d6,dup-0060,test
FOR AIIC SUBMISSION/Inventory_Photos/Electronics_Robotics/E018_LED Red/IMG_2313.JPG,E018,2ffca293bd960075247237387e493517bfecddb45953a8f2c4a7d1ae7dee9825,dup-0015,train
FOR AIIC SUBMISSION/Inventory_Photos/Electronics_Robotics/E018_LED Red/IMG_2312.JPG,E018,bd9dda281b3eb84e8d12b70ee654bef56f72ce578889ae7b163d4f72e92b4c1b,dup-0017,train
FOR AIIC SUBMISSION/Inventory_Photos/Electronics_Robotics/E011_DHT11 Temperature and humidity/IMG_2298.JPG,E011,842ade3f3b3ca4c4104176e8fc1c078b537e4c8f9faee3a780aeeb498d225ff1,unique-1373,train
FOR AIIC SUBMISSION/Inventory_Photos/Electronics_Robotics/E017_RC522 RFID Card Reader/WhatsApp Image 2026-08-11 at 6.05.05 PM (1).jpeg,E017,69e2eef2f78930af43dfb37c756c31b4c785cb24b0a129fecad04fc610932484,unique-1374,train
FOR AIIC SUBMISSION/Inventory_Photos/Electronics_Robotics/E019_LED Blue/IMG_2312.jpeg,E019,bd9dda281b3eb84e8d12b70ee654bef56f72ce578889ae7b163d4f72e92b4c1b,dup-0017,train
FOR AIIC SUBMISSION/Inventory_Photos/Electronics_Robotics/E019_LED Blue/IMG_2251.JPG,E019,35906f1fca1984f2830c36bdc0e1f98c7301c9e69adff623581234f83afbe5b0,unique-1376,train
FOR AIIC SUBMISSION/Inventory_Photos/Electronics_Robotics/E019_LED Blue/IMG_2252.JPG,E019,1a4f85dea57d1a99146a6e7551a06436599ca6a1149e2bebbc1c2314c4ed05f2,unique-1377,test
FOR AIIC SUBMISSION/Inventory_Photos/Electronics_Robotics/E017_RC522 RFID Card Reader/IMG_2245.JPG,E017,bb61a58573af28a2b31a786a335bb1383823d2b91334ccddfe08e21bbfa375c2,dup-0014,validation
FOR AIIC SUBMISSION/Inventory_Photos/Electronics_Robotics/E011_DHT11 Temperature and humidity/IMG_6034.HEIC,E011,6e158364dfd42c8b51c7e8e1c6688d5585c9c3f2691fd84bb030ca53c7352c3c,unique-1379,train
FOR AIIC SUBMISSION/Inventory_Photos/Electronics_Robotics/E018_LED Red/WhatsApp Image 2026-08-12 at 10.38.01 AM (1).jpeg,E018,2737e3a88cb4c6bf922209ddeaff6de55cfcccbfaa4c7df5d2c1200671a5ed8d,unique-1380,train
FOR AIIC SUBMISSION/Inventory_Photos/Electronics_Robotics/E018_LED Red/WhatsApp Image 2026-08-12 at 10.38.01 AM.jpeg,E018,e616a7af680378aa953a2a2b2f565ded6565e2d98b00f97ae25829bf791b1fc6,unique-1381,train
FOR AIIC SUBMISSION/Inventory_Photos/Electronics_Robotics/E009_DC Motor 3V/WhatsApp Image 2026-08-11 at 6.05.11 PM (2).jpeg,E009,5c86cbd390aad3e83f0c775bc96312c1b71edd03ecc4324ace4d7cd16af33512,dup-0062,train
FOR AIIC SUBMISSION/Inventory_Photos/Electronics_Robotics/E017_RC522 RFID Card Reader/IMG_2245.jpeg,E017,bb61a58573af28a2b31a786a335bb1383823d2b91334ccddfe08e21bbfa375c2,dup-0014,validation
FOR AIIC SUBMISSION/Inventory_Photos/Electronics_Robotics/E009_DC Motor 3V/WhatsApp Image 2026-08-11 at 6.05.13 PM (1).jpeg,E009,f85b13e9d791deee942dda3163ce5691a7d7349a66c8f817b685718147e30b40,dup-0062,train
FOR AIIC SUBMISSION/Inventory_Photos/Electronics_Robotics/E017_RC522 RFID Card Reader/WhatsApp Image 2026-08-11 at 6.05.06 PM.jpeg,E017,81f93911d7afce09d7af8a8e5be42f9a1c5996c45c0c631bda5d1d3cd4b993ba,dup-0018,train
FOR AIIC SUBMISSION/Inventory_Photos/Electronics_Robotics/E011_DHT11 Temperature and humidity/IMG_6033.HEIC,E011,f3b77fb0117f11b0ab057af8a260c9fe1cb0e549f657e0d6b01b84b63369cd9f,unique-1386,train
FOR AIIC SUBMISSION/Inventory_Photos/Electronics_Robotics/E011_DHT11 Temperature and humidity/IMG_2358.JPG,E011,6a8b764d4e28c242834dd776c3d6526060b7aec148b19dc727154d5bcb00c1e8,dup-0063,train
FOR AIIC SUBMISSION/Inventory_Photos/Electronics_Robotics/E017_RC522 RFID Card Reader/WhatsApp Image 2026-08-11 at 6.05.05 PM.jpeg,E017,f94c637aa48f86ef415eb2f38afcd80ac0e6d2ff2d02bedcd4fba18f316f2feb,unique-1388,train
FOR AIIC SUBMISSION/Inventory_Photos/Electronics_Robotics/E017_RC522 RFID Card Reader/WhatsApp Image 2026-08-11 at 6.05.08 PM.jpeg,E017,bba0a28328e1d1e53bdd1cc5f56f7628f1f80a62abed0f37d8f9089b4f511238,unique-1389,train
FOR AIIC SUBMISSION/Inventory_Photos/Electronics_Robotics/E011_DHT11 Temperature and humidity/IMG_2296.JPG,E011,72a1ca045a0e16ba3e67b9c201936fc89a0761d1eec4a3c915f862d58e880658,dup-0061,validation
FOR AIIC SUBMISSION/Inventory_Photos/Electronics_Robotics/E019_LED Blue/IMG_6198.HEIC,E019,1c9768ede01c65898da3491ebb3aed05961e878a84ace63adba096d8d5f51e7e,unique-1391,test
FOR AIIC SUBMISSION/Inventory_Photos/Electronics_Robotics/E011_DHT11 Temperature and humidity/IMG_2358.jpeg,E011,6a8b764d4e28c242834dd776c3d6526060b7aec148b19dc727154d5bcb00c1e8,dup-0063,train
FOR AIIC SUBMISSION/Inventory_Photos/Electronics_Robotics/E011_DHT11 Temperature and humidity/IMG_2297.JPG,E011,18ab28c56335ad4bce7374d12c040f44fcce0aee017007c0808ed1ebfbc01d38,dup-0064,train
FOR AIIC SUBMISSION/Inventory_Photos/Electronics_Robotics/E018_LED Red/WhatsApp Image 2026-08-12 at 10.38.02 AM.jpeg,E018,99da89afae62784832969e7539f59ea55bab847f87f3877301a74cd94cedd992,unique-1394,train
FOR AIIC SUBMISSION/Inventory_Photos/Electronics_Robotics/E018_LED Red/IMG_2309.JPG,E018,277fad522080b9a73f7eab284420dcc8260ba04676c00833ac7c58a53e2df50e,dup-0065,train
FOR AIIC SUBMISSION/Inventory_Photos/Electronics_Robotics/E012_Infrared (IR) Proximity Sensor module/IMG_2284.jpeg,E012,f354492ce97da869ad53bda678c795407f5af298ca9f74921658675c951f74a3,dup-0066,test
FOR AIIC SUBMISSION/Inventory_Photos/Electronics_Robotics/E011_DHT11 Temperature and humidity/IMG_2247.JPG,E011,777026cf6465d775f6f85e573ddd71c2773da5be7a80ac255323808da0c18c46,dup-0048,test
FOR AIIC SUBMISSION/Inventory_Photos/Electronics_Robotics/E012_Infrared (IR) Proximity Sensor module/IMG_6050.HEIC,E012,3e5fd9cfb0de226a284179b9304f8084b1392deec3333d20b72620b9a3b1f827,unique-1398,validation
FOR AIIC SUBMISSION/Inventory_Photos/Electronics_Robotics/E011_DHT11 Temperature and humidity/IMG_2299.JPG,E011,5a933ae8ed8e5086f73771020a8e5db2dba64d5a888dd53016fd9154ae0d70b5,unique-1399,validation
FOR AIIC SUBMISSION/Inventory_Photos/Electronics_Robotics/E011_DHT11 Temperature and humidity/IMG_6029.HEIC,E011,88858ed156865baa5b6386f1ed1f2e8fdda1225a6c98c5876ef525287c596c0c,unique-1400,train
FOR AIIC SUBMISSION/Inventory_Photos/Electronics_Robotics/E017_RC522 RFID Card Reader/WhatsApp Image 2026-08-11 at 6.05.06 PM (2).jpeg,E017,e1454e3851327b461073b30cc18e852bf0036c11b3f33120ff7873dc380d7614,dup-0067,train
FOR AIIC SUBMISSION/Inventory_Photos/Electronics_Robotics/E008_N20 Mini Micro Metal Gear/WhatsApp Image 2026-08-12 at 10.37.10 AM.jpeg,E008,9bcf3db76ac488c6f98f42eea46f4542b480ad3ba7548d555fd20d7094c1b28d,unique-1402,train
FOR AIIC SUBMISSION/Inventory_Photos/Electronics_Robotics/E018_LED Red/IMG_2309.jpeg,E018,277fad522080b9a73f7eab284420dcc8260ba04676c00833ac7c58a53e2df50e,dup-0065,train
FOR AIIC SUBMISSION/Inventory_Photos/Electronics_Robotics/E008_N20 Mini Micro Metal Gear/WhatsApp Image 2026-08-12 at 10.37.10 AM (1).jpeg,E008,d57c8bcedd52c034b9b9de97de656759dc216c2cbf553760f7c2a7099cad7b69,unique-1404,train
FOR AIIC SUBMISSION/Inventory_Photos/Electronics_Robotics/E017_RC522 RFID Card Reader/IMG_2344.JPG,E017,42a16404032f7071f8e28c866252bbed4d91282f69ff7c654e6d67e3340a564d,dup-0068,test
FOR AIIC SUBMISSION/Inventory_Photos/Electronics_Robotics/E019_LED Blue/IMG_6196.HEIC,E019,03ca224618c5ed25a3b22a34ad6504824620ad936326b79addbc010922b6c71c,unique-1406,train
FOR AIIC SUBMISSION/Inventory_Photos/Electronics_Robotics/E017_RC522 RFID Card Reader/IMG_2344.jpeg,E017,42a16404032f7071f8e28c866252bbed4d91282f69ff7c654e6d67e3340a564d,dup-0068,test
FOR AIIC SUBMISSION/Inventory_Photos/Electronics_Robotics/E011_DHT11 Temperature and humidity/IMG_6032.HEIC,E011,2d0cfb5653475fe45773334e3ffe7a833b340ba8609feca7c1a8390c06fe2de4,unique-1408,train
FOR AIIC SUBMISSION/Inventory_Photos/Electronics_Robotics/E012_Infrared (IR) Proximity Sensor module/IMG_2285.JPG,E012,ebae9d9847270e6e72f0856c10cd3e7556da2b3461334b339d9ecef2ef066147,unique-1409,train
FOR AIIC SUBMISSION/Inventory_Photos/Electronics_Robotics/E017_RC522 RFID Card Reader/WhatsApp Image 2026-08-11 at 6.05.06 PM (1).jpeg,E017,a70bcb731ee66acd6ea809d0cb26b97beac11022bcb4dc7f662da0e061458160,dup-0069,validation
FOR AIIC SUBMISSION/Inventory_Photos/Electronics_Robotics/E018_LED Red/IMG_6195.HEIC,E018,cf8771cb9ce93f3211236d109d44173b0355a8a05f17ec311da03340908a0130,unique-1411,train
FOR AIIC SUBMISSION/Inventory_Photos/Electronics_Robotics/E009_DC Motor 3V/WhatsApp Image 2026-08-11 at 6.05.13 PM (2).jpeg,E009,dc5be872805983aa80b25bc4210c852741ceaefe86440eeddfa463fd3df2ca38,unique-1412,train
FOR AIIC SUBMISSION/Inventory_Photos/Electronics_Robotics/E012_Infrared (IR) Proximity Sensor module/IMG_2284.JPG,E012,f354492ce97da869ad53bda678c795407f5af298ca9f74921658675c951f74a3,dup-0066,test
FOR AIIC SUBMISSION/Inventory_Photos/Electronics_Robotics/E008_N20 Mini Micro Metal Gear/WhatsApp Image 2026-08-12 at 10.37.11 AM (1).jpeg,E008,f1ad986a453494889e36369c808555d09664c95ee1108116b2ca575e9b16ce39,unique-1414,test
FOR AIIC SUBMISSION/Inventory_Photos/Electronics_Robotics/E011_DHT11 Temperature and humidity/IMG_2311.JPG,E011,4e3e3577a632ff57fc69cc1e821b2a5b8a9af510d7b6632f8b1ea043541e7291,unique-1415,train
FOR AIIC SUBMISSION/Inventory_Photos/Electronics_Robotics/E012_Infrared (IR) Proximity Sensor module/IMG_2282.jpeg,E012,b331be62a9892f06f43eda297d21e00895b8291066a8679108c95587ad8bcd47,dup-0059,train
FOR AIIC SUBMISSION/Inventory_Photos/Electronics_Robotics/E017_RC522 RFID Card Reader/IMG_2345.JPG,E017,5faf2d3a1f2518d4dab8a0386e58dc876c67eae033c3b0dbdcbfadec9a24c177,unique-1417,train
FOR AIIC SUBMISSION/Inventory_Photos/Electronics_Robotics/E018_LED Red/IMG_2312.jpeg,E018,bd9dda281b3eb84e8d12b70ee654bef56f72ce578889ae7b163d4f72e92b4c1b,dup-0017,train
FOR AIIC SUBMISSION/Inventory_Photos/Electronics_Robotics/E008_N20 Mini Micro Metal Gear/WhatsApp Image 2026-08-12 at 10.37.12 AM.jpeg,E008,d76124ddea0d97034013d7c4cd80cafa9664d3316eea1dce7d1370d5e1dd937f,unique-1419,train
FOR AIIC SUBMISSION/Inventory_Photos/Electronics_Robotics/E017_RC522 RFID Card Reader/IMG_6098.HEIC,E017,87ad7096274736074d7b23eea9d05e3b161624d9ef3877a3e60554a9c1af2483,unique-1420,train
FOR AIIC SUBMISSION/Inventory_Photos/Electronics_Robotics/E008_N20 Mini Micro Metal Gear/WhatsApp Image 2026-08-12 at 10.37.14 AM.jpeg,E008,0e3ed657a62747934d87e25b90fe0e89cf106f3615802818484ab9fb3701b721,unique-1421,train
FOR AIIC SUBMISSION/Inventory_Photos/Electronics_Robotics/E018_LED Red/IMG_6193.HEIC,E018,db0c0e3dcd51ea5499a3577992fa9d488c78b5f60300c66162efaf86e56547e6,unique-1422,train
FOR AIIC SUBMISSION/Inventory_Photos/Electronics_Robotics/E009_DC Motor 3V/WhatsApp Image 2026-08-11 at 6.05.11 PM (1).jpeg,E009,fade60ba86ea50360b0a46298e7bbbe14dfdaa43b3f80650f5b8708c03a48e5e,unique-1423,train
FOR AIIC SUBMISSION/Inventory_Photos/Electronics_Robotics/E018_LED Red/IMG_6150.HEIC,E018,91950c9b4538140472c0cdc4f9647f0a607008e9a6464319bd8a8e6f11587a4f,unique-1424,validation
FOR AIIC SUBMISSION/Inventory_Photos/Electronics_Robotics/E017_RC522 RFID Card Reader/WhatsApp Image 2026-08-11 at 6.05.07 PM.jpeg,E017,f30919ba4eeb7bced4b4f16204837515c298353cc5017ba558133fd829bc482f,unique-1425,validation
FOR AIIC SUBMISSION/Inventory_Photos/Electronics_Robotics/E019_LED Blue/IMG_6151.HEIC,E019,e04163a111d7c31db99c507dfb7b7831b9baa54634e2d41fea3941cf2769f07e,unique-1426,validation
FOR AIIC SUBMISSION/Inventory_Photos/Electronics_Robotics/E011_DHT11 Temperature and humidity/WhatsApp Image 2026-08-11 at 6.05.16 PM (1).jpeg,E011,6291c1029dfa0e34c10143f80cc5ed9da94692d8636fa7102826735cbcd66dba,unique-1427,train
FOR AIIC SUBMISSION/Inventory_Photos/Electronics_Robotics/E023_Rocker Switch 2pin (Black)/WhatsApp Image 2026-08-12 at 10.37.45 AM.jpeg,E023,86244b4a948715d23b9ee25891301ca4ba29041f2bf71046f3015651fad3fbf8,unique-1428,train
FOR AIIC SUBMISSION/Inventory_Photos/Electronics_Robotics/E019_LED Blue/IMG_6197.HEIC,E019,ab17553dd5f838dba8640896ea4ac286518c27c23b7f33be4802dd757575d4e3,unique-1429,train
FOR AIIC SUBMISSION/Inventory_Photos/Electronics_Robotics/E008_N20 Mini Micro Metal Gear/IMG_2243.JPG,E008,4dc91d859f8d4366e060c5145d17eb6e5b93e1c52ddfbbb73bd9cbaddfbbbac2,dup-0013,train
FOR AIIC SUBMISSION/Inventory_Photos/Electronics_Robotics/E009_DC Motor 3V/WhatsApp Image 2026-08-11 at 6.05.13 PM.jpeg,E009,1318a744bbed4ec8dc096ee01f29238346ff43f3de9b00481f6ad1511dd5ff79,unique-1431,validation
FOR AIIC SUBMISSION/Inventory_Photos/Electronics_Robotics/E011_DHT11 Temperature and humidity/IMG_2297.jpeg,E011,18ab28c56335ad4bce7374d12c040f44fcce0aee017007c0808ed1ebfbc01d38,dup-0064,train
FOR AIIC SUBMISSION/Inventory_Photos/Electronics_Robotics/E023_Rocker Switch 2pin (Black)/WhatsApp Image 2026-08-11 at 6.03.29 PM.jpeg,E023,594a1ef7a166a119fa5d8a790c0199a2b4cd2473988a66ca2805e4864c629b77,unique-1433,validation
FOR AIIC SUBMISSION/Inventory_Photos/Electronics_Robotics/E023_Rocker Switch 2pin (Black)/WhatsApp Image 2026-08-11 at 6.03.30 PM.jpeg,E023,78009cf6794a0ce863861c42cd19109b66280456c3d7a4ba25eb672b60972627,unique-1434,train
FOR AIIC SUBMISSION/Inventory_Photos/Electronics_Robotics/E009_DC Motor 3V/WhatsApp Image 2026-08-11 at 6.05.13 PM (3).jpeg,E009,1b521af5b27cfab26ecac325aa7951f9c5a21d819a4c18bc8d8acc625dbd23af,unique-1435,train
FOR AIIC SUBMISSION/Inventory_Photos/Electronics_Robotics/E023_Rocker Switch 2pin (Black)/WhatsApp Image 2026-08-11 at 6.03.29 PM (2).jpeg,E023,cc69116e25b617ffc3479952bfe63ca6571309b938fcff0caab24bb990cfa169,unique-1436,train
FOR AIIC SUBMISSION/Inventory_Photos/Electronics_Robotics/E011_DHT11 Temperature and humidity/IMG_2310.JPG,E011,115ce704de3961ef84cb66ea76555220121b2cd9164fac79ef9b3260ca140f7b,dup-0070,validation
FOR AIIC SUBMISSION/Inventory_Photos/Electronics_Robotics/E011_DHT11 Temperature and humidity/IMG_2310.jpeg,E011,115ce704de3961ef84cb66ea76555220121b2cd9164fac79ef9b3260ca140f7b,dup-0070,validation
FOR AIIC SUBMISSION/Inventory_Photos/Electronics_Robotics/E018_LED Red/IMG_2253.JPG,E018,c9bdd264a5a0b27964e1de39d16d3c72329a8f0db1c575a45fd1ae0ff22ace11,unique-1439,train
FOR AIIC SUBMISSION/Inventory_Photos/Electronics_Robotics/E017_RC522 RFID Card Reader/IMG_6099.HEIC,E017,0a671bf130685e47b7c624182d43fbbfcc2cf1b751e79976c5adde9073892aee,unique-1440,train
FOR AIIC SUBMISSION/Inventory_Photos/Electronics_Robotics/E009_DC Motor 3V/IMG_6024.HEIC,E009,d4a8f61b24a027231ab3e30e080eb311abed7ea4a92111304622c76c2483dc91,unique-1441,train
FOR AIIC SUBMISSION/Inventory_Photos/Electronics_Robotics/E017_RC522 RFID Card Reader/WhatsApp Image 2026-08-11 at 6.05.09 PM (2).jpeg,E017,95c96f631f03c69356f04d0908d8d6daf076ed678489481ddf31f2a8e6905075,dup-0009,train
FOR AIIC SUBMISSION/Inventory_Photos/Electronics_Robotics/E017_RC522 RFID Card Reader/IMG_6102.HEIC,E017,13095535804b610e15572b2be04eedc0d22306e6a11af41c1c39bfa413ecf7e9,unique-1443,train
FOR AIIC SUBMISSION/Inventory_Photos/Electronics_Robotics/E017_RC522 RFID Card Reader/IMG_6101.HEIC,E017,f6736678e16950169fdd3350afde7b8e2202bb0359d48a04556094fce57cb7e3,unique-1444,test
FOR AIIC SUBMISSION/Inventory_Photos/Electronics_Robotics/E017_RC522 RFID Card Reader/IMG_2347.JPG,E017,5f314759a7e0f4d9f93307af9e6ec66422c64881d791dda86927e21d3fbc94a9,unique-1445,train
FOR AIIC SUBMISSION/Inventory_Photos/Electronics_Robotics/E023_Rocker Switch 2pin (Black)/WhatsApp Image 2026-08-12 at 10.37.44 AM.jpeg,E023,2d8da7e93e0d7d80ea30b9491aafb6eeb4a609c3f5d02d33c896c0cb8ba34264,unique-1446,train
FOR AIIC SUBMISSION/Inventory_Photos/Electronics_Robotics/E008_N20 Mini Micro Metal Gear/IMG_2244.JPG,E008,d4bdd58aba868653e1236f36a99581f34229514769b276eb56f82afb98f6ef37,dup-0005,train
FOR AIIC SUBMISSION/Inventory_Photos/Electronics_Robotics/E017_RC522 RFID Card Reader/IMG_6100.HEIC,E017,a32ba898c22d482f9b65cdf3f0e6bc7719c24153aea586b629478ef9b50454a6,unique-1448,train
FOR AIIC SUBMISSION/Inventory_Photos/Electronics_Robotics/E009_DC Motor 3V/WhatsApp Image 2026-08-11 at 6.05.12 PM (1).jpeg,E009,aa579ab3ebfb800c12ea22ad7f06220fecbf0b5887fbe832f5a3a21127b36982,unique-1449,test
FOR AIIC SUBMISSION/Inventory_Photos/Electronics_Robotics/E011_DHT11 Temperature and humidity/IMG_2359.JPG,E011,a3b575648b4c852796dd0230e768ce0e81f955cc4f4c94507e66ecb3e6b94f53,unique-1450,train
FOR AIIC SUBMISSION/Inventory_Photos/Electronics_Robotics/E017_RC522 RFID Card Reader/WhatsApp Image 2026-08-11 at 6.05.05 PM (2).jpeg,E017,ae9a1b503facb9aa72c8cfefd6ee30143d0c135d3b57f6aa02a5b42ca3a6eccc,unique-1451,train
FOR AIIC SUBMISSION/Inventory_Photos/Electronics_Robotics/E017_RC522 RFID Card Reader/IMG_2346.JPG,E017,42ebe9e3be9a118be45827f1181328f47175b77b0f8026ce4eb2de7ea6e21062,dup-0071,train
FOR AIIC SUBMISSION/Inventory_Photos/Electronics_Robotics/E017_RC522 RFID Card Reader/IMG_2346.jpeg,E017,42ebe9e3be9a118be45827f1181328f47175b77b0f8026ce4eb2de7ea6e21062,dup-0071,train
FOR AIIC SUBMISSION/Inventory_Photos/Electronics_Robotics/E009_DC Motor 3V/IMG_6027.HEIC,E009,7a6ddb689be442fed4ce7555306e54398cd770a9da35126d5092c0bbdbc35463,unique-1454,test
FOR AIIC SUBMISSION/Inventory_Photos/Electronics_Robotics/E013_Sound Sensor/WhatsApp Image 2026-08-11 at 6.06.22 PM (2).jpeg,E013,a7fe7b4d802c1d67e69c538f89cd6f0b5c9268b51209fe1915a8ecb1a280f106,unique-1455,validation
FOR AIIC SUBMISSION/Inventory_Photos/Electronics_Robotics/E009_DC Motor 3V/IMG_2265.jpeg,E009,3f2892db7c5a20e1fde90af93ee516cf84152743f2b142881266a14ba9647398,dup-0072,train
FOR AIIC SUBMISSION/Inventory_Photos/Electronics_Robotics/E013_Sound Sensor/WhatsApp Image 2026-08-11 at 6.06.23 PM.jpeg,E013,fcb78bcacfa7385a278d580e20e7f89bf2589231a5e4686025ec9a09b89b98fe,unique-1457,train
FOR AIIC SUBMISSION/Inventory_Photos/Electronics_Robotics/E009_DC Motor 3V/IMG_2265.JPG,E009,3f2892db7c5a20e1fde90af93ee516cf84152743f2b142881266a14ba9647398,dup-0072,train
FOR AIIC SUBMISSION/Inventory_Photos/Electronics_Robotics/E023_Rocker Switch 2pin (Black)/WhatsApp Image 2026-08-11 at 6.03.30 PM (1).jpeg,E023,f4eea6f43e7201503bfff8adeb009fd85ade39ff84041540abaf2c92fceedcdd,unique-1459,train
FOR AIIC SUBMISSION/Inventory_Photos/Electronics_Robotics/E013_Sound Sensor/WhatsApp Image 2026-08-11 at 6.06.21 PM.jpeg,E013,355ec9343028a563fb80cc5f66c758da1995eb38b06d5f32130fa70ed1a1eef7,unique-1460,train
FOR AIIC SUBMISSION/Inventory_Photos/Electronics_Robotics/E009_DC Motor 3V/IMG_2267.JPG,E009,47310590cba34105bb7b2ee5c499bc1b249866644b5b603ebd2f23fe1f4220f1,unique-1461,train
FOR AIIC SUBMISSION/Inventory_Photos/Electronics_Robotics/E008_N20 Mini Micro Metal Gear/WhatsApp Image 2026-08-12 at 10.37.11 AM.jpeg,E008,a50c4a53ec16f3ac708c15e7c4ca6e23323f4c59589af5f6a906e45e13feab0b,unique-1462,train
FOR AIIC SUBMISSION/Inventory_Photos/Electronics_Robotics/E009_DC Motor 3V/IMG_2266.JPG,E009,46ee269db226f986183fb36972dc8b4a75d6a6d011182edfcdd60cf365b3d25d,dup-0073,train
FOR AIIC SUBMISSION/Inventory_Photos/Electronics_Robotics/E023_Rocker Switch 2pin (Black)/IMG_6109.HEIC,E023,7f3f815a5d6706545ff48244c5e4ad5ee2af104fb2466ed662792f912f8851ad,unique-1464,train
FOR AIIC SUBMISSION/Inventory_Photos/Electronics_Robotics/E011_DHT11 Temperature and humidity/IMG_6031.HEIC,E011,e4668f9b01de60f456c77d48252700097bae662cda17332c65da6e2d77bceebc,unique-1465,train
FOR AIIC SUBMISSION/Inventory_Photos/Electronics_Robotics/E018_LED Red/IMG_6192.HEIC,E018,4743bf33f3808cedec72224650ed2911ff352e16458722e365eda2042e165157,unique-1466,train
FOR AIIC SUBMISSION/Inventory_Photos/Electronics_Robotics/E008_N20 Mini Micro Metal Gear/IMG_2272.jpeg,E008,e380451cb96dc797c3a3c96f102c5c0d628b385f54a2dbbfe571a235dbef56f3,dup-0006,train
FOR AIIC SUBMISSION/Inventory_Photos/Electronics_Robotics/E008_N20 Mini Micro Metal Gear/IMG_6038.HEIC,E008,a1f5386a393d576e1da000c4582780aca4d852bfa46d13c6509d9c7d2d04184e,unique-1468,train
FOR AIIC SUBMISSION/Inventory_Photos/Electronics_Robotics/E008_N20 Mini Micro Metal Gear/IMG_6040.HEIC,E008,351d0110d322ef2cf21b4d2ec34f41a74e852e0873c4d197cea73c4ec1a4ba64,unique-1469,train
FOR AIIC SUBMISSION/Inventory_Photos/Electronics_Robotics/E019_LED Blue/IMG_2232.jpeg,E019,0ba67d91bf21baf6d95cd7511eaf93f90bf2be7775f1e08a13b4bc1849ff6e26,dup-0074,train
FOR AIIC SUBMISSION/Inventory_Photos/Electronics_Robotics/E009_DC Motor 3V/IMG_2266.jpeg,E009,46ee269db226f986183fb36972dc8b4a75d6a6d011182edfcdd60cf365b3d25d,dup-0073,train
FOR AIIC SUBMISSION/Inventory_Photos/Electronics_Robotics/E003_Motor Shield/WhatsApp Image 2026-08-11 at 6.07.12 PM (2).jpeg,E003,99905c3c05d785e7869afdd5d722a894babb67476cb5cffb561130f6ac825ce4,dup-0019,train
FOR AIIC SUBMISSION/Inventory_Photos/Electronics_Robotics/E017_RC522 RFID Card Reader/IMG_2246.jpeg,E017,2a53ef918631c2a3decbcd67578f6f18178aa6078886bc15ce0c93ac614f6e00,dup-0075,test
FOR AIIC SUBMISSION/Inventory_Photos/Electronics_Robotics/E003_Motor Shield/WhatsApp Image 2026-08-11 at 6.07.12 PM (1).jpeg,E003,6f60e1cbb28e642d81ff9c9e7a54dc1f010f1a0a04b5596ce306deac12e291d8,unique-1474,train
FOR AIIC SUBMISSION/Inventory_Photos/Electronics_Robotics/E008_N20 Mini Micro Metal Gear/IMG_2272.JPG,E008,e380451cb96dc797c3a3c96f102c5c0d628b385f54a2dbbfe571a235dbef56f3,dup-0006,train
FOR AIIC SUBMISSION/Inventory_Photos/Electronics_Robotics/E008_N20 Mini Micro Metal Gear/WhatsApp Image 2026-08-12 at 10.37.13 AM (1).jpeg,E008,5ee70f012c27b236878bab76eeecfbd51806ce0d76bc36eddca4ffa811610174,dup-0076,test
FOR AIIC SUBMISSION/Inventory_Photos/Electronics_Robotics/E008_N20 Mini Micro Metal Gear/IMG_2271.JPG,E008,4dc53d6228eb5af6cb1ac8bba4d4db09d717a66cee2df3bbe4cce0ff3a60ea67,dup-0077,validation
FOR AIIC SUBMISSION/Inventory_Photos/Electronics_Robotics/E023_Rocker Switch 2pin (Black)/IMG_6111.HEIC,E023,a25e101bb9aab3ab78aa8a66125eebb6353757ec9838e3278eaa6d0065de1ec3,unique-1478,train
FOR AIIC SUBMISSION/Inventory_Photos/Electronics_Robotics/E008_N20 Mini Micro Metal Gear/WhatsApp Image 2026-08-12 at 10.37.13 AM.jpeg,E008,92910f2070dc028deba13db5927434a197f0427d00381c9563292e6f90f41820,dup-0076,test
FOR AIIC SUBMISSION/Inventory_Photos/Electronics_Robotics/E009_DC Motor 3V/WhatsApp Image 2026-08-11 at 6.05.12 PM.jpeg,E009,a6b1afe6a106f95189ae24c3085fad721a47aa4cf46ec5200cb71f068c44a34b,unique-1480,train
FOR AIIC SUBMISSION/Inventory_Photos/Electronics_Robotics/E009_DC Motor 3V/IMG_2263.JPG,E009,8769666a51c42d8a7cf3889711303308359741b6dc05a7fc1042f16f8160fad5,dup-0078,train
FOR AIIC SUBMISSION/Inventory_Photos/Electronics_Robotics/E017_RC522 RFID Card Reader/IMG_6103.HEIC,E017,18b8b3220df25c40b053a078732be4f01ab57f320c67a4817cc0eaf4a4cccad8,unique-1482,train
FOR AIIC SUBMISSION/Inventory_Photos/Electronics_Robotics/E013_Sound Sensor/IMG_2286.jpeg,E013,2aa27d165666c76515b3825578ebd5f1b8066ed40ebdb56af576b4694e879241,dup-0079,train
FOR AIIC SUBMISSION/Inventory_Photos/Electronics_Robotics/E018_LED Red/IMG_6194.HEIC,E018,77d2f9efe9ecbd46becd270c5094a2a0c41db38dc84952374e5cb34dfa0e6de1,unique-1484,train
FOR AIIC SUBMISSION/Inventory_Photos/Electronics_Robotics/E009_DC Motor 3V/IMG_6026.HEIC,E009,099eb320dc62ccf369a4292070403356e81a4949e007175fe9b58d681faa4d3d,unique-1485,train
FOR AIIC SUBMISSION/Inventory_Photos/Electronics_Robotics/E013_Sound Sensor/IMG_2286.JPG,E013,2aa27d165666c76515b3825578ebd5f1b8066ed40ebdb56af576b4694e879241,dup-0079,train
FOR AIIC SUBMISSION/Inventory_Photos/Electronics_Robotics/E023_Rocker Switch 2pin (Black)/WhatsApp Image 2026-08-12 at 10.37.45 AM (1).jpeg,E023,3b0ad83920b707ff0eb85a7bd48c67fda169faf98c060a1b8577ea66e1510d30,unique-1487,train
FOR AIIC SUBMISSION/Inventory_Photos/Electronics_Robotics/E003_Motor Shield/IMG_6232.HEIC,E003,e61d88ae1e2d45850f1994d7d06809a7c35660567ebd3f7349eb5e810b029dcd,unique-1488,train
FOR AIIC SUBMISSION/Inventory_Photos/Electronics_Robotics/E023_Rocker Switch 2pin (Black)/WhatsApp Image 2026-08-11 at 6.03.28 PM (2).jpeg,E023,5a850958dde58f792fc9c509e6d849c06a5e263a562ca8bcea1e8e1138a8edd9,unique-1489,train
FOR AIIC SUBMISSION/Inventory_Photos/Electronics_Robotics/E003_Motor Shield/WhatsApp Image 2026-08-11 at 6.07.10 PM (1).jpeg,E003,b01c2dbfb2c0f285380f95cc1919103dfac3b9f414f4410388dca0b7335fafe3,dup-0019,train
FOR AIIC SUBMISSION/Inventory_Photos/Electronics_Robotics/E013_Sound Sensor/WhatsApp Image 2026-08-11 at 6.06.22 PM.jpeg,E013,1ed8816a25316a59ac6f1e9a78140e4faa791210c2c116285f4f1a04f738eb7b,unique-1491,validation
FOR AIIC SUBMISSION/Inventory_Photos/Electronics_Robotics/E017_RC522 RFID Card Reader/IMG_2246.JPG,E017,2a53ef918631c2a3decbcd67578f6f18178aa6078886bc15ce0c93ac614f6e00,dup-0075,test
FOR AIIC SUBMISSION/Inventory_Photos/Electronics_Robotics/E023_Rocker Switch 2pin (Black)/IMG_6113.HEIC,E023,dc1328b5dcfc5aa5b44c95b239aed7cc6904f36991a873edfb83487baf8806ab,unique-1493,train
FOR AIIC SUBMISSION/Inventory_Photos/Electronics_Robotics/E008_N20 Mini Micro Metal Gear/WhatsApp Image 2026-08-12 at 10.37.09 AM.jpeg,E008,4e555bebdc07f58c6d4a785ca98d4ee1347d7aeafdf8685449bcb7a07f5e3555,unique-1494,train
FOR AIIC SUBMISSION/Inventory_Photos/Electronics_Robotics/E007_HC-SR04 Ultrasonic Sensor/WhatsApp Image 2026-08-11 at 6.03.31 PM (2).jpeg,E007,e3a747b1b27567275b48e899b12b620423a11d141b86e133018eccc81b02c782,unique-1495,train
FOR AIIC SUBMISSION/Inventory_Photos/Electronics_Robotics/E003_Motor Shield/IMG_6233.HEIC,E003,e4f1b756b5bdf8def6ad43ee8f4f0956291ac668a8d078fe939c1fbe8b2d8c89,unique-1496,train
FOR AIIC SUBMISSION/Inventory_Photos/Electronics_Robotics/E006_NodeMCU/WhatsApp Image 2026-08-11 at 6.05.10 PM (2).jpeg,E006,81f93911d7afce09d7af8a8e5be42f9a1c5996c45c0c631bda5d1d3cd4b993ba,dup-0018,train
FOR AIIC SUBMISSION/Inventory_Photos/Electronics_Robotics/E006_NodeMCU/WhatsApp Image 2026-08-11 at 6.05.06 PM (1).jpeg,E006,a70bcb731ee66acd6ea809d0cb26b97beac11022bcb4dc7f662da0e061458160,dup-0069,validation
FOR AIIC SUBMISSION/Inventory_Photos/Electronics_Robotics/E007_HC-SR04 Ultrasonic Sensor/WhatsApp Image 2026-08-11 at 6.03.31 PM (1).jpeg,E007,8b72a637e9aeccffbc44ad6f8e76b52d85cad32bb71a8a160153b88d9a5c854d,unique-1499,train
FOR AIIC SUBMISSION/Inventory_Photos/Electronics_Robotics/E003_Motor Shield/WhatsApp Image 2026-08-11 at 6.07.10 PM (2).jpeg,E003,ff69ef13f434447e7514ecce9854750dcc39aee0cce0c5c7b04c72fbc680ef8b,unique-1500,test
FOR AIIC SUBMISSION/Inventory_Photos/Electronics_Robotics/E023_Rocker Switch 2pin (Black)/WhatsApp Image 2026-08-11 at 6.03.30 PM (2).jpeg,E023,7489aee459e0efff5e05ba15a71ad6e7211f7b4ea46a38737273d46c52cb0d8e,unique-1501,validation
FOR AIIC SUBMISSION/Inventory_Photos/Electronics_Robotics/E011_DHT11 Temperature and humidity/IMG_2360.JPG,E011,ccaf8a57760fdf737f8117050d37f55e3dac844d70f2405d2ec8a6b0a34ec57c,unique-1502,test
FOR AIIC SUBMISSION/Inventory_Photos/Electronics_Robotics/E008_N20 Mini Micro Metal Gear/WhatsApp Image 2026-08-12 at 10.37.08 AM.jpeg,E008,a4d85adafccba883fc548ef9f24d31debd8b1fa4f9c30323ac1e636db9d3e367,unique-1503,train
FOR AIIC SUBMISSION/Inventory_Photos/Electronics_Robotics/E009_DC Motor 3V/IMG_2264.JPG,E009,6a0e9e63e7d145a894c3afbea31bfde279a123670402192a3815bec18a4fa964,dup-0080,train
FOR AIIC SUBMISSION/Inventory_Photos/Electronics_Robotics/E023_Rocker Switch 2pin (Black)/IMG_6110.HEIC,E023,b41b4d26ef0c92edad377c6ad4837fb053a4e30675f34d50f72e860405cc3cf4,unique-1505,test
FOR AIIC SUBMISSION/Inventory_Photos/Electronics_Robotics/E006_NodeMCU/WhatsApp Image 2026-08-11 at 6.05.06 PM.jpeg,E006,81f93911d7afce09d7af8a8e5be42f9a1c5996c45c0c631bda5d1d3cd4b993ba,dup-0018,train
FOR AIIC SUBMISSION/Inventory_Photos/Electronics_Robotics/E023_Rocker Switch 2pin (Black)/IMG_2306.JPG,E023,871d6780a97f1660e879723ffbc029a9933af81b0909263f3a302ed7661061bb,unique-1507,validation
FOR AIIC SUBMISSION/Inventory_Photos/Electronics_Robotics/E003_Motor Shield/WhatsApp Image 2026-08-11 at 6.07.11 PM (1).jpeg,E003,04936abf469be4d35e4b0096506191533e76d5868345155d4b994e9ad04851a4,dup-0019,train
FOR AIIC SUBMISSION/Inventory_Photos/Electronics_Robotics/E013_Sound Sensor/IMG_6064.HEIC,E013,8e7963324060da39ee07ae947485526f2c4624134aedef58cee2410f5c2ac307,unique-1509,train
FOR AIIC SUBMISSION/Inventory_Photos/Electronics_Robotics/E007_HC-SR04 Ultrasonic Sensor/WhatsApp Image 2026-08-11 at 6.03.32 PM (2).jpeg,E007,2c10a13122f4bcaed4590015ecdc2e65a750b898aa80264e6d8fa8512017451b,unique-1510,test
FOR AIIC SUBMISSION/Inventory_Photos/Electronics_Robotics/E009_DC Motor 3V/IMG_2263.jpeg,E009,8769666a51c42d8a7cf3889711303308359741b6dc05a7fc1042f16f8160fad5,dup-0078,train
FOR AIIC SUBMISSION/Inventory_Photos/Electronics_Robotics/E009_DC Motor 3V/IMG_2264.jpeg,E009,6a0e9e63e7d145a894c3afbea31bfde279a123670402192a3815bec18a4fa964,dup-0080,train
FOR AIIC SUBMISSION/Inventory_Photos/Electronics_Robotics/E003_Motor Shield/IMG_6234.HEIC,E003,7318169ede017b9d0eee8895892e8c6a2532543174afe73c2f5fa1480c98d1c8,unique-1513,train
FOR AIIC SUBMISSION/Inventory_Photos/Electronics_Robotics/E003_Motor Shield/WhatsApp Image 2026-08-11 at 6.07.11 PM (2).jpeg,E003,068dfbf9ef3d0115a205dd3c3d3027ca54ee9f8f46fc804fb25104c946785c7c,unique-1514,train
FOR AIIC SUBMISSION/Inventory_Photos/Electronics_Robotics/E013_Sound Sensor/IMG_2241.JPG,E013,13a66fb46cec439c004416e85395eba8cab2e01d833a212d5b3d370d737e979c,dup-0004,train
FOR AIIC SUBMISSION/Inventory_Photos/Electronics_Robotics/E006_NodeMCU/WhatsApp Image 2026-08-11 at 6.05.09 PM.jpeg,E006,42936ca5683a2da689f99df3e97b83a3578ccedcb5f31fe28f0367b61674b997,unique-1516,test
FOR AIIC SUBMISSION/Inventory_Photos/Electronics_Robotics/E007_HC-SR04 Ultrasonic Sensor/IMG_2336.jpeg,E007,745b25fa60735c552f61859afe23aca2bc784cf95e2614e263c84c86d8ede92e,dup-0081,train
FOR AIIC SUBMISSION/Inventory_Photos/Electronics_Robotics/E006_NodeMCU/WhatsApp Image 2026-08-11 at 6.05.08 PM (1).jpeg,E006,130fcf8181bb2263395b0d4fef3738a6f18b2b8077b70b548092599958da7103,dup-0082,validation
FOR AIIC SUBMISSION/Inventory_Photos/Electronics_Robotics/E007_HC-SR04 Ultrasonic Sensor/WhatsApp Image 2026-08-11 at 6.03.33 PM.jpeg,E007,325a859c21acdef18ded6c54e969c72a6d557809886a804ea7b978202494694a,dup-0083,train
FOR AIIC SUBMISSION/Inventory_Photos/Electronics_Robotics/E007_HC-SR04 Ultrasonic Sensor/IMG_2336.JPG,E007,745b25fa60735c552f61859afe23aca2bc784cf95e2614e263c84c86d8ede92e,dup-0081,train
FOR AIIC SUBMISSION/Inventory_Photos/Electronics_Robotics/E008_N20 Mini Micro Metal Gear/IMG_6039.HEIC,E008,e6d3c7dbcc3eade43e06e4fadafae936b28489c06dd1298762d46eff81e059c2,unique-1521,train
FOR AIIC SUBMISSION/Inventory_Photos/Electronics_Robotics/E008_N20 Mini Micro Metal Gear/IMG_2270.jpeg,E008,8520f7b9493969b9ee049623b8f38dd7d6e7fd1eb4f6df0ef09f078e7b92ae3a,dup-0007,train
FOR AIIC SUBMISSION/Inventory_Photos/Electronics_Robotics/E013_Sound Sensor/IMG_2290.JPG,E013,07a0485603364cf8ce294fda5dd5bd3f51b4dcb171abcb0fa8e396fcdd354a13,dup-0084,test
FOR AIIC SUBMISSION/Inventory_Photos/Electronics_Robotics/E006_NodeMCU/WhatsApp Image 2026-08-11 at 6.05.10 PM.jpeg,E006,7ee342a4be8b9fb0b68606f952941926ad1d23ca8677858fca9dc8276e996ffb,dup-0082,validation
FOR AIIC SUBMISSION/Inventory_Photos/Electronics_Robotics/E006_NodeMCU/IMG_6229.HEIC,E006,8bef39b0f43128cb6814c9af40eb0b7a607266bcecf754cc23b5fb76404dae5b,unique-1525,train
FOR AIIC SUBMISSION/Inventory_Photos/Electronics_Robotics/E007_HC-SR04 Ultrasonic Sensor/WhatsApp Image 2026-08-11 at 6.03.32 PM (1).jpeg,E007,6fb4888986402c2f9a59d3f19020541eed74fe9245c9453763d907c8e81516b9,unique-1526,train
FOR AIIC SUBMISSION/Inventory_Photos/Electronics_Robotics/E013_Sound Sensor/IMG_2287.jpeg,E013,9369076d5faefe6ed1ed727d690164f31beb3ec0b9be819295b33c84f874066f,dup-0085,train
FOR AIIC SUBMISSION/Inventory_Photos/Electronics_Robotics/E007_HC-SR04 Ultrasonic Sensor/IMG_2335.JPG,E007,4cb56d608ac18ee38f0e5d478fe06bb46dcce5ba5f9c2f8e324c19b44e4e3b7c,dup-0086,test
FOR AIIC SUBMISSION/Inventory_Photos/Electronics_Robotics/E013_Sound Sensor/WhatsApp Image 2026-08-11 at 6.06.21 PM (1).jpeg,E013,40f6f95c8b22e6a21861fa3c0ba46d48554e5316fa6de5806cbfc6fe01134586,unique-1529,train
FOR AIIC SUBMISSION/Inventory_Photos/Electronics_Robotics/E013_Sound Sensor/IMG_6065.HEIC,E013,4d2a97eaf862b4832cbae387449de3c0eb7d12a1460e2a50f8d0de108b1abc9f,unique-1530,validation
FOR AIIC SUBMISSION/Inventory_Photos/Electronics_Robotics/E013_Sound Sensor/IMG_2289.jpeg,E013,5fcf8a169057ef347ff1bb74937c5268a237637f4116fea031bf5a0151c68adc,dup-0087,validation
FOR AIIC SUBMISSION/Inventory_Photos/Electronics_Robotics/E013_Sound Sensor/IMG_2287.JPG,E013,9369076d5faefe6ed1ed727d690164f31beb3ec0b9be819295b33c84f874066f,dup-0085,train
FOR AIIC SUBMISSION/Inventory_Photos/Electronics_Robotics/E007_HC-SR04 Ultrasonic Sensor/IMG_2335.jpeg,E007,4cb56d608ac18ee38f0e5d478fe06bb46dcce5ba5f9c2f8e324c19b44e4e3b7c,dup-0086,test
FOR AIIC SUBMISSION/Inventory_Photos/Electronics_Robotics/E023_Rocker Switch 2pin (Black)/IMG_2307.JPG,E023,c14bf3aa7ef2d4d513a74c37032747da8342d1fa2921d8b47f95f2f874cdb7a8,unique-1534,train
FOR AIIC SUBMISSION/Inventory_Photos/Electronics_Robotics/E009_DC Motor 3V/IMG_6025.HEIC,E009,d658aa381e07fea2239fb3737ea997e63d3b9df2a00643b73d99a039200550d1,unique-1535,train
FOR AIIC SUBMISSION/Inventory_Photos/Electronics_Robotics/E013_Sound Sensor/IMG_2288.JPG,E013,a685928335ce8e8a3bf9b6ab060b79bb1027b76ae5b64f5160682f3da6d0b0e3,dup-0088,train
FOR AIIC SUBMISSION/Inventory_Photos/Electronics_Robotics/E007_HC-SR04 Ultrasonic Sensor/IMG_2337.JPG,E007,a8f8c6d0c960fd5c2ea5c7e7df28bc9f9caf6c9b39d956de2f1094dd96fabdfb,dup-0089,train
FOR AIIC SUBMISSION/Inventory_Photos/Electronics_Robotics/E006_NodeMCU/WhatsApp Image 2026-08-11 at 6.05.06 PM (2).jpeg,E006,e1454e3851327b461073b30cc18e852bf0036c11b3f33120ff7873dc380d7614,dup-0067,train
FOR AIIC SUBMISSION/Inventory_Photos/Electronics_Robotics/E007_HC-SR04 Ultrasonic Sensor/WhatsApp Image 2026-08-11 at 6.03.32 PM.jpeg,E007,0f7bae5f7efb1dd62ee7c7d3fc6d4881cf0431cf756fd3a1bbe47994ef9241f1,dup-0083,train
FOR AIIC SUBMISSION/Inventory_Photos/Electronics_Robotics/E013_Sound Sensor/IMG_2289.JPG,E013,5fcf8a169057ef347ff1bb74937c5268a237637f4116fea031bf5a0151c68adc,dup-0087,validation
FOR AIIC SUBMISSION/Inventory_Photos/Electronics_Robotics/E007_HC-SR04 Ultrasonic Sensor/IMG_2337.jpeg,E007,a8f8c6d0c960fd5c2ea5c7e7df28bc9f9caf6c9b39d956de2f1094dd96fabdfb,dup-0089,train
FOR AIIC SUBMISSION/Inventory_Photos/Electronics_Robotics/E003_Motor Shield/IMG_6231.HEIC,E003,93738eb99c57f6ad457ec2b4958cd44b65b826440f8be4fa24b168bd89fb11ef,unique-1542,train
FOR AIIC SUBMISSION/Inventory_Photos/Electronics_Robotics/E023_Rocker Switch 2pin (Black)/IMG_2308.JPG,E023,b19570be835e67042d754afbf832017600596b3173068534cb33f8eacb21116a,unique-1543,validation
FOR AIIC SUBMISSION/Inventory_Photos/Electronics_Robotics/E003_Motor Shield/IMG_6179.HEIC,E003,00f67c5d10e36bf436b0f3cbe2265420471ca275e7083e14b8d15ce31ee10fbf,unique-1544,train
FOR AIIC SUBMISSION/Inventory_Photos/Electronics_Robotics/E006_NodeMCU/IMG_6228.HEIC,E006,e5113dcf1861d870286bfd04deaae180f35338de851b7192bc1f7248463df2c6,unique-1545,train
FOR AIIC SUBMISSION/Inventory_Photos/Electronics_Robotics/E008_N20 Mini Micro Metal Gear/IMG_2269.JPG,E008,1d09f832b396a7baab456452743e9327e39863995f0b5bb3603139c3ba55136b,dup-0090,test
FOR AIIC SUBMISSION/Inventory_Photos/Electronics_Robotics/E008_N20 Mini Micro Metal Gear/IMG_2268.jpeg,E008,df5a4b18f3545901079e6c0468446d5e6f05c9560ed761fffd52a13e6da50cab,dup-0008,validation
FOR AIIC SUBMISSION/Inventory_Photos/Electronics_Robotics/E008_N20 Mini Micro Metal Gear/IMG_2268.JPG,E008,df5a4b18f3545901079e6c0468446d5e6f05c9560ed761fffd52a13e6da50cab,dup-0008,validation
FOR AIIC SUBMISSION/Inventory_Photos/Electronics_Robotics/E013_Sound Sensor/IMG_2290.jpeg,E013,07a0485603364cf8ce294fda5dd5bd3f51b4dcb171abcb0fa8e396fcdd354a13,dup-0084,test
FOR AIIC SUBMISSION/Inventory_Photos/Electronics_Robotics/E013_Sound Sensor/IMG_6066.HEIC,E013,3c318a6612bd4a7e97d00b3e487e96717c516cd6aba6097f4dbf94f8d338f3bc,unique-1550,train
FOR AIIC SUBMISSION/Inventory_Photos/Electronics_Robotics/E003_Motor Shield/IMG_6181.HEIC,E003,46c449f071bea476612c150e8454e790472608412412e99769ee2f5e37c74d22,unique-1551,train
FOR AIIC SUBMISSION/Inventory_Photos/Electronics_Robotics/E013_Sound Sensor/IMG_2242.JPG,E013,a4fb175c2752af0d082c5656b7b5625c84f55dd9dadd8d0ab083865ae492d249,unique-1552,train
FOR AIIC SUBMISSION/Inventory_Photos/Electronics_Robotics/E002_Arduino Nano/WhatsApp Image 2026-08-11 at 6.07.15 PM (2).jpeg,E002,8920e7a992232c1239abd00108adf8e389374c3b93b65ccc6138cf35004e3d22,unique-1553,train
FOR AIIC SUBMISSION/Inventory_Photos/Electronics_Robotics/E023_Rocker Switch 2pin (Black)/IMG_6112.HEIC,E023,dca2139e6730f295df7e267bace9e089d364ef99705ab8ee222859b0dd344ba7,unique-1554,train
FOR AIIC SUBMISSION/Inventory_Photos/Electronics_Robotics/E010_N20 Micro Metal Gear Motor/IMG_2268.jpeg,E010,df5a4b18f3545901079e6c0468446d5e6f05c9560ed761fffd52a13e6da50cab,dup-0008,validation
FOR AIIC SUBMISSION/Inventory_Photos/Electronics_Robotics/E010_N20 Micro Metal Gear Motor/IMG_2272.jpeg,E010,e380451cb96dc797c3a3c96f102c5c0d628b385f54a2dbbfe571a235dbef56f3,dup-0006,train
FOR AIIC SUBMISSION/Inventory_Photos/Electronics_Robotics/E002_Arduino Nano/WhatsApp Image 2026-08-11 at 6.03.04 PM.jpeg,E002,39d956ffa6f46ab0ff7e9300eb86353b3d37ea693126f79e94425196732a206c,unique-1557,train
FOR AIIC SUBMISSION/Inventory_Photos/Electronics_Robotics/E008_N20 Mini Micro Metal Gear/IMG_2270.JPG,E008,8520f7b9493969b9ee049623b8f38dd7d6e7fd1eb4f6df0ef09f078e7b92ae3a,dup-0007,train
FOR AIIC SUBMISSION/Inventory_Photos/Electronics_Robotics/E006_NodeMCU/IMG_6224.HEIC,E006,2b4651bb6fd4036a5f4da45fe09a7b9836070d43986445db5f04be0ef205426b,unique-1559,validation
FOR AIIC SUBMISSION/Inventory_Photos/Electronics_Robotics/E008_N20 Mini Micro Metal Gear/IMG_6036.HEIC,E008,30320ab8adf465906312bbaebd3a4b82dd79f1395720e3ec724bc1dfd4b8bd42,unique-1560,validation
FOR AIIC SUBMISSION/Inventory_Photos/Electronics_Robotics/E011_DHT11 Temperature and humidity/IMG_6030.HEIC,E011,7205fde164475a0f52084c765cd28c016acb979136363e527086dc7e2e07f259,unique-1561,train
FOR AIIC SUBMISSION/Inventory_Photos/Electronics_Robotics/E006_NodeMCU/WhatsApp Image 2026-08-11 at 6.05.09 PM (2).jpeg,E006,95c96f631f03c69356f04d0908d8d6daf076ed678489481ddf31f2a8e6905075,dup-0009,train
FOR AIIC SUBMISSION/Inventory_Photos/Electronics_Robotics/E006_NodeMCU/WhatsApp Image 2026-08-11 at 6.05.11 PM.jpeg,E006,59a3555e4d363f89d4297c839d52136817f9a3fd6746c950d77ea071dfc751e1,unique-1563,validation
FOR AIIC SUBMISSION/Inventory_Photos/Electronics_Robotics/E006_NodeMCU/IMG_6070.HEIC,E006,16b5c6bb4927249e4fb6d0ad1dc1c9c150d1e2484291461a7c605f21514cb109,unique-1564,train
FOR AIIC SUBMISSION/Inventory_Photos/Electronics_Robotics/E010_N20 Micro Metal Gear Motor/IMG_2271.JPG,E010,4dc53d6228eb5af6cb1ac8bba4d4db09d717a66cee2df3bbe4cce0ff3a60ea67,dup-0077,validation
FOR AIIC SUBMISSION/Inventory_Photos/Electronics_Robotics/E002_Arduino Nano/WhatsApp Image 2026-08-11 at 6.03.04 PM (1).jpeg,E002,7ae9a8e0c295853f01f09e87204d6d6a900ba8c85595936645364152bbb91818,unique-1566,train
FOR AIIC SUBMISSION/Inventory_Photos/Electronics_Robotics/E002_Arduino Nano/IMG_6227.HEIC,E002,f6e45a68ce2ffd2e212fae7716c687224a0069c88dcb1f9f76e60443b23cb599,dup-0091,test
FOR AIIC SUBMISSION/Inventory_Photos/Electronics_Robotics/E007_HC-SR04 Ultrasonic Sensor/IMG_6058.HEIC,E007,f2ba0356b6b3a67fe211d34106bbecd491ea40396c25344159da2b3116c0ba37,unique-1568,train
FOR AIIC SUBMISSION/Inventory_Photos/Electronics_Robotics/E003_Motor Shield/IMG_2259.JPG,E003,740a26cb5f8722f742674ae37f0b6c614a998d6bbfc619d27d3aace07863fc3b,unique-1569,train
FOR AIIC SUBMISSION/Inventory_Photos/Electronics_Robotics/E002_Arduino Nano/IMG_6227(1).HEIC,E002,f6e45a68ce2ffd2e212fae7716c687224a0069c88dcb1f9f76e60443b23cb599,dup-0091,test
FOR AIIC SUBMISSION/Inventory_Photos/Electronics_Robotics/E023_Rocker Switch 2pin (Black)/IMG_6108.HEIC,E023,1d1f6fea7aaed0a0a8a0af9ec4005549985870f3783c98e02316d470e8068a0f,unique-1571,train
FOR AIIC SUBMISSION/Inventory_Photos/Electronics_Robotics/E023_Rocker Switch 2pin (Black)/IMG_2305.JPG,E023,197ed13d95540946521f068cc14678db5d4ca0f439f44f45a81ff589d0445b25,unique-1572,validation
FOR AIIC SUBMISSION/Inventory_Photos/Electronics_Robotics/E007_HC-SR04 Ultrasonic Sensor/IMG_6057.HEIC,E007,95761e89047bb3142b323ccc6ed304620e659a98f022a130ea52f7a7425fea2a,unique-1573,validation
FOR AIIC SUBMISSION/Inventory_Photos/Electronics_Robotics/E007_HC-SR04 Ultrasonic Sensor/IMG_6060.HEIC,E007,f16bfa031c6979a3073d1faeb5350aac27921d8bedb6a1db8ce66f0c57c4f5b5,unique-1574,validation
FOR AIIC SUBMISSION/Inventory_Photos/Electronics_Robotics/E023_Rocker Switch 2pin (Black)/IMG_2250.JPG,E023,7143f100b3338c8134771389baf8d362ce05213e81770f3ea0fb42111ff3e4d5,unique-1575,train
FOR AIIC SUBMISSION/Inventory_Photos/Electronics_Robotics/E002_Arduino Nano/IMG_6226.HEIC,E002,96a0cae4a2f66e89dd205ebaf99787fb60c62b3f25b32c5cb52d857a92bc874b,dup-0092,train
FOR AIIC SUBMISSION/Inventory_Photos/Electronics_Robotics/E002_Arduino Nano/IMG_6226(1).HEIC,E002,96a0cae4a2f66e89dd205ebaf99787fb60c62b3f25b32c5cb52d857a92bc874b,dup-0092,train
FOR AIIC SUBMISSION/Inventory_Photos/Electronics_Robotics/E010_N20 Micro Metal Gear Motor/IMG_2270.jpeg,E010,8520f7b9493969b9ee049623b8f38dd7d6e7fd1eb4f6df0ef09f078e7b92ae3a,dup-0007,train
FOR AIIC SUBMISSION/Inventory_Photos/Electronics_Robotics/E003_Motor Shield/IMG_6178.HEIC,E003,08abcf984206e191f44ee718dbd8437e84c75154afff1b7fe03ddb6c7ad3a759,unique-1579,validation
FOR AIIC SUBMISSION/Inventory_Photos/Electronics_Robotics/E006_NodeMCU/IMG_6230.HEIC,E006,739eb529f4fe9af3fdf886a98c7aa00a67dd9a5032269aefa3c28fc8578b8c80,unique-1580,train
FOR AIIC SUBMISSION/Inventory_Photos/Electronics_Robotics/E007_HC-SR04 Ultrasonic Sensor/IMG_6059.HEIC,E007,2486e9818fbd5b660cf1197b3f64c6bad488fba3d17dcd0f24f759ce3f0018b3,unique-1581,train
FOR AIIC SUBMISSION/Inventory_Photos/Electronics_Robotics/E006_NodeMCU/IMG_6072.HEIC,E006,af77e0df972905b36ecff5e5f2874a2a2046ac202a003ad2ae1bf75f54cf0cfb,unique-1582,train
FOR AIIC SUBMISSION/Inventory_Photos/Electronics_Robotics/E002_Arduino Nano/WhatsApp Image 2026-08-11 at 6.03.06 PM (1).jpeg,E002,4e949c9980502229fc506cb6fc783dfe849a8afef5c5abb45f76b431b9c722d2,unique-1583,train
FOR AIIC SUBMISSION/Inventory_Photos/Electronics_Robotics/E002_Arduino Nano/IMG_2293.JPG,E002,7bf7d7d7efcb4aae0b26d306029946c656f36a71eb3357e2a756985897dc0ece,unique-1584,train
FOR AIIC SUBMISSION/Inventory_Photos/Electronics_Robotics/E003_Motor Shield/IMG_6180.HEIC,E003,357443891e6519fa3208deb989dd9291f5069b08c104bd9ab95c9b33eb1d7385,unique-1585,test
FOR AIIC SUBMISSION/Inventory_Photos/Electronics_Robotics/E003_Motor Shield/IMG_2262.JPG,E003,686aa9197758e1f24d54cc84b1a789054f8c14a51e209839c77b4c62ab8099cf,unique-1586,train
FOR AIIC SUBMISSION/Inventory_Photos/Craft_Materials_STEM_Kits/C023_liquid glue/C023_LIQUID GLUE_C023_06.JPG,C024,3854056ef0ead31e3bd44d61ecd2a95bda36ec6dc0cc8a249248f24f533355a5,unique-1587,train
FOR AIIC SUBMISSION/Inventory_Photos/Electronics_Robotics/E003_Motor Shield/IMG_6182.HEIC,E003,dafa9e0c50ef6d5a2cf49cf5a17cf3eac804332538f9e5c5f5cb3f0a6d60eb34,unique-1588,validation
FOR AIIC SUBMISSION/Inventory_Photos/Electronics_Robotics/E002_Arduino Nano/IMG_2295.JPG,E002,b0b448c9f4fefd4bde60cb2cd30fee7ccaf562ce2dc8193d720ec5bdd7aae13a,unique-1589,train
FOR AIIC SUBMISSION/Inventory_Photos/Electronics_Robotics/E002_Arduino Nano/IMG_6223(1).HEIC,E002,b0fc0592077b9485c5857eb7cf4a8903fb3dbae188855b5043a431908421d170,dup-0093,test
FOR AIIC SUBMISSION/Inventory_Photos/Electronics_Robotics/E002_Arduino Nano/IMG_6223.HEIC,E002,b0fc0592077b9485c5857eb7cf4a8903fb3dbae188855b5043a431908421d170,dup-0093,test
FOR AIIC SUBMISSION/Inventory_Photos/Electronics_Robotics/E002_Arduino Nano/WhatsApp Image 2026-08-11 at 6.07.15 PM.jpeg,E002,bc46fa0e74a1cb37e0164db892806ed6691a085d8df064640b0b37f4c9dc9191,unique-1592,train
FOR AIIC SUBMISSION/Inventory_Photos/Electronics_Robotics/E010_N20 Micro Metal Gear Motor/IMG_2243.JPG,E010,4dc91d859f8d4366e060c5145d17eb6e5b93e1c52ddfbbb73bd9cbaddfbbbac2,dup-0013,train
FOR AIIC SUBMISSION/Inventory_Photos/Electronics_Robotics/E013_Sound Sensor/WhatsApp Image 2026-08-11 at 6.06.22 PM (1).jpeg,E013,0d3343f5da76e84ffd3ab47d31c31b0390c4d40e85ce6db409f6a38194aec040,unique-1594,train
FOR AIIC SUBMISSION/Inventory_Photos/Electronics_Robotics/E013_Sound Sensor/IMG_6068.HEIC,E013,7f70551f1b67e77d6c72562a8bf7b1b6aee079b452dae128aa5de3d51bd751c6,unique-1595,train
FOR AIIC SUBMISSION/Inventory_Photos/Electronics_Robotics/E002_Arduino Nano/WhatsApp Image 2026-08-11 at 6.03.07 PM.jpeg,E002,3d466b53d8f82ae2d41c07238100e5d76f73beea63c1c50959e3548c37ddd5d4,unique-1596,validation
FOR AIIC SUBMISSION/Inventory_Photos/Electronics_Robotics/E010_N20 Micro Metal Gear Motor/IMG_2272.JPG,E010,e380451cb96dc797c3a3c96f102c5c0d628b385f54a2dbbfe571a235dbef56f3,dup-0006,train
FOR AIIC SUBMISSION/Inventory_Photos/Craft_Materials_STEM_Kits/C023_liquid glue/C023_LIQUID GLUE_C023_24.JPG,C024,c43d9647ea4dc190f904f5ae48741b2c6259c1088138f5768cbbc78dd08d6676,unique-1598,train
FOR AIIC SUBMISSION/Inventory_Photos/Craft_Materials_STEM_Kits/C023_liquid glue/C023_LIQUID GLUE_C023_05.JPG,C024,d5a5453b0db6173460fb2daa2b94c589703c53632d6b9b809bed495ddda73ab9,unique-1599,train
FOR AIIC SUBMISSION/Inventory_Photos/Electronics_Robotics/E006_NodeMCU/WhatsApp Image 2026-08-11 at 6.05.10 PM (1).jpeg,E006,352669d37502fd263fd033ef018acb7b85da736dc25db81ccfd1bbd624b74cfa,unique-1600,train
FOR AIIC SUBMISSION/Inventory_Photos/Electronics_Robotics/E003_Motor Shield/IMG_6183.HEIC,E003,5498bf83258b584d6d72ace15f7d1e882d12aa267af6470ce7570825c843c04d,unique-1601,train
FOR AIIC SUBMISSION/Inventory_Photos/Craft_Materials_STEM_Kits/C023_liquid glue/C023_LIQUID GLUE_C023_01.JPG,C024,e01eea309df2e1ddcdcc8196bdb8030884ebef57b4cbd54b097c89253d4e6207,unique-1602,train
FOR AIIC SUBMISSION/Inventory_Photos/Electronics_Robotics/E006_NodeMCU/IMG_6075.HEIC,E006,27218518a2d6e823a8ebd1964e12fc9a5d0161fe7ea5e42be5c825ba450e087b,unique-1603,train
FOR AIIC SUBMISSION/Inventory_Photos/Electronics_Robotics/E008_N20 Mini Micro Metal Gear/IMG_6037.HEIC,E008,6270b7522295b5564ae84c3f652cc0e9dee7a80fb50a8c294ffe48c6287765a4,unique-1604,test
FOR AIIC SUBMISSION/Inventory_Photos/Electronics_Robotics/E002_Arduino Nano/IMG_2292.JPG,E002,2f9a1ce2fd3a949cef334ff31c54c4f8baa2448ab444e29a9fe731197b9f93f4,unique-1605,train
FOR AIIC SUBMISSION/Inventory_Photos/Electronics_Robotics/E002_Arduino Nano/IMG_6225.HEIC,E002,a0b7e45728451c4c9de1907fe08396b1ed971ffb66bc1785b75b95b1df82678d,dup-0094,train
FOR AIIC SUBMISSION/Inventory_Photos/Craft_Materials_STEM_Kits/C021_clothespin/C021_CLOTHESPIN_C021_01.JPG,C022,3d7c1eb5f2e6a1fec94903164c81c33527669570aa6383ddce4eb8007deaa2a6,unique-1607,train
FOR AIIC SUBMISSION/Inventory_Photos/Craft_Materials_STEM_Kits/C021_clothespin/C021_CLOTHESPIN_C021_13.JPG,C022,c6a328801e26ae1cdaa764cfe5c63dab994b1e9af7cffab651f7239fdc90246a,unique-1608,validation
FOR AIIC SUBMISSION/Inventory_Photos/Craft_Materials_STEM_Kits/C021_clothespin/C021_CLOTHESPIN_C021_19.JPG,C022,1d0e3086181038420b52409734ecbaf7c649708dd6580d717dfbeb2e2a3ad1df,dup-0095,train
FOR AIIC SUBMISSION/Inventory_Photos/Craft_Materials_STEM_Kits/C021_clothespin/C021_CLOTHESPIN_C021_14.JPG,C022,0db93b9ba59070a09cc60b5a1d1e2704c449d2ddc958a4bd60b732e819642551,unique-1610,train
FOR AIIC SUBMISSION/Inventory_Photos/Electronics_Robotics/E003_Motor Shield/IMG_2261.JPG,E003,e19838c46182e3b6c4df00118a42c61e735486d606abeb3aa1403cf9668b2bf8,unique-1611,train
FOR AIIC SUBMISSION/Inventory_Photos/Craft_Materials_STEM_Kits/C023_liquid glue/C023_LIQUID GLUE_C023_12.JPG,C024,100872102e966dbeabb6857a6927ac8d6a99ff2eee92e426cb40b730c5dcd645,unique-1612,train
FOR AIIC SUBMISSION/Inventory_Photos/Craft_Materials_STEM_Kits/C021_clothespin/C021_CLOTHESPIN_C021_20.JPG,C022,1d0e3086181038420b52409734ecbaf7c649708dd6580d717dfbeb2e2a3ad1df,dup-0095,train
FOR AIIC SUBMISSION/Inventory_Photos/Electronics_Robotics/E002_Arduino Nano/IMG_6138.HEIC,E002,43428a2c2ec3340a952ff94222c6f3b060d7e025e6e222fb4dc5f627e167910e,unique-1614,validation
FOR AIIC SUBMISSION/Inventory_Photos/Electronics_Robotics/E002_Arduino Nano/IMG_6225(1).HEIC,E002,a0b7e45728451c4c9de1907fe08396b1ed971ffb66bc1785b75b95b1df82678d,dup-0094,train
FOR AIIC SUBMISSION/Inventory_Photos/Craft_Materials_STEM_Kits/C001_tracing paper/C001_TRACKING PAPER_C001_23.HEIC,C001,e27334082004bfe754d98668f25d3a9f1ff387134cd1edd6b7ec62bba95f3760,unique-1616,train
FOR AIIC SUBMISSION/Inventory_Photos/Electronics_Robotics/E002_Arduino Nano/IMG_6133.HEIC,E002,2460f5e76936cde197fc6a0db26f1bfe1c4d80ab80a28664190ca62932da0f63,unique-1617,train
FOR AIIC SUBMISSION/Inventory_Photos/Electronics_Robotics/E002_Arduino Nano/IMG_6137.HEIC,E002,88e308cf99a05828446cf27a8cae0f2d8f7ecc010dfd009587580792390e7afa,unique-1618,train
FOR AIIC SUBMISSION/Inventory_Photos/Craft_Materials_STEM_Kits/C023_liquid glue/C023_LIQUID GLUE_C023_25.JPG,C024,0a5d3487701e4c610cfb60c9aecf7a5fac99fa55f77b587ab79432a1e8d2875a,unique-1619,train
FOR AIIC SUBMISSION/Inventory_Photos/Craft_Materials_STEM_Kits/C023_liquid glue/C023_LIQUID GLUE_C023_02.JPG,C024,d97e2a3eea6cddd676b68b0a718be934043c43c00517d1309895038aa47ccb9f,unique-1620,train
FOR AIIC SUBMISSION/Inventory_Photos/Electronics_Robotics/E007_HC-SR04 Ultrasonic Sensor/IMG_2338.JPG,E007,76f0716d406fd8b9a72fc6327f584b0c893474fd37ad1435662fbf7a55c2a04a,dup-0096,test
FOR AIIC SUBMISSION/Inventory_Photos/Electronics_Robotics/E006_NodeMCU/IMG_6073.HEIC,E006,1e116b3cc7c0e7878ab6d0f7833589a5206659dd31ed31ac5d0e2486e1cb0fd3,unique-1622,validation
FOR AIIC SUBMISSION/Inventory_Photos/Electronics_Robotics/E007_HC-SR04 Ultrasonic Sensor/IMG_6056.HEIC,E007,30e4c06e1aa68ee4569c346d1e572a4dd66424e19f0b72588d9ef980279bf3a3,unique-1623,test
FOR AIIC SUBMISSION/Inventory_Photos/Craft_Materials_STEM_Kits/C023_liquid glue/C023_LIQUID GLUE_C023_26.JPG,C024,2b920f5fa8e13718d7a633c39820018b513ba6d76776ae52eb5f3638252edac0,unique-1624,train
FOR AIIC SUBMISSION/Inventory_Photos/Electronics_Robotics/E013_Sound Sensor/IMG_2288.jpeg,E013,a685928335ce8e8a3bf9b6ab060b79bb1027b76ae5b64f5160682f3da6d0b0e3,dup-0088,train
FOR AIIC SUBMISSION/Inventory_Photos/Electronics_Robotics/E002_Arduino Nano/IMG_2294.JPG,E002,e97d5f198ec2e5fae8c085a191cbe80ea0faae25410a353f46a29872731e34ee,unique-1626,validation
FOR AIIC SUBMISSION/Inventory_Photos/Craft_Materials_STEM_Kits/C021_clothespin/C021_CLOTHESPIN_C021_10.JPG,C022,28519cae2053e54a0144fc0b02bebc61de085bda31f7ec8c479d74a63347dab5,unique-1627,train
FOR AIIC SUBMISSION/Inventory_Photos/Electronics_Robotics/E003_Motor Shield/IMG_2260.JPG,E003,26d43996cea0783d88ca6e2a3bfacb2e4837caee444e3d3c9d87c5087ffd24f7,unique-1628,train
FOR AIIC SUBMISSION/Inventory_Photos/Craft_Materials_STEM_Kits/C023_liquid glue/C023_LIQUID GLUE_C023_04.JPG,C024,7d54a6cc37f637cd80eae6d60b9928bfcd8369240c4c3dc47d297495291d2134,unique-1629,test
FOR AIIC SUBMISSION/Inventory_Photos/Craft_Materials_STEM_Kits/C021_clothespin/C021_CLOTHESPIN_C021_15.JPG,C022,75c8c9a6c6f69f4b0029c252a80cb797eed730ad6ba50b4068041d4d3ad94bde,unique-1630,test
FOR AIIC SUBMISSION/Inventory_Photos/Craft_Materials_STEM_Kits/C021_clothespin/C021_CLOTHESPIN_C021_11.JPG,C022,68065420fa3a9c88d88db7b92f93e73aec0e2dc559a5e50e3cdcd3fb71ea2378,unique-1631,train
FOR AIIC SUBMISSION/Inventory_Photos/Craft_Materials_STEM_Kits/C023_liquid glue/C023_LIQUID GLUE_C023_15.JPG,C024,42e681b63b199a3c079fe8e0555577c15b3d22f3385d255d899b68ebc6ae8bbf,unique-1632,validation
FOR AIIC SUBMISSION/Inventory_Photos/Electronics_Robotics/E007_HC-SR04 Ultrasonic Sensor/IMG_2338.jpeg,E007,76f0716d406fd8b9a72fc6327f584b0c893474fd37ad1435662fbf7a55c2a04a,dup-0096,test
FOR AIIC SUBMISSION/Inventory_Photos/Electronics_Robotics/E006_NodeMCU/IMG_6071.HEIC,E006,b9fbc255789ef269b27afc940dd80f79c754ced0fa473b1d55005ea98fcced7f,unique-1634,train
FOR AIIC SUBMISSION/Inventory_Photos/Craft_Materials_STEM_Kits/C021_clothespin/C021_CLOTHESPIN_C021_05.JPG,C022,ad394cdbe1af0d2571317e677954675786e54b8c2ee437f6e1054a00e14fb690,unique-1635,train
FOR AIIC SUBMISSION/Inventory_Photos/Craft_Materials_STEM_Kits/C023_liquid glue/C023_LIQUID GLUE_C023_20.JPG,C024,57729ce4552c52baba92dc872a4f0ce948dbe973e70c6c8a05d947aa817723f4,unique-1636,train
FOR AIIC SUBMISSION/Inventory_Photos/Electronics_Robotics/E010_N20 Micro Metal Gear Motor/IMG_2270.JPG,E010,8520f7b9493969b9ee049623b8f38dd7d6e7fd1eb4f6df0ef09f078e7b92ae3a,dup-0007,train
FOR AIIC SUBMISSION/Inventory_Photos/Electronics_Robotics/E010_N20 Micro Metal Gear Motor/IMG_2244.JPG,E010,d4bdd58aba868653e1236f36a99581f34229514769b276eb56f82afb98f6ef37,dup-0005,train
FOR AIIC SUBMISSION/Inventory_Photos/Craft_Materials_STEM_Kits/C021_clothespin/C021_CLOTHESPIN_C021_02.JPG,C022,3113cbd4b30063790073e9d9decedc8182423248e3225e0665f3cbdb3850b70f,unique-1639,validation
FOR AIIC SUBMISSION/Inventory_Photos/Electronics_Robotics/E002_Arduino Nano/IMG_2291.JPG,E002,ff06cb3605c03e61c08573037810dcc17a742b5668014a9cb82636188887eda8,unique-1640,train
FOR AIIC SUBMISSION/Inventory_Photos/Craft_Materials_STEM_Kits/C023_liquid glue/C023_LIQUID GLUE_C023_11.JPG,C024,0ce3eaace72cd9fde5c8490185a6901a7722aa8826a7e8d8bf93e999384ee9b4,unique-1641,train
FOR AIIC SUBMISSION/Inventory_Photos/Electronics_Robotics/E010_N20 Micro Metal Gear Motor/IMG_2269.JPG,E010,1d09f832b396a7baab456452743e9327e39863995f0b5bb3603139c3ba55136b,dup-0090,test
FOR AIIC SUBMISSION/Inventory_Photos/Electronics_Robotics/E007_HC-SR04 Ultrasonic Sensor/IMG_6061.HEIC,E007,60b5dd26dc0670406066ec041963113558ff298a6966f7937e4d102e31833847,unique-1643,test
FOR AIIC SUBMISSION/Inventory_Photos/Electronics_Robotics/E002_Arduino Nano/IMG_6139.HEIC,E002,583b8920e4ea876a98727e11e2664dd38b260f98d5be1a2f79fd38d558c5c6a2,unique-1644,train
FOR AIIC SUBMISSION/Inventory_Photos/Craft_Materials_STEM_Kits/C021_clothespin/C021_CLOTHESPIN_C021_23.JPG,C022,5493e9eac1b3fc7fe5b53ec450290f9c1b54c440d0bf79174d21be84e1fda7f8,dup-0097,validation
FOR AIIC SUBMISSION/Inventory_Photos/Craft_Materials_STEM_Kits/C021_clothespin/C021_CLOTHESPIN_C021_24.JPG,C022,5493e9eac1b3fc7fe5b53ec450290f9c1b54c440d0bf79174d21be84e1fda7f8,dup-0097,validation
FOR AIIC SUBMISSION/Inventory_Photos/Craft_Materials_STEM_Kits/C023_liquid glue/C023_LIQUID GLUE_C023_03.JPG,C024,2ce7b812e257f94915a275b08ecc79e8823292c8414b614a2e2bd75efa4a4635,unique-1647,train
FOR AIIC SUBMISSION/Inventory_Photos/Craft_Materials_STEM_Kits/C023_liquid glue/C023_LIQUID GLUE_C023_09.JPG,C024,41866c58c8033a12ec37cc92cd72b128252d23ff713c61a497ed43b85c375de8,unique-1648,train
FOR AIIC SUBMISSION/Inventory_Photos/Craft_Materials_STEM_Kits/C021_clothespin/C021_CLOTHESPIN_C021_17.JPG,C022,980606affde6e63d70e0441fad372a09d7fb11e78a1c2c64dd2b86d381363509,unique-1649,validation
FOR AIIC SUBMISSION/Inventory_Photos/Electronics_Robotics/E002_Arduino Nano/IMG_6135.HEIC,E002,c46ab4e4b526f889aa89a817eb2c4525619ba72e6358d7727654ee643ef95432,unique-1650,train
FOR AIIC SUBMISSION/Inventory_Photos/Electronics_Robotics/E006_NodeMCU/IMG_6074.HEIC,E006,561e4f597b96fa1ee4e5b5067d1d8a90d6036917b263e61d39513b5f51402a41,unique-1651,train
FOR AIIC SUBMISSION/Inventory_Photos/Craft_Materials_STEM_Kits/C021_clothespin/C021_CLOTHESPIN_C021_08.JPG,C022,ac6229090747ee7c05305e14d2cffca6cf45f439c31322f74c074fc783910325,unique-1652,train
FOR AIIC SUBMISSION/Inventory_Photos/Craft_Materials_STEM_Kits/C021_clothespin/C021_CLOTHESPIN_C021_07.JPG,C022,0e63a263d0625e17de7953f8876bed11c9d26cd5198505b22ba6fed8e904e88e,unique-1653,validation
FOR AIIC SUBMISSION/Inventory_Photos/Craft_Materials_STEM_Kits/C023_liquid glue/C023_LIQUID GLUE_C023_23.JPG,C024,5520ad84fac3abe1fe1c796b54bebca680c01e59b88eca65f39513fc16ffd766,unique-1654,test
FOR AIIC SUBMISSION/Inventory_Photos/Craft_Materials_STEM_Kits/C023_liquid glue/C023_LIQUID GLUE_C023_08.JPG,C024,0e56d34e16ab2702140c403b53f795bd6fa735a8361a40e7f0b33aa416031373,unique-1655,train
FOR AIIC SUBMISSION/Inventory_Photos/Electronics_Robotics/E013_Sound Sensor/IMG_6063.HEIC,E013,84defef95941dbc7390870b8215b112d222cbdf3d4a567fc23c8b3006d2c7f9f,unique-1656,train
FOR AIIC SUBMISSION/Inventory_Photos/Craft_Materials_STEM_Kits/C021_clothespin/C021_CLOTHESPIN_C021_09.JPG,C022,a8607d8a8c3a0e5056ac8e9783cfe9170926724d8c866f3d38beadc9ab04b738,unique-1657,train
FOR AIIC SUBMISSION/Inventory_Photos/Craft_Materials_STEM_Kits/C021_clothespin/C021_CLOTHESPIN_C021_22.JPG,C022,af597f214bd4e83162b63f06e20572fe69b07c735ad441752fffc21520d8e03a,dup-0098,train
FOR AIIC SUBMISSION/Inventory_Photos/Craft_Materials_STEM_Kits/C001_tracing paper/C001_TRACKING PAPER_C001_10.HEIC,C001,caa224ecc60b84cf2c36064e9bf90cbdd134c35e6cddc7fd8e48bede5051d5a4,unique-1659,train
FOR AIIC SUBMISSION/Inventory_Photos/Electronics_Robotics/E002_Arduino Nano/IMG_6134.HEIC,E002,2a9e393ada2d848f64fa9f0ea24fd14d9ebd39dc8120333a98643046cdc0df62,unique-1660,train
FOR AIIC SUBMISSION/Inventory_Photos/Craft_Materials_STEM_Kits/C021_clothespin/C021_CLOTHESPIN_C021_03.JPG,C022,e653dc638406b5874c3110f5d96ade9fa763633252fc3b54f4a23b5a9fe3c72d,unique-1661,validation
FOR AIIC SUBMISSION/Inventory_Photos/Craft_Materials_STEM_Kits/C021_clothespin/C021_CLOTHESPIN_C021_04.JPG,C022,f917b05a421d882840f6eac3b5bf471fd192c5e8df437aa5b66995bfe0a5b0a8,unique-1662,train
FOR AIIC SUBMISSION/Inventory_Photos/Craft_Materials_STEM_Kits/C001_tracing paper/C001_TRACKING PAPER_C001_24.HEIC,C001,91d6c27a7e080b9de3fe4947c9f7429d6206abfeaffc2034dd2b52509b656fa2,unique-1663,train
FOR AIIC SUBMISSION/Inventory_Photos/Craft_Materials_STEM_Kits/C021_clothespin/C021_CLOTHESPIN_C021_16.JPG,C022,084c2b3dc0128e67b6e90550ce3ffda393a4e5f9dafd7ef59241b4b8c7b5cb87,unique-1664,train
FOR AIIC SUBMISSION/Inventory_Photos/Craft_Materials_STEM_Kits/C023_liquid glue/C023_LIQUID GLUE_C023_17.JPG,C024,b888a6349e29b5e60edae27c5d381dab871282a4cb96025f1203af288c2426f5,unique-1665,train
FOR AIIC SUBMISSION/Inventory_Photos/Craft_Materials_STEM_Kits/C023_liquid glue/C023_LIQUID GLUE_C023_07.JPG,C024,7f40dd53379952e9acda8b3bd1df3bb4f3c79cb94d22d86f5e98228833bb5158,unique-1666,train
FOR AIIC SUBMISSION/Inventory_Photos/Craft_Materials_STEM_Kits/C001_tracing paper/C001_TRACKING PAPER_C001_12.HEIC,C001,c4b54ab274f262cccb82e704f26b769387df992cc5d6e796b7f6380e92d753de,unique-1667,train
FOR AIIC SUBMISSION/Inventory_Photos/Craft_Materials_STEM_Kits/C021_clothespin/C021_CLOTHESPIN_C021_21.JPG,C022,af597f214bd4e83162b63f06e20572fe69b07c735ad441752fffc21520d8e03a,dup-0098,train
FOR AIIC SUBMISSION/Inventory_Photos/Craft_Materials_STEM_Kits/C001_tracing paper/C001_TRACKING PAPER_C001_18.HEIC,C001,71964252ded19df19ce52ca1a011476bf5b70bf3e194dcd59f88d556b65341bd,unique-1669,train
FOR AIIC SUBMISSION/Inventory_Photos/Craft_Materials_STEM_Kits/C023_liquid glue/C023_LIQUID GLUE_C023_19.JPG,C024,b99b6026a0ca22754510e02418abc112c94a39f084d0987f2687a5a839d79e4e,unique-1670,train
FOR AIIC SUBMISSION/Inventory_Photos/Craft_Materials_STEM_Kits/C001_tracing paper/C001_TRACKING PAPER_C001_22.HEIC,C001,41345e9a19fcc49309353e162747baaea6743c0d4e018979c975b4987e7b7e11,unique-1671,train
FOR AIIC SUBMISSION/Inventory_Photos/Electronics_Robotics/E013_Sound Sensor/IMG_6067.HEIC,E013,3f4d87f7471e423b8d31dde37fa09c566ccabbb2393ebadec0d5b576c41d26e5,unique-1672,test
FOR AIIC SUBMISSION/Inventory_Photos/Craft_Materials_STEM_Kits/C021_clothespin/C021_CLOTHESPIN_C021_18.JPG,C022,f2b8d0819cc1dfeb82d95ce48c57c4974e13afcb3ec5508894bb714ef301c11c,unique-1673,train
FOR AIIC SUBMISSION/Inventory_Photos/Craft_Materials_STEM_Kits/C001_tracing paper/C001_TRACKING PAPER_C001_03.HEIC,C001,c1b790decdbe5d64c9a515fde2074ef91bcea5d943578354811f36a76aa665b9,unique-1674,train
FOR AIIC SUBMISSION/Inventory_Photos/Craft_Materials_STEM_Kits/C023_liquid glue/C023_LIQUID GLUE_C023_22.JPG,C024,48558fecd83330caff32ca33505d19b259d2d83dfa1313e658edd26a936e24d2,unique-1675,validation
FOR AIIC SUBMISSION/Inventory_Photos/Electronics_Robotics/E002_Arduino Nano/IMG_6136.HEIC,E002,ba145cc1e8dab03493d97b8496e4ac827252353f834f1726bb8ba149fbffd59e,unique-1676,train
FOR AIIC SUBMISSION/Inventory_Photos/Craft_Materials_STEM_Kits/C001_tracing paper/C001_TRACKING PAPER_C001_21.HEIC,C001,30708f4cd34158ff942091c952a3b48182b867b51e4e9886d82ccac1c14f2577,unique-1677,validation
FOR AIIC SUBMISSION/Inventory_Photos/Craft_Materials_STEM_Kits/C001_tracing paper/C001_TRACKING PAPER_C001_09.HEIC,C001,d6fe154c9c698f0fe139e7444b5b35a553e93c7cbff078a3cae2edc0a10d3be2,unique-1678,train
FOR AIIC SUBMISSION/Inventory_Photos/Craft_Materials_STEM_Kits/C001_tracing paper/C001_TRACKING PAPER_C001_25.HEIC,C001,28b29034dfe5bf0dfc75a333f1bc578bff8f0868a60dae3842770cd097884da9,unique-1679,train
FOR AIIC SUBMISSION/Inventory_Photos/Craft_Materials_STEM_Kits/C001_tracing paper/C001_TRACKING PAPER_C001_16.HEIC,C001,c03d09329baa17a6d66b1c8ed1ae550ff35aeea5d661815c1d92eb05b798daa5,unique-1680,test
FOR AIIC SUBMISSION/Inventory_Photos/Craft_Materials_STEM_Kits/C001_tracing paper/C001_TRACKING PAPER_C001_07.HEIC,C001,812056753078ec7f7237c15bf2c3a73479d365dcc667a4f040c4ad4b6bacf33c,unique-1681,train
FOR AIIC SUBMISSION/Inventory_Photos/Craft_Materials_STEM_Kits/C001_tracing paper/C001_TRACKING PAPER_C001_11.HEIC,C001,2bf5e8b51e334b1b12c964e2b53ceb1814f4eef02339c4f25ec1e22238d29a31,unique-1682,train
FOR AIIC SUBMISSION/Inventory_Photos/Craft_Materials_STEM_Kits/C001_tracing paper/C001_TRACKING PAPER_C001_13.HEIC,C001,6075899a3445850d90ceb547a4d5219f773e61376ecf793db3fddc565fab9290,unique-1683,train
FOR AIIC SUBMISSION/Inventory_Photos/Craft_Materials_STEM_Kits/C001_tracing paper/C001_TRACKING PAPER_C001_14.HEIC,C001,2f28e1cabe3c5a3d373d429a254b8254535d10e98340984ee0759f8a3b77c262,dup-0099,train
FOR AIIC SUBMISSION/Inventory_Photos/Craft_Materials_STEM_Kits/C021_clothespin/C021_CLOTHESPIN_C021_06.JPG,C022,669e71a04c7368ba44604432fe36b1ddf576eaf68198749c609f6a04271f07c2,unique-1685,test
FOR AIIC SUBMISSION/Inventory_Photos/Craft_Materials_STEM_Kits/C023_liquid glue/C023_LIQUID GLUE_C023_16.JPG,C024,b165173a39a82274ec36aee5abd92182eb82fd7829ff7d9f4d64e22c215cf8a2,unique-1686,train
FOR AIIC SUBMISSION/Inventory_Photos/Craft_Materials_STEM_Kits/C001_tracing paper/C001_TRACKING PAPER_C001_15.HEIC,C001,2f28e1cabe3c5a3d373d429a254b8254535d10e98340984ee0759f8a3b77c262,dup-0099,train
FOR AIIC SUBMISSION/Inventory_Photos/Craft_Materials_STEM_Kits/C023_liquid glue/C023_LIQUID GLUE_C023_21.JPG,C024,e3f15ac70c53247db25136e3c0b7e40543a0157ff78ead48e6c73d0dccf2fe7c,unique-1688,validation
FOR AIIC SUBMISSION/Inventory_Photos/Craft_Materials_STEM_Kits/C023_liquid glue/C023_LIQUID GLUE_C023_27.JPG,C024,1eb7742eb6f1768f1e36abafef1ac95f33c51619daf86767550dfb0fe0921232,unique-1689,train
FOR AIIC SUBMISSION/Inventory_Photos/Craft_Materials_STEM_Kits/C010_Fabbxible PLA filament/C010_FILAMENT_C010_27.HEIC,C010,45869f21a59a098d408522074ede90b3936b5aefd9e9284e3c38d6fcbd870676,unique-1690,validation
FOR AIIC SUBMISSION/Inventory_Photos/Craft_Materials_STEM_Kits/C023_liquid glue/C023_LIQUID GLUE_C023_10.JPG,C024,ef0f758a46306192c5b5f25bd6f446e3c9ba0a564e99984a40a5d845ad71d8cf,unique-1691,train
FOR AIIC SUBMISSION/Inventory_Photos/Craft_Materials_STEM_Kits/C010_Fabbxible PLA filament/C010_FILAMENT_C010_23.HEIC,C010,00d1c65649d507e9fb73089a258b48f2f9e7aac6db88d2dddb4d9fceffd39c94,unique-1692,test
FOR AIIC SUBMISSION/Inventory_Photos/Craft_Materials_STEM_Kits/C001_tracing paper/C001_TRACKING PAPER_C001_01.HEIC,C001,ea22bde5b0d4d4d97154fea1567d7565cf6f9941236ca1a9b2da14c9095966e1,unique-1693,train
FOR AIIC SUBMISSION/Inventory_Photos/Craft_Materials_STEM_Kits/C023_liquid glue/C023_LIQUID GLUE_C023_13.JPG,C024,69097eb4a546416a91da5c2f8e81925578d671cfdcfae58daabb0d0015d78207,unique-1694,test
FOR AIIC SUBMISSION/Inventory_Photos/Electronics_Robotics/E010_N20 Micro Metal Gear Motor/IMG_2268.JPG,E010,df5a4b18f3545901079e6c0468446d5e6f05c9560ed761fffd52a13e6da50cab,dup-0008,validation
FOR AIIC SUBMISSION/Inventory_Photos/Craft_Materials_STEM_Kits/C010_Fabbxible PLA filament/C010_FILAMENT_C010_28.HEIC,C010,2ba8c785e8d71965f75aa97626a3812a44f147ef7e1053e51bde168fbecc47a6,unique-1696,train
FOR AIIC SUBMISSION/Inventory_Photos/Craft_Materials_STEM_Kits/C010_Fabbxible PLA filament/C010_FILAMENT_C010_21.HEIC,C010,865e9c10e17d7edd47d34c2a06d05bab8706d520e408ffb0398bdb0be48e7766,unique-1697,train
FOR AIIC SUBMISSION/Inventory_Photos/Craft_Materials_STEM_Kits/C010_Fabbxible PLA filament/C010_FILAMENT_C010_18.HEIC,C010,f92562d643cc4fad9454363d768f7d9f6c7e3d976d78a1a074600b0327281667,unique-1698,validation
FOR AIIC SUBMISSION/Inventory_Photos/Craft_Materials_STEM_Kits/C010_Fabbxible PLA filament/C010_FILAMENT_C010_26.HEIC,C010,fe69a1bdbbea6926493b22fbe76946d0138b84caa750c4dc839c2306db897ddb,unique-1699,train
FOR AIIC SUBMISSION/Inventory_Photos/Craft_Materials_STEM_Kits/C001_tracing paper/C001_TRACKING PAPER_C001_05.HEIC,C001,4ecc9c622cec2ba018393c827df0b51bbad39b47b9bdb2c0fe215f86923be7fd,unique-1700,train
FOR AIIC SUBMISSION/Inventory_Photos/Craft_Materials_STEM_Kits/C010_Fabbxible PLA filament/C010_FILAMENT_C010_19.HEIC,C010,b4d46b4940b62c57de335cab2097563640bf10e8f61dff2f0accaf625bac9868,unique-1701,train
FOR AIIC SUBMISSION/Inventory_Photos/Craft_Materials_STEM_Kits/C023_liquid glue/C023_LIQUID GLUE_C023_14.JPG,C024,d7ae6b6f1a8cb15b466122a25774eceffdd06d2c50d165e61c35afa8d3c4c797,unique-1702,train
FOR AIIC SUBMISSION/Inventory_Photos/Craft_Materials_STEM_Kits/C001_tracing paper/C001_TRACKING PAPER_C001_06.HEIC,C001,366f6bc6caa508809e1770b1a9408112aecc1befeb2f4c53d05af1c5eb689fc9,unique-1703,train
FOR AIIC SUBMISSION/Inventory_Photos/Craft_Materials_STEM_Kits/C001_tracing paper/C001_TRACKING PAPER_C001_20.HEIC,C001,3b5e62f25ab9365e5f4847d0631d56e32130ecb7f18d85a6ef87e995371622ec,unique-1704,train
FOR AIIC SUBMISSION/Inventory_Photos/Craft_Materials_STEM_Kits/C010_Fabbxible PLA filament/C010_FILAMENT_C010_15.HEIC,C010,dd41f973b82322ee29738480f2c8b1a3b69b6db8d366a9cb389e12a0ad2dd1c0,unique-1705,validation
FOR AIIC SUBMISSION/Inventory_Photos/Craft_Materials_STEM_Kits/C001_tracing paper/C001_TRACKING PAPER_C001_02.HEIC,C001,376284da2a2556334e897ff7c4aa83bb813bb60cc4e4f22f7baa15efd6882ade,unique-1706,train
FOR AIIC SUBMISSION/Inventory_Photos/Craft_Materials_STEM_Kits/C010_Fabbxible PLA filament/C010_FILAMENT_C010_14.HEIC,C010,47123810d25e54e0f88879bc3706c7c00ef8a3b7f5b4a85ad1adb4e99976cad8,unique-1707,train
FOR AIIC SUBMISSION/Inventory_Photos/Craft_Materials_STEM_Kits/C010_Fabbxible PLA filament/C010_FILAMENT_C010_25.HEIC,C010,3dc97ba5be6f520d821c9c0b75a378aaca4375a8387edddfe6d58e8ff7450782,unique-1708,train
FOR AIIC SUBMISSION/Inventory_Photos/Craft_Materials_STEM_Kits/C001_tracing paper/C001_TRACKING PAPER_C001_17.HEIC,C001,cdda4ce75484b04be0f9a775b5513b9f17de901d52d6f9574da920fc10298b9f,unique-1709,train
FOR AIIC SUBMISSION/Inventory_Photos/Craft_Materials_STEM_Kits/C010_Fabbxible PLA filament/C010_FILAMENT_C010_24.HEIC,C010,c338be5e87dfa6eb62b323b5b736325e18f81720d83458b53ecd648f90ebfc26,unique-1710,train
FOR AIIC SUBMISSION/Inventory_Photos/Craft_Materials_STEM_Kits/C010_Fabbxible PLA filament/C010_FILAMENT_C010_12.HEIC,C010,16f355551a53f0f8bf806dc103ea16df97ba84bf5659b7364627e75b01e785e0,unique-1711,train
FOR AIIC SUBMISSION/Inventory_Photos/Craft_Materials_STEM_Kits/C022_googly eyes/C022_GOOGLY EYES_C022_16.JPG,C023,29f9cdd122a74197e212e4c858a2c2e3a30a345cd48f525ce47332334117e9b6,unique-1712,validation
FOR AIIC SUBMISSION/Inventory_Photos/Craft_Materials_STEM_Kits/C022_googly eyes/C022_GOOGLY EYES_C022_15.JPG,C023,be626fc058f8ec67121743288d48d268b3cba8e82d12d1dc61f983a76cdaf509,unique-1713,train
FOR AIIC SUBMISSION/Inventory_Photos/Craft_Materials_STEM_Kits/C010_Fabbxible PLA filament/C010_FILAMENT_C010_17.HEIC,C010,9396f450c3378dc17536109608adeedb86bb8d6b316df3daa881b75e1dd399b4,unique-1714,train
FOR AIIC SUBMISSION/Inventory_Photos/Craft_Materials_STEM_Kits/C010_Fabbxible PLA filament/C010_FILAMENT_C010_02.HEIC,C010,01c642c0508fde88ba9c27c3bf60b05fcf35ae441a42c33905615b1a1e8e4395,unique-1715,train
FOR AIIC SUBMISSION/Inventory_Photos/Craft_Materials_STEM_Kits/C010_Fabbxible PLA filament/C010_FILAMENT_C010_10.HEIC,C010,736de4b5c1b821c8e5420ca20417be0cf19c9ee320b52f6cff3e8c7e6f42609e,unique-1716,train
FOR AIIC SUBMISSION/Inventory_Photos/Craft_Materials_STEM_Kits/C022_googly eyes/C022_GOOGLY EYES_C022_19.JPG,C023,5c42f30e936348b94f23bfd1f81d07c607a41ba99ccfedee462ef16975d65c2e,unique-1717,train
FOR AIIC SUBMISSION/Inventory_Photos/Craft_Materials_STEM_Kits/C022_googly eyes/C022_GOOGLY EYES_C022_22.JPG,C023,8ba9fe7da7ddf73afb0ee4f78bee87b7df4656bb0cab8c619cf896b6eec71c81,unique-1718,train
FOR AIIC SUBMISSION/Inventory_Photos/Craft_Materials_STEM_Kits/C010_Fabbxible PLA filament/C010_FILAMENT_C010_13.HEIC,C010,d879e312f968d5bebc927494ec2081f1005e7a9c1bb655530e8887adf483a2b6,unique-1719,train
FOR AIIC SUBMISSION/Inventory_Photos/Craft_Materials_STEM_Kits/C010_Fabbxible PLA filament/C010_FILAMENT_C010_04.HEIC,C010,5cd1d972708348f083e18698a72d438d76d6462a2384c8ae1c25dae6d672943a,unique-1720,train
FOR AIIC SUBMISSION/Inventory_Photos/Craft_Materials_STEM_Kits/C010_Fabbxible PLA filament/C010_FILAMENT_C010_03.HEIC,C010,f01df01e2ddeefb2a96f4b7eb0f50d7b491bd1a2c915a6b8939a5897b11da4d8,unique-1721,train
FOR AIIC SUBMISSION/Inventory_Photos/Craft_Materials_STEM_Kits/C022_googly eyes/C022_GOOGLY EYES_C022_04.JPG,C023,6562c3efaa28039f49053109458530d318639517e9944b5cbe35d4131726e3b6,unique-1722,test
FOR AIIC SUBMISSION/Inventory_Photos/Electronics_Robotics/E001_Arduino Uno/WhatsApp Image 2026-08-11 at 6.07.43 PM.jpeg,E001,f6eaf8a8653482c956ca60ea56476c9f9bcce40c23bc1ba412acd0621447e2fc,unique-1723,train
FOR AIIC SUBMISSION/Inventory_Photos/Craft_Materials_STEM_Kits/C022_googly eyes/C022_GOOGLY EYES_C022_13.JPG,C023,b446b40a1eb200a4a073a2f7d511486fcaee642af5c7faf3024ff6c2f2f75baf,unique-1724,train
FOR AIIC SUBMISSION/Inventory_Photos/Electronics_Robotics/E001_Arduino Uno/WhatsApp Image 2026-08-12 at 11.07.17 AM (1).jpeg,E001,d8a206859fda2d6adb28d75c57f2e80868c3fdeefbcbd5a059061a9bc71773e0,unique-1725,validation
FOR AIIC SUBMISSION/Inventory_Photos/Craft_Materials_STEM_Kits/C001_tracing paper/C001_TRACKING PAPER_C001_19.HEIC,C001,14373282184e5a1fb5bf48231220ae8f50d75d817aeddd1df1f969a1b54118d9,unique-1726,validation
FOR AIIC SUBMISSION/Inventory_Photos/Craft_Materials_STEM_Kits/C001_tracing paper/C001_TRACKING PAPER_C001_04.HEIC,C001,937b4ff0c7fad26da485626a2adf2811ecf4260a072cb866877816587a95d68f,unique-1727,test
FOR AIIC SUBMISSION/Inventory_Photos/Electronics_Robotics/E001_Arduino Uno/WhatsApp Image 2026-08-12 at 11.07.18 AM.jpeg,E001,a853fdcb1b6315086ceaa6ec523e4907bb78e6405d8da3afef0fdf751d98c32c,unique-1728,validation
FOR AIIC SUBMISSION/Inventory_Photos/Craft_Materials_STEM_Kits/C021_clothespin/C021_CLOTHESPIN_C021_25.JPG,C022,abbe7583431f35aa201275c17d00ad465df59d22614b47d765bc17ff507ce29e,unique-1729,train
FOR AIIC SUBMISSION/Inventory_Photos/Craft_Materials_STEM_Kits/C010_Fabbxible PLA filament/C010_FILAMENT_C010_20.HEIC,C010,883766b13233de601d4a109d707e499a0f9c49240517b657350ffa319774257c,unique-1730,train
FOR AIIC SUBMISSION/Inventory_Photos/Craft_Materials_STEM_Kits/C022_googly eyes/C022_GOOGLY EYES_C022_25.JPG,C023,e2e45361be397df493d59c6a756df7a1d197c1797d00496d5d46bf907c4d517d,unique-1731,train
FOR AIIC SUBMISSION/Inventory_Photos/Craft_Materials_STEM_Kits/C022_googly eyes/C022_GOOGLY EYES_C022_20.JPG,C023,e1338eae46d170d63e2ee283c92e7b475ba061d4059c25270f08cf400284b3b1,unique-1732,validation
FOR AIIC SUBMISSION/Inventory_Photos/Craft_Materials_STEM_Kits/C010_Fabbxible PLA filament/C010_FILAMENT_C010_09.HEIC,C010,f4d3a44609d729f5a8b40c53dfe113d26bf02908fe54dd4841aec6866f7602f5,unique-1733,train
FOR AIIC SUBMISSION/Inventory_Photos/Craft_Materials_STEM_Kits/C022_googly eyes/C022_GOOGLY EYES_C022_09.JPG,C023,6e4f8d4cd567b547d23c34d4e3a998d832595076b047731447504864af25fe80,unique-1734,train
FOR AIIC SUBMISSION/Inventory_Photos/Electronics_Robotics/E001_Arduino Uno/IMG_6217.HEIC,E001,348cfce4e6cfad555bfacca169a326a2cb37aefdbed3a5e13ccca52f0f6d842d,unique-1735,test
FOR AIIC SUBMISSION/Inventory_Photos/Craft_Materials_STEM_Kits/C022_googly eyes/C022_GOOGLY EYES_C022_10.JPG,C023,743ef084d2155ae3c0f3f8c676565c404de978c3fff88a2bf153f45730f727fb,unique-1736,train
FOR AIIC SUBMISSION/Inventory_Photos/Craft_Materials_STEM_Kits/C022_googly eyes/C022_GOOGLY EYES_C022_05.JPG,C023,786a9d40a02cd233779bca67122a490813f751cfbad664f11bb3bcd85677dd5a,unique-1737,test
FOR AIIC SUBMISSION/Inventory_Photos/Electronics_Robotics/E001_Arduino Uno/WhatsApp Image 2026-08-11 at 6.07.44 PM.jpeg,E001,fd5e19426cbfd52ca52a242faed30e0d7ec24ff6da65e2055c248e1a254cf056,unique-1738,train
FOR AIIC SUBMISSION/Inventory_Photos/Craft_Materials_STEM_Kits/C022_googly eyes/C022_GOOGLY EYES_C022_23.JPG,C023,4963cb1a3ce42ac1117f83821ba025a0d3be8ff0627ae17e0f597765452d5064,unique-1739,train
FOR AIIC SUBMISSION/Inventory_Photos/Craft_Materials_STEM_Kits/C022_googly eyes/C022_GOOGLY EYES_C022_12.JPG,C023,24dcab858226e92a1e70216160f7a751198533b4222f2e6f00e78f5ee4712d86,unique-1740,test
FOR AIIC SUBMISSION/Inventory_Photos/Craft_Materials_STEM_Kits/C023_liquid glue/C023_LIQUID GLUE_C023_18.JPG,C024,09defe7e317847ba2fcd19aa71d8c9c9be763c7fb2534fc3b3e50728fd556a34,unique-1741,test
FOR AIIC SUBMISSION/Inventory_Photos/Craft_Materials_STEM_Kits/C022_googly eyes/C022_GOOGLY EYES_C022_08.JPG,C023,f1292f63af29d309cf8727193b8cd25a32c4acc3b3984353bc2fb4681211da36,unique-1742,train
FOR AIIC SUBMISSION/Inventory_Photos/Electronics_Robotics/E001_Arduino Uno/IMG_6215.HEIC,E001,c8b1f1568ec93ede22a41ab8e77281e5767e935f4874373ceeb270e9e5c5db8e,unique-1743,train
FOR AIIC SUBMISSION/Inventory_Photos/Craft_Materials_STEM_Kits/C010_Fabbxible PLA filament/C010_FILAMENT_C010_01.HEIC,C010,847104bbbb6e6244803994215f3a75de28047f4e1ef1e7e4cd616eca8333c71b,unique-1744,test
FOR AIIC SUBMISSION/Inventory_Photos/Craft_Materials_STEM_Kits/C022_googly eyes/C022_GOOGLY EYES_C022_06.JPG,C023,a27e7cefdacc8663f40280ef95ca23206ec57d7f923fda2cb43da1406a66501c,unique-1745,train
FOR AIIC SUBMISSION/Inventory_Photos/Craft_Materials_STEM_Kits/C022_googly eyes/C022_GOOGLY EYES_C022_07.JPG,C023,467cb0cb54e6553bb9bb4188169dce69f87c05703c1e1e05703b1dc3ccfd8148,unique-1746,train
FOR AIIC SUBMISSION/Inventory_Photos/Craft_Materials_STEM_Kits/C020_tongue depressor/C020_TONGUE DEPRESSOR_C020_18.JPG,C021,48fe0122c6804bbcd1ce29eaa7e12fbe02bad1fb4d0c9e5f966e0bca862defc0,unique-1747,train
FOR AIIC SUBMISSION/Inventory_Photos/Craft_Materials_STEM_Kits/C010_Fabbxible PLA filament/C010_FILAMENT_C010_22.HEIC,C010,ea8ce8c9894595077b6fcbe50dd299690050f0defd144e89081df7475710fd62,unique-1748,train
FOR AIIC SUBMISSION/Inventory_Photos/Craft_Materials_STEM_Kits/C022_googly eyes/C022_GOOGLY EYES_C022_02.JPG,C023,52790806858cffe3353e7f57a4714b2f61c6d39f4733094b9e4583cd16ed14d5,unique-1749,train
FOR AIIC SUBMISSION/Inventory_Photos/Craft_Materials_STEM_Kits/C020_tongue depressor/C020_TONGUE DEPRESSOR_C020_24.JPG,C021,3c9334e4c1887819131633ff9dc91a7310d10af759f6b5d4dbff3aa81019560e,unique-1750,train
FOR AIIC SUBMISSION/Inventory_Photos/Craft_Materials_STEM_Kits/C022_googly eyes/C022_GOOGLY EYES_C022_14.JPG,C023,a5948b5b387949df882c3283521e4999f3c7c6fc42fa7da571a2c9fcf66cedf3,unique-1751,train
FOR AIIC SUBMISSION/Inventory_Photos/Electronics_Robotics/E001_Arduino Uno/IMG_6018.HEIC,E001,d36b4d7906fa9233d3acdf0a06b927cc66dbbbf9d4b8b8147a9e28446fc65eb9,unique-1752,train
FOR AIIC SUBMISSION/Inventory_Photos/Craft_Materials_STEM_Kits/C020_tongue depressor/C020_TONGUE DEPRESSOR_C020_03.JPG,C021,ce4e9ac00bf3a299a53ccffd28e8623450469c3e82f796d46b9b4bc7e81a5474,unique-1753,train
FOR AIIC SUBMISSION/Inventory_Photos/Electronics_Robotics/E001_Arduino Uno/IMG_6213.HEIC,E001,8dc15a947dc3c4bf4a872ad66529ad46240597351c6621b5a17caa3a6fc277e5,unique-1754,train
FOR AIIC SUBMISSION/Inventory_Photos/Craft_Materials_STEM_Kits/C010_Fabbxible PLA filament/C010_FILAMENT_C010_05.HEIC,C010,245d253a09d4c7a7f294b0f8c865fdf28d4c96a6ea1ca32ef2d759d2ad7b290f,unique-1755,train
FOR AIIC SUBMISSION/Inventory_Photos/Craft_Materials_STEM_Kits/C022_googly eyes/C022_GOOGLY EYES_C022_21.JPG,C023,b9499ccdbf3b520bd4fadd0d784c6e798328079bcb0a9ac46d5d8b69396219c8,unique-1756,validation
FOR AIIC SUBMISSION/Inventory_Photos/Electronics_Robotics/E001_Arduino Uno/IMG_6214.HEIC,E001,7a9aeb48b9194074b8fad4ee37ddc195bf0aeb80689dd8b1c20dff81100d6016,unique-1757,train
FOR AIIC SUBMISSION/Inventory_Photos/Craft_Materials_STEM_Kits/C010_Fabbxible PLA filament/C010_FILAMENT_C010_06.HEIC,C010,ae9753646a8db93c47e01591f1258723ff5cde9c3be826021f8de925e40b25be,unique-1758,train
FOR AIIC SUBMISSION/Inventory_Photos/Craft_Materials_STEM_Kits/C022_googly eyes/C022_GOOGLY EYES_C022_18.JPG,C023,994c60ba7833cde3f6fdf22130baedcfccc134f402b7cb2098bab5aa71076bad,unique-1759,test
FOR AIIC SUBMISSION/Inventory_Photos/Craft_Materials_STEM_Kits/C020_tongue depressor/C020_TONGUE DEPRESSOR_C020_12.JPG,C021,d93d5d01d5256f3e8e8d76ffa4951a85e848481e597846eec3c1f6965ae3dadf,unique-1760,train
FOR AIIC SUBMISSION/Inventory_Photos/Craft_Materials_STEM_Kits/C020_tongue depressor/C020_TONGUE DEPRESSOR_C020_04.JPG,C021,4ee5a30909c7f2415cf6ffb88a98ab634a1043f42353c439f3a3c969fd512d7b,unique-1761,train
FOR AIIC SUBMISSION/Inventory_Photos/Craft_Materials_STEM_Kits/C001_tracing paper/C001_TRACKING PAPER_C001_08.HEIC,C001,f96be4f0b380761105b229389efe8a53197762d6f7d1cca07f73a9132c8b48fa,unique-1762,test
FOR AIIC SUBMISSION/Inventory_Photos/Craft_Materials_STEM_Kits/C020_tongue depressor/C020_TONGUE DEPRESSOR_C020_01.JPG,C021,6ec4bfa45433776a6063bf6cefd15cc2ae67f6443f7ec9610bf8b8dbe7eb1156,unique-1763,train
FOR AIIC SUBMISSION/Inventory_Photos/Craft_Materials_STEM_Kits/C022_googly eyes/C022_GOOGLY EYES_C022_01.JPG,C023,9503d095162e0aafe424df891abdab934ccce4df130b3a7276c96d7b7610abe8,unique-1764,validation
FOR AIIC SUBMISSION/Inventory_Photos/Craft_Materials_STEM_Kits/C020_tongue depressor/C020_TONGUE DEPRESSOR_C020_14.JPG,C021,7903148028fd85040cf90eec9be7ecdf763a85d04ec13b13724f6d119b4f4cb6,unique-1765,validation
FOR AIIC SUBMISSION/Inventory_Photos/Craft_Materials_STEM_Kits/C022_googly eyes/C022_GOOGLY EYES_C022_17.JPG,C023,f16252f2772e418f6e53663b625e45032f02cef2e10e4115c6e96dad72ef27b8,unique-1766,train
FOR AIIC SUBMISSION/Inventory_Photos/Craft_Materials_STEM_Kits/C019_melty beads/C019_MELTY BEADS_C019_12.JPG,C020,9bb6719660a8f76111b22f31b821302e7b7da58219cc7e5627ec5273bce95662,unique-1767,test
FOR AIIC SUBMISSION/Inventory_Photos/Electronics_Robotics/E001_Arduino Uno/IMG_6021.HEIC,E001,e458d0d86c561ebaffc6232f8c7652a13a8917c5caf1950161c967c6d542726a,unique-1768,validation
FOR AIIC SUBMISSION/Inventory_Photos/Craft_Materials_STEM_Kits/C020_tongue depressor/C020_TONGUE DEPRESSOR_C020_19.JPG,C021,438943700b006e47ef304b93f37ab21779ed78681c372c04cd0215bd2449fe40,unique-1769,train
FOR AIIC SUBMISSION/Inventory_Photos/Craft_Materials_STEM_Kits/C020_tongue depressor/C020_TONGUE DEPRESSOR_C020_13.JPG,C021,2f3a611f2e57abb6a6871434d11c76711152783ee6bf4d130f704e54ef61ae2c,unique-1770,train
FOR AIIC SUBMISSION/Inventory_Photos/Craft_Materials_STEM_Kits/C022_googly eyes/C022_GOOGLY EYES_C022_03.JPG,C023,6e06d960ae1a0d4c3089cd24967ad695c4970fe1e588fb96878e5a1d73fd4ce3,unique-1771,train
FOR AIIC SUBMISSION/Inventory_Photos/Electronics_Robotics/E001_Arduino Uno/IMG_6216.HEIC,E001,0bf6bd4b87b1cf4646376f03103611f1e3a51d32613ffd30f7a9ab9e713849a0,unique-1772,train
FOR AIIC SUBMISSION/Inventory_Photos/Craft_Materials_STEM_Kits/C019_melty beads/C019_MELTY BEADS_C019_01.JPG,C020,adade546f30b06253801e9898a2e80adb17cee4f6f16447d5e984db1b2f548bf,unique-1773,train
FOR AIIC SUBMISSION/Inventory_Photos/Electronics_Robotics/E001_Arduino Uno/IMG_6020.HEIC,E001,bf9aa89cfb7a3aa18c02b25dad97c939bf2c0be71f70ca85ac86a2937a8cdaf3,unique-1774,train
FOR AIIC SUBMISSION/Inventory_Photos/Craft_Materials_STEM_Kits/C020_tongue depressor/C020_TONGUE DEPRESSOR_C020_20.JPG,C021,ffce6a22a43b4e4a056d745f5c6883fb2493cf03a39c90f9f8b8e8f57c706f64,unique-1775,train
FOR AIIC SUBMISSION/Inventory_Photos/Craft_Materials_STEM_Kits/C010_Fabbxible PLA filament/C010_FILAMENT_C010_07.HEIC,C010,2a5ba0479019008107393f90e79d2bff37990a9c2b794466d6161d5411bf7e15,unique-1776,test
FOR AIIC SUBMISSION/Inventory_Photos/Craft_Materials_STEM_Kits/C020_tongue depressor/C020_TONGUE DEPRESSOR_C020_09.JPG,C021,f3ab7e3a34948a73a5e33874f4fe9dc38fab418dc3e26d5f38c31661ce46fcd9,unique-1777,train
FOR AIIC SUBMISSION/Inventory_Photos/Craft_Materials_STEM_Kits/C017_key ring/C017_KEY RING_C017_11.JPG,C017,eeabea627cd299393206c73385467af87e3f0698e524eaa14c54590d3903d915,unique-1778,train
FOR AIIC SUBMISSION/Inventory_Photos/Craft_Materials_STEM_Kits/C020_tongue depressor/C020_TONGUE DEPRESSOR_C020_08.JPG,C021,3a0d7416c858619712c2288af94b198d6b23ece5e4e000ee4ee1fa10d97b236b,unique-1779,train
FOR AIIC SUBMISSION/Inventory_Photos/Craft_Materials_STEM_Kits/C017_key ring/C017_KEY RING_C017_06.JPG,C017,aeb99a4b47e723b4e3c760c4109e7f18f8e959ab30bc144d840cccee6a49a3ef,unique-1780,validation
FOR AIIC SUBMISSION/Inventory_Photos/Craft_Materials_STEM_Kits/C022_googly eyes/C022_GOOGLY EYES_C022_11.JPG,C023,75dc8ec89e8085b60b79e158bbf75e6a573cd58a05c8eea042817ae81ab16adc,unique-1781,train
FOR AIIC SUBMISSION/Inventory_Photos/Craft_Materials_STEM_Kits/C017_key ring/C017_KEY RING_C017_21.JPG,C017,245e5de63eda3bfebe65ffc1c9950b7470ef685d31b1877aacb4d94ba277fc10,unique-1782,validation
FOR AIIC SUBMISSION/Inventory_Photos/Electronics_Robotics/E001_Arduino Uno/IMG_6016.HEIC,E001,dee785384da077f1a25c9431472caf6b06fe323ea0dc0037f9b37831be8aa1a0,unique-1783,test
FOR AIIC SUBMISSION/Inventory_Photos/Craft_Materials_STEM_Kits/C020_tongue depressor/C020_TONGUE DEPRESSOR_C020_02.JPG,C021,772ca27c521ba5359f4529f53a80fba4f473334dfd10cd71b56dc6ef82ff27bb,unique-1784,train
FOR AIIC SUBMISSION/Inventory_Photos/Craft_Materials_STEM_Kits/C017_key ring/C017_KEY RING_C017_13.JPG,C017,a38cf6ff5dac57dfd0408cd2e6b68d8ff5b6634600adc518af2a070c8dbf43fb,unique-1785,train
FOR AIIC SUBMISSION/Inventory_Photos/Craft_Materials_STEM_Kits/C019_melty beads/C019_MELTY BEADS_C019_07.JPG,C020,8d166ea306227f759524b2c25e8830509c11cc9086758cbfa228a88e5885a166,unique-1786,train
FOR AIIC SUBMISSION/Inventory_Photos/Craft_Materials_STEM_Kits/C020_tongue depressor/C020_TONGUE DEPRESSOR_C020_16.JPG,C021,9e4906fefcac17bc056ecbe3fa01056f21bfdb4777ed6e315dc69346b255419f,unique-1787,train
FOR AIIC SUBMISSION/Inventory_Photos/Craft_Materials_STEM_Kits/C017_key ring/C017_KEY RING_C017_10.JPG,C017,1706ac7a4cca965e07dc9761bf27b7193d0d65da79e2830b7751917f4c61dc59,unique-1788,train
FOR AIIC SUBMISSION/Inventory_Photos/Craft_Materials_STEM_Kits/C019_melty beads/C019_MELTY BEADS_C019_08.JPG,C020,3c5bb818fd1442f68047128e7dd891e6b74cbcc948be27f4046abb7a5786cf02,unique-1789,train
FOR AIIC SUBMISSION/Inventory_Photos/Electronics_Robotics/E001_Arduino Uno/IMG_6017.HEIC,E001,b9d1d6237c0879e00f7de5224fd656fd38c764d7f048ca15192a3cdba6fff58f,unique-1790,train
FOR AIIC SUBMISSION/Inventory_Photos/Electronics_Robotics/E001_Arduino Uno/IMG_6019.HEIC,E001,e6803965f69a0db8b22aba1e0aa1dc941537e7c29ba2da5aaef83ffc7c2af287,unique-1791,train
FOR AIIC SUBMISSION/Inventory_Photos/Craft_Materials_STEM_Kits/C019_melty beads/C019_MELTY BEADS_C019_15.JPG,C020,99efc778e9412b96bb770a998d863350ecf53ea3539d41a15c769a82f08a7c5c,unique-1792,train
FOR AIIC SUBMISSION/Inventory_Photos/Craft_Materials_STEM_Kits/C017_key ring/C017_KEY RING_C017_05.JPG,C017,86b3f0cbdebb72b940b84e926124e28339e4569037c567cfbd62b68a95b96ed2,unique-1793,train
FOR AIIC SUBMISSION/Inventory_Photos/Electronics_Robotics/E014_Lilypad Coin Cell Battery Holder/WhatsApp Image 2026-08-11 at 6.03.21 PM.jpeg,E014,ccc97cb976251a39d0aa6130f048ff692335c16721e912a9a54358dffb70e71a,unique-1794,train
FOR AIIC SUBMISSION/Inventory_Photos/Electronics_Robotics/E014_Lilypad Coin Cell Battery Holder/WhatsApp Image 2026-08-11 at 6.03.18 PM (3).jpeg,E014,b4d3bbd185bd08bc277f37f918247ed375c1e24a7e4e25b19e631b1bd0d573e1,unique-1795,validation
FOR AIIC SUBMISSION/Inventory_Photos/Electronics_Robotics/E014_Lilypad Coin Cell Battery Holder/WhatsApp Image 2026-08-11 at 6.03.18 PM (1).jpeg,E014,e6a56954da4b35081b3dd24c040f9b566cb9b88c6e60a160492e82dc0942709f,unique-1796,train
FOR AIIC SUBMISSION/Inventory_Photos/Electronics_Robotics/E014_Lilypad Coin Cell Battery Holder/WhatsApp Image 2026-08-11 at 6.03.19 PM.jpeg,E014,5b20dd02e0b1a3f798fc46153f8e604be612e01e5a5abdbe7dc9108443e33ccc,unique-1797,test
FOR AIIC SUBMISSION/Inventory_Photos/Electronics_Robotics/E014_Lilypad Coin Cell Battery Holder/WhatsApp Image 2026-08-11 at 6.03.18 PM.jpeg,E014,cfa7f947f9306a794c404080ca393c9508dd03e729c1f6da9e82a9499cc6db67,unique-1798,train
FOR AIIC SUBMISSION/Inventory_Photos/Electronics_Robotics/E004_Breadboard/WhatsApp Image 2026-08-11 at 6.07.14 PM (1).jpeg,E004,44fccbbb73b6c24724ce28cc5dd9683ba44406d394adff84215292fd99319938,dup-0020,test
FOR AIIC SUBMISSION/Inventory_Photos/Electronics_Robotics/E004_Breadboard/WhatsApp Image 2026-08-11 at 6.07.14 PM (2).jpeg,E004,56091e2dd8d2703a08acad5ebbc4a7c1c1b9db52d43587731d433599fa5826f6,dup-0020,test
FOR AIIC SUBMISSION/Inventory_Photos/Tools_Equipment/T010_SmokeAbsorber/IMG_7383.HEIC,T010,682f340d1253f04ee81ac59f244487c336ec9d5ff0ef2afe0df6f21f2a9b6078,unique-1801,train
FOR AIIC SUBMISSION/Inventory_Photos/Tools_Equipment/T002_Plier/IMG_4048.HEIC,T002,606c0b56112afe73bed9a74bb884be1aabce33f45ca87073d6d8b216ce374cf3,unique-1802,train
FOR AIIC SUBMISSION/Inventory_Photos/Craft_Materials_STEM_Kits/C003_thread/C003_THREAD_C003_06.HEIC,C003,005c292d801e3bae3376e9ea887ecd44f0d2e7b490f5fe009b6810db650d2324,unique-1803,train
FOR AIIC SUBMISSION/Inventory_Photos/Tools_Equipment/T011_Hammer/IMG_7177.HEIC,T011,759e40a525f8b6b5feabbc1c5f4e5bc92408a09e3acb2982ddd502bebef2f820,unique-1804,train
FOR AIIC SUBMISSION/Inventory_Photos/Craft_Materials_STEM_Kits/C003_thread/C003_THREAD_C003_43.HEIC,C003,62c131706d5eb0d0d534f5a7c7ae4ca8d7a18257c3c7d6abe80db220ace3db1c,unique-1805,train
FOR AIIC SUBMISSION/Inventory_Photos/Tools_Equipment/T011_Hammer/IMG_7166.HEIC,T011,1c01a6ccbba5004eeb41ec181641221629e182d13f82456479be568857a808df,unique-1806,test
FOR AIIC SUBMISSION/Inventory_Photos/Craft_Materials_STEM_Kits/C003_thread/C003_THREAD_C003_01.HEIC,C003,2ba27737610e6336e0973d667587813cda3f9cc72a9e3610a6faf2b4a2581c3f,unique-1807,train
FOR AIIC SUBMISSION/Inventory_Photos/Craft_Materials_STEM_Kits/C003_thread/C003_THREAD_C003_11.HEIC,C003,5aea39651a187a8f8ddc59d4b164e82034f0f3f826d0247082059361c46187aa,unique-1808,train
FOR AIIC SUBMISSION/Inventory_Photos/Tools_Equipment/T011_Hammer/IMG_7172.HEIC,T011,fa2141be8b1c6d36c388f5ba47dc6df140a495e9f7dbfc35d27f494d72156714,unique-1809,train
FOR AIIC SUBMISSION/Inventory_Photos/Craft_Materials_STEM_Kits/C017_key ring/C017_KEY RING_C017_01.JPG,C017,b328054ff6daf733e8771c408e4b5610c75a57b2fb8dfd88907efe4889d52abb,unique-1810,test
FOR AIIC SUBMISSION/Inventory_Photos/Craft_Materials_STEM_Kits/C020_tongue depressor/C020_TONGUE DEPRESSOR_C020_11.JPG,C021,77fe05390d6ac783b4fb2c374e0ae09fad8f7a4dab7eb4374193c73d05af7552,unique-1811,train
FOR AIIC SUBMISSION/Inventory_Photos/Craft_Materials_STEM_Kits/C019_melty beads/C019_MELTY BEADS_C019_05.JPG,C020,7e36ed9cc2ed6f67379a2217204720edba1bbc26aa165ff7e14b693d6a9f2542,unique-1812,validation
FOR AIIC SUBMISSION/Inventory_Photos/Craft_Materials_STEM_Kits/C010_Fabbxible PLA filament/C010_FILAMENT_C010_11.HEIC,C010,7ec790582027a2485f677db6527f5d7c629c86544e5bab27b9b03d2e85977aef,unique-1813,train
FOR AIIC SUBMISSION/Inventory_Photos/Craft_Materials_STEM_Kits/C017_key ring/C017_KEY RING_C017_12.JPG,C017,4cab82ae316ec45cfb2ea5cdce9451d8c272f62e53d7a102f022464429212ed4,unique-1814,train
FOR AIIC SUBMISSION/Inventory_Photos/Craft_Materials_STEM_Kits/C019_melty beads/C019_MELTY BEADS_C019_20.JPG,C020,1d7037beac044697b7769832c3cb6a1de45197e4cc6c4c993e4f9544c06aa0db,unique-1815,validation
FOR AIIC SUBMISSION/Inventory_Photos/Craft_Materials_STEM_Kits/C017_key ring/C017_KEY RING_C017_15.JPG,C017,4770e8db7cbe3dc19722bd571da5417044d135032973f66b3633386985acf1c3,unique-1816,validation
FOR AIIC SUBMISSION/Inventory_Photos/Craft_Materials_STEM_Kits/C019_melty beads/C019_MELTY BEADS_C019_21.JPG,C020,148e0847f65c3880d22bce4e201fea9176253628c32d76284f2d7a671c3cc910,unique-1817,test
FOR AIIC SUBMISSION/Inventory_Photos/Craft_Materials_STEM_Kits/C019_melty beads/C019_MELTY BEADS_C019_10.JPG,C020,27d53bf9780889dd6f488bb27b5d14fef6325732e3e68d530fba9139bac1db21,unique-1818,test
FOR AIIC SUBMISSION/Inventory_Photos/Craft_Materials_STEM_Kits/C019_melty beads/C019_MELTY BEADS_C019_03.JPG,C020,33b661c432fd2e850183826b896f05e37e4665f62b52e546a95baa086d003c29,unique-1819,train
FOR AIIC SUBMISSION/Inventory_Photos/Craft_Materials_STEM_Kits/C019_melty beads/C019_MELTY BEADS_C019_17.JPG,C020,27fabab60b016de5ff10e9fb29e44eff094af8657c554bde014595592133c2bf,unique-1820,train
FOR AIIC SUBMISSION/Inventory_Photos/Craft_Materials_STEM_Kits/C019_melty beads/C019_MELTY BEADS_C019_11.JPG,C020,e7a224af895d760f78806f5f3f52bcffb4569cf09b51283fcc3c071f4821519b,unique-1821,train
FOR AIIC SUBMISSION/Inventory_Photos/Craft_Materials_STEM_Kits/C010_Fabbxible PLA filament/C010_FILAMENT_C010_08.HEIC,C010,e9e788d572e9d6578fe5793a6996f956c8f1ad2c042512c126db8094c45aa5c4,unique-1822,train
FOR AIIC SUBMISSION/Inventory_Photos/Craft_Materials_STEM_Kits/C020_tongue depressor/C020_TONGUE DEPRESSOR_C020_10.JPG,C021,5096ef7019a8d97ebb1adbdf226c8769dc4a250461ff54a4b07403d21b892536,unique-1823,test
FOR AIIC SUBMISSION/Inventory_Photos/Craft_Materials_STEM_Kits/C020_tongue depressor/C020_TONGUE DEPRESSOR_C020_06.JPG,C021,5465ab3648a1597d97f664fb8f1b58898fbcbb93f367fae14a55b67ca5f47da4,unique-1824,train
FOR AIIC SUBMISSION/Inventory_Photos/Craft_Materials_STEM_Kits/C017_key ring/C017_KEY RING_C017_04.JPG,C017,5a9155c892a3055e64cc1ee72a31261772945b5c04a561c43e5b5e216e76523f,unique-1825,train
FOR AIIC SUBMISSION/Inventory_Photos/Craft_Materials_STEM_Kits/C017_key ring/C017_KEY RING_C017_08.JPG,C017,421afb8d9f2f18a0c41ab1dbf0b97347a817968424b602cb56b66b6a439c5827,unique-1826,test
FOR AIIC SUBMISSION/Inventory_Photos/Craft_Materials_STEM_Kits/C017_key ring/C017_KEY RING_C017_20.JPG,C017,85eb0f8e2bd4aed8722eb3af832243b3120fa9c87bae9b8d492f5b4f2cd48100,unique-1827,train
FOR AIIC SUBMISSION/Inventory_Photos/Craft_Materials_STEM_Kits/C019_melty beads/C019_MELTY BEADS_C019_09.JPG,C020,f99406c94d7005d15d9e010c966e84bb4517014747831064f48dd45acaad1a4c,unique-1828,test
FOR AIIC SUBMISSION/Inventory_Photos/Craft_Materials_STEM_Kits/C011_glue stick /C011_GLUE STICK_C011_09.JPG,C011,2dc8ef19bde6bd415ad248a95246cbeef8c528a685153a27abd2eeb434e125ae,unique-1829,train
FOR AIIC SUBMISSION/Inventory_Photos/Electronics_Robotics/E001_Arduino Uno/IMG_2256.JPG,E001,50dcc504783f822b8d7cbe1b4bbb42481a5434035313c86d6fb9d15224730789,unique-1830,train
FOR AIIC SUBMISSION/Inventory_Photos/Craft_Materials_STEM_Kits/C017_key ring/C017_KEY RING_C017_02.JPG,C017,e2134060454a82aeedfc9cd323178b0099f594a7255a4413f694702048933aab,unique-1831,train
FOR AIIC SUBMISSION/Inventory_Photos/Craft_Materials_STEM_Kits/C011_glue stick /C011_GLUE STICK_C011_08.JPG,C011,a41d02c36a71bc1ed986340b9e2de27c42d53b9cd77bf567abc8372a44e4ebbf,unique-1832,train
FOR AIIC SUBMISSION/Inventory_Photos/Craft_Materials_STEM_Kits/C011_glue stick /C011_GLUE STICK_C011_06.JPG,C011,7775ffcca2e9a60c1ff4de5a1eacb334737fac7ddd70ad54bf96d174c7f1a15c,unique-1833,train
FOR AIIC SUBMISSION/Inventory_Photos/Craft_Materials_STEM_Kits/C011_glue stick /C011_GLUE STICK_C011_11.JPG,C011,09ed8e524b96c5d59619acbedfdd4016128085eb54f054ae737f4ef6e8af35e9,unique-1834,train
FOR AIIC SUBMISSION/Inventory_Photos/Craft_Materials_STEM_Kits/C020_tongue depressor/C020_TONGUE DEPRESSOR_C020_15.JPG,C021,cb05bd88c4265c903812bbdb5a4761111f9d0718881707d397f4b8e1ac9729cc,unique-1835,train
FOR AIIC SUBMISSION/Inventory_Photos/Craft_Materials_STEM_Kits/C011_glue stick /C011_GLUE STICK_C011_03.JPG,C011,55d51cb8ae75ee48a39118573b076b1987d100b9f24a6e9ca584fbf0de6977aa,unique-1836,train
FOR AIIC SUBMISSION/Inventory_Photos/Craft_Materials_STEM_Kits/C011_glue stick /C011_GLUE STICK_C011_27.JPG,C011,52e98f556aa623cfd38f7d8dbafd982b7e11521dabf9606ea967ed3611f723ae,unique-1837,train
FOR AIIC SUBMISSION/Inventory_Photos/Craft_Materials_STEM_Kits/C017_key ring/C017_KEY RING_C017_18.JPG,C017,a914b6a43603b1c06d2789a22122cb1244a010445f48a5d6e4b1020a71d691b5,unique-1838,train
FOR AIIC SUBMISSION/Inventory_Photos/Craft_Materials_STEM_Kits/C011_glue stick /C011_GLUE STICK_C011_16.JPG,C011,f000b865e9748c0eaa7408a0b080a3d211a2a18aa5d582d71db8e1c5402fb4c3,unique-1839,train
FOR AIIC SUBMISSION/Inventory_Photos/Craft_Materials_STEM_Kits/C017_key ring/C017_KEY RING_C017_03.JPG,C017,04cf098295e2f06f7119eeffe56989a266f83daf6adb6a3dc9c67cb5076d96ee,unique-1840,train
FOR AIIC SUBMISSION/Inventory_Photos/Craft_Materials_STEM_Kits/C011_glue stick /C011_GLUE STICK_C011_21.JPG,C011,019c549cf9ade77db1138d5f0744429e476a1753215ee8cb68dece4685b98559,unique-1841,validation
FOR AIIC SUBMISSION/Inventory_Photos/Craft_Materials_STEM_Kits/C019_melty beads/C019_MELTY BEADS_C019_14.JPG,C020,f78658105b77d9718e1d54ba209d0d66db0d6294d7000cc803e5afd0707b43c2,unique-1842,train
FOR AIIC SUBMISSION/Inventory_Photos/Craft_Materials_STEM_Kits/C022_googly eyes/C022_GOOGLY EYES_C022_24.JPG,C023,470101191b66d12ac19dd1145db62446351fb33b7537499e00586f109610ea0c,unique-1843,validation
FOR AIIC SUBMISSION/Inventory_Photos/Craft_Materials_STEM_Kits/C020_tongue depressor/C020_TONGUE DEPRESSOR_C020_21.JPG,C021,6b76364c3fa3a261cfbb73f8506c5d0d32437fef4f42d52140e043956f269acf,unique-1844,train
FOR AIIC SUBMISSION/Inventory_Photos/Craft_Materials_STEM_Kits/C017_key ring/C017_KEY RING_C017_09.JPG,C017,58c007b3236dd618fc780d7489077ffae3b5bf5e650cc4169bf5e861b7f232d4,unique-1845,train
FOR AIIC SUBMISSION/Inventory_Photos/Craft_Materials_STEM_Kits/C011_glue stick /C011_GLUE STICK_C011_23.JPG,C011,1d5d250bc5be8098b88004fac87623b3dafb1d7118c7986f0e8bb5444096c757,unique-1846,train
FOR AIIC SUBMISSION/Inventory_Photos/Craft_Materials_STEM_Kits/C011_glue stick /C011_GLUE STICK_C011_04.JPG,C011,c3c2e480baaa2230a5d8398c51cbaa3600a23c8022e0e7dddb1c1845fc6df7ec,unique-1847,train
FOR AIIC SUBMISSION/Inventory_Photos/Craft_Materials_STEM_Kits/C019_melty beads/C019_MELTY BEADS_C019_04.JPG,C020,31893e2285d757bb81af399b2d77a70d6a3aab476eb65814b01498b5ac7a41e4,unique-1848,train
FOR AIIC SUBMISSION/Inventory_Photos/Electronics_Robotics/E014_Lilypad Coin Cell Battery Holder/WhatsApp Image 2026-08-11 at 6.03.18 PM (2).jpeg,E014,b060e1670a4ebe7103b43703106d3bbe25d6a5b301bf092d360b2498a0af697b,unique-1849,train
FOR AIIC SUBMISSION/Inventory_Photos/Craft_Materials_STEM_Kits/C017_key ring/C017_KEY RING_C017_23.JPG,C017,3ad2b273ed2d41b495007f7b5ca20a4856ce25feac7db270980d12f323322f9b,unique-1850,validation
FOR AIIC SUBMISSION/Inventory_Photos/Craft_Materials_STEM_Kits/C011_glue stick /C011_GLUE STICK_C011_22.JPG,C011,7d5181c27e486770984f4216686ae4cfe7898a1fe099a2db46e9076452596392,unique-1851,train
FOR AIIC SUBMISSION/Inventory_Photos/Craft_Materials_STEM_Kits/C020_tongue depressor/C020_TONGUE DEPRESSOR_C020_22.JPG,C021,ff3825c95ca7e206111374666ba9cbb9267679464e9c54fd6970651b212aaf52,unique-1852,train
FOR AIIC SUBMISSION/Inventory_Photos/Craft_Materials_STEM_Kits/C017_key ring/C017_KEY RING_C017_14.JPG,C017,31f01b88e48703087dfe630d59a4c28828737c427c8fe390964b659e137fa62b,unique-1853,train
FOR AIIC SUBMISSION/Inventory_Photos/Craft_Materials_STEM_Kits/C019_melty beads/C019_MELTY BEADS_C019_06.JPG,C020,458ca287d0d44e3578c8daa26e0e461327ae86ad8f444a61c3efb39df73a8d2a,unique-1854,train
FOR AIIC SUBMISSION/Inventory_Photos/Craft_Materials_STEM_Kits/C017_key ring/C017_KEY RING_C017_17.JPG,C017,d65cff4b3e5a16cccc900d2857ecc89d3666a51923f8a8f40b42605613777199,unique-1855,train
FOR AIIC SUBMISSION/Inventory_Photos/Craft_Materials_STEM_Kits/C019_melty beads/C019_MELTY BEADS_C019_18.JPG,C020,753aa31d66f7ed929b4d40f9d487ecc82b44ec83eac9d8293168a6f7c01b422f,unique-1856,validation
FOR AIIC SUBMISSION/Inventory_Photos/Craft_Materials_STEM_Kits/C011_glue stick /C011_GLUE STICK_C011_13.JPG,C011,3f03869605b5c3f93a73ba8b379ea500fe9bf7cc7d42d7bbbccf69a59a77eb07,unique-1857,train
FOR AIIC SUBMISSION/Inventory_Photos/Craft_Materials_STEM_Kits/C011_glue stick /C011_GLUE STICK_C011_05.JPG,C011,f5366dba7c323a22a9111ada5b05eadf207185707abbc548c70217155f9892b4,unique-1858,train
FOR AIIC SUBMISSION/Inventory_Photos/Craft_Materials_STEM_Kits/C011_glue stick /C011_GLUE STICK_C011_15.JPG,C011,ba75302843836f6f94b5596f5fd63f6e8b4d722cbbe8d888193966d54fb610f2,unique-1859,test
FOR AIIC SUBMISSION/Inventory_Photos/Craft_Materials_STEM_Kits/C011_glue stick /C011_GLUE STICK_C011_07.JPG,C011,23297dda26ef2f44c9de8c3187b654653cac3aa096eed85d05a73c63b899f979,dup-0100,train
FOR AIIC SUBMISSION/Inventory_Photos/Craft_Materials_STEM_Kits/C011_glue stick /C011_GLUE STICK_C011_14.JPG,C011,a2794e3cd95b5f472b14e2efc8d3b79d0cdfd1222c5ad392ce0379b73255ad4a,unique-1861,train
FOR AIIC SUBMISSION/Inventory_Photos/Electronics_Robotics/E001_Arduino Uno/IMG_2255.JPG,E001,0cf4a2491f05bf01f7b6631c907812ac15b8bac7984e8c2cf22fdda04720cbaf,unique-1862,train
FOR AIIC SUBMISSION/Inventory_Photos/Craft_Materials_STEM_Kits/C011_glue stick /C011_GLUE STICK_C011_20.JPG,C011,d4d98d8c2dac48a53769da9986edfec3442a887e51a67116d21fd7ff57e96a1e,unique-1863,train
FOR AIIC SUBMISSION/Inventory_Photos/Electronics_Robotics/E014_Lilypad Coin Cell Battery Holder/WhatsApp Image 2026-08-11 at 6.03.17 PM.jpeg,E014,d66957be7f4872bc3ce15b6197db87a5c2d1551d2fc00981f55e6d1f52b1fef9,unique-1864,train
FOR AIIC SUBMISSION/Inventory_Photos/Craft_Materials_STEM_Kits/C011_glue stick /C011_GLUE STICK_C011_10.JPG,C011,7de0e57e96cce87dfdeba3232a45d86b88094ad2491611c2849baf99be195423,unique-1865,train
FOR AIIC SUBMISSION/Inventory_Photos/Craft_Materials_STEM_Kits/C018_glue gun stick/C018_GLUE GUN STICK_C018_17.JPG,C019,439a879508915066e6d84798176d0bc34f06cef478211fda94d611fd77b64f5f,unique-1866,train
FOR AIIC SUBMISSION/Inventory_Photos/Craft_Materials_STEM_Kits/C019_melty beads/C019_MELTY BEADS_C019_16.JPG,C020,705bc7f0c5019a9279a2778a9f63f2d50639ab766bf018652e8e5a4088cc1614,unique-1867,train
FOR AIIC SUBMISSION/Inventory_Photos/Craft_Materials_STEM_Kits/C011_glue stick /C011_GLUE STICK_C011_12.JPG,C011,c989c53215314ba69e035d804b8c703a09f6438147e2abbdede2e0d5b7ca2f77,unique-1868,validation
FOR AIIC SUBMISSION/Inventory_Photos/Craft_Materials_STEM_Kits/C017_key ring/C017_KEY RING_C017_16.JPG,C017,86b343c0956e65f42736d8643e230e61589c2a6381efaa09b6ea3fdfb4809fa7,unique-1869,train
FOR AIIC SUBMISSION/Inventory_Photos/Craft_Materials_STEM_Kits/C019_melty beads/C019_MELTY BEADS_C019_13.JPG,C020,6773764b07a696896aabb8acf61923cd3bc58464f689ddd1ed8a8d32cd7c0f28,unique-1870,train
FOR AIIC SUBMISSION/Inventory_Photos/Craft_Materials_STEM_Kits/C020_tongue depressor/C020_TONGUE DEPRESSOR_C020_23.JPG,C021,965200d5c81d4159d46ae97abfb9581d4df47626a6217b25557f1694570f5560,unique-1871,train
FOR AIIC SUBMISSION/Inventory_Photos/Craft_Materials_STEM_Kits/C020_tongue depressor/C020_TONGUE DEPRESSOR_C020_17.JPG,C021,5343e7ddcd0848fdc7c3b18958304e5b7cbab5755ad75fdcbce62252d45d87f2,unique-1872,train
FOR AIIC SUBMISSION/Inventory_Photos/Craft_Materials_STEM_Kits/C017_key ring/C017_KEY RING_C017_22.JPG,C017,1e6b16deeb0a71ed122b1a993e5328a81d3a4189c25c226284cf4dfa79b5c060,unique-1873,train
FOR AIIC SUBMISSION/Inventory_Photos/Craft_Materials_STEM_Kits/C018_glue gun stick/C018_GLUE GUN STICK_C018_16.JPG,C019,c39d239b388f03d884e2849880b52bf1e2f210539e411036f2038c528e36f7c1,unique-1874,train
FOR AIIC SUBMISSION/Inventory_Photos/Craft_Materials_STEM_Kits/C011_glue stick /C011_GLUE STICK_C011_25.JPG,C011,b4521f27b754164b0518410820793d559b00a8ce18f0245a071115c350383244,unique-1875,train
FOR AIIC SUBMISSION/Inventory_Photos/Craft_Materials_STEM_Kits/C019_melty beads/C019_MELTY BEADS_C019_02.JPG,C020,1971b8537c0782c24a268157c54522fb54be265b105be84ec2f54b9ec860a43c,unique-1876,train
FOR AIIC SUBMISSION/Inventory_Photos/Craft_Materials_STEM_Kits/C002_paper cup/C002_PAPER CUP_C002_28.HEIC,C002,cfd364a621c633ba4b9d819999ce03cf210d286ecaff848aac19d6fada5f3485,unique-1877,validation
FOR AIIC SUBMISSION/Inventory_Photos/Craft_Materials_STEM_Kits/C018_glue gun stick/C018_GLUE GUN STICK_C018_21.JPG,C019,83a42e895d7b9c0f4cbf8f2df33f0fa56ef7c8c20def4b4ab1f34da3864d48cb,unique-1878,validation
FOR AIIC SUBMISSION/Inventory_Photos/Electronics_Robotics/E014_Lilypad Coin Cell Battery Holder/IMG_6079.HEIC,E014,24c512155d1c7f3e6fa1f45c723eaa84e65b42274cabf5fd34e756ea665ed05b,unique-1879,train
FOR AIIC SUBMISSION/Inventory_Photos/Craft_Materials_STEM_Kits/C011_glue stick /C011_GLUE STICK_C011_26.JPG,C011,53ef2f615355f250abda99517881cecd4d9954b070525e667ae027a64d0e381d,unique-1880,train
FOR AIIC SUBMISSION/Inventory_Photos/Craft_Materials_STEM_Kits/C018_glue gun stick/C018_GLUE GUN STICK_C018_29.JPG,C019,0ecc69e12523e26e7052fb8e46627cbb8313c9a37e963530ee1197339ec733ab,unique-1881,validation
FOR AIIC SUBMISSION/Inventory_Photos/Electronics_Robotics/E014_Lilypad Coin Cell Battery Holder/IMG_6080.HEIC,E014,1d32430d7b53e24926cc012291c78515cdb8bd4fea7e12bbf51b9d960892d5d2,unique-1882,validation
FOR AIIC SUBMISSION/Inventory_Photos/Electronics_Robotics/E014_Lilypad Coin Cell Battery Holder/WhatsApp Image 2026-08-11 at 6.03.19 PM (2).jpeg,E014,699008cbd00d60d37d467a61b73da2b8185182f4b98c409919b9254c12036643,unique-1883,train
FOR AIIC SUBMISSION/Inventory_Photos/Craft_Materials_STEM_Kits/C020_tongue depressor/C020_TONGUE DEPRESSOR_C020_07.JPG,C021,c0b18ff960ce9a1d33d07d76b2e6a1f01c6d2ad3c0d6faa12c542b391d9e6200,unique-1884,train
FOR AIIC SUBMISSION/Inventory_Photos/Craft_Materials_STEM_Kits/C018_glue gun stick/C018_GLUE GUN STICK_C018_23.JPG,C019,709a3e0c3dc57eeec321d38f60c8fd7097260d60ce1b6c4880dde90662dcc4d0,unique-1885,train
FOR AIIC SUBMISSION/Inventory_Photos/Craft_Materials_STEM_Kits/C002_paper cup/C002_PAPER CUP_C002_30.HEIC,C002,ff050aef8da6499468f5ee3917580e4de2c9c51cc0ed22d3e42fddbe815dcc30,unique-1886,train
FOR AIIC SUBMISSION/Inventory_Photos/Craft_Materials_STEM_Kits/C020_tongue depressor/C020_TONGUE DEPRESSOR_C020_05.JPG,C021,fc67ad77550a0ae36f7c3699e473d35592abd4d9fa5ae87df2ea5560c7bd3b6c,unique-1887,train
FOR AIIC SUBMISSION/Inventory_Photos/Craft_Materials_STEM_Kits/C011_glue stick /C011_GLUE STICK_C011_18.JPG,C011,22fe1994854eb04cd4ff3c6d37c4c0717c430998e54eb44485d84fb48fc6fe2a,unique-1888,validation
FOR AIIC SUBMISSION/Inventory_Photos/Craft_Materials_STEM_Kits/C002_paper cup/C002_PAPER CUP_C002_25.HEIC,C002,d1b2f07b3094a3521eefe7c23c49716552cbf93903071dbdad7dca0253e06647,unique-1889,train
FOR AIIC SUBMISSION/Inventory_Photos/Craft_Materials_STEM_Kits/C018_glue gun stick/C018_GLUE GUN STICK_C018_01.JPG,C019,039b2adc577289652a88e5ae2cb027a80a1c54ff18bbd2714d126b1a187a4a0b,unique-1890,test
FOR AIIC SUBMISSION/Inventory_Photos/Craft_Materials_STEM_Kits/C002_paper cup/C002_PAPER CUP_C002_26.HEIC,C002,5f4f062c4ac05f3923757afcafea395ceaf1a64e84e764e95c3ded1323798a00,unique-1891,train
FOR AIIC SUBMISSION/Inventory_Photos/Craft_Materials_STEM_Kits/C018_glue gun stick/C018_GLUE GUN STICK_C018_11.JPG,C019,42abc214b08564ae8a07f84ff54fead39743a6a5deac13e5757e7ac7920a48e2,unique-1892,train
FOR AIIC SUBMISSION/Inventory_Photos/Craft_Materials_STEM_Kits/C018_glue gun stick/C018_GLUE GUN STICK_C018_30.JPG,C019,3d4e5a011aac7de2c44b26c4028c2c86c9506be64629531d63c6921e41fd20fa,unique-1893,test
FOR AIIC SUBMISSION/Inventory_Photos/Craft_Materials_STEM_Kits/C002_paper cup/C002_PAPER CUP_C002_12.HEIC,C002,6d3951608c3827fd02030f0230b8320cd2c12790475a2364c3a26ab04d902492,unique-1894,train
FOR AIIC SUBMISSION/Inventory_Photos/Craft_Materials_STEM_Kits/C018_glue gun stick/C018_GLUE GUN STICK_C018_26.JPG,C019,32ee2a600819a95c24fa44608702b94c6592cea00f25246ce329f15cbfacda54,unique-1895,train
FOR AIIC SUBMISSION/Inventory_Photos/Craft_Materials_STEM_Kits/C002_paper cup/C002_PAPER CUP_C002_19.HEIC,C002,72c67b7e57d22d569fb1fc471d1176edb765f80e3b0b18545fe69ebb344d7a65,unique-1896,train
FOR AIIC SUBMISSION/Inventory_Photos/Electronics_Robotics/E014_Lilypad Coin Cell Battery Holder/IMG_6077.HEIC,E014,d2601bd03b2e78999e7de35e18fd7a380843d2be38dbebec63b7b1893b27d42a,unique-1897,train
FOR AIIC SUBMISSION/Inventory_Photos/Craft_Materials_STEM_Kits/C019_melty beads/C019_MELTY BEADS_C019_19.JPG,C020,75411bc8e08da1092ff2fdfd51e9fc85eeb2b403cf260cbc16ade3936c6c160a,unique-1898,train
FOR AIIC SUBMISSION/Inventory_Photos/Electronics_Robotics/E014_Lilypad Coin Cell Battery Holder/IMG_2274.jpeg,E014,07fedae3baba1cec5d727c3d6c3c1ea87720ffb814877d7ae19e6966070f9fdd,dup-0101,test
FOR AIIC SUBMISSION/Inventory_Photos/Craft_Materials_STEM_Kits/C018_glue gun stick/C018_GLUE GUN STICK_C018_27.JPG,C019,7af041623a66ea16009d80cef5c0d32beaa12d69d02492e267d1e30fb95635d8,unique-1900,train
FOR AIIC SUBMISSION/Inventory_Photos/Electronics_Robotics/E014_Lilypad Coin Cell Battery Holder/IMG_2274.JPG,E014,07fedae3baba1cec5d727c3d6c3c1ea87720ffb814877d7ae19e6966070f9fdd,dup-0101,test
FOR AIIC SUBMISSION/Inventory_Photos/Electronics_Robotics/E014_Lilypad Coin Cell Battery Holder/IMG_6078.HEIC,E014,c5ac9b152bf4075611f9451bf62fc48f8c13690e3b1d71f5f98b4d5edb27e8da,unique-1902,train
FOR AIIC SUBMISSION/Inventory_Photos/Craft_Materials_STEM_Kits/C018_glue gun stick/C018_GLUE GUN STICK_C018_07.JPG,C019,6028feb6ae03ab30c42d4a1b019d34d802a554e221c7afbfd860c36a379b0dee,unique-1903,train
FOR AIIC SUBMISSION/Inventory_Photos/Craft_Materials_STEM_Kits/C017_key ring/C017_KEY RING_C017_07.JPG,C017,ff9656d3d5ee75fcb509d363cc44d5f83b768d0b953c6b7d1398c4e25dc77aa6,unique-1904,train
FOR AIIC SUBMISSION/Inventory_Photos/Craft_Materials_STEM_Kits/C018_glue gun stick/C018_GLUE GUN STICK_C018_13.JPG,C019,a78be208da4012242727ba283c225314ca22274ca0fb38e658fb6e58cb82c3af,unique-1905,validation
FOR AIIC SUBMISSION/Inventory_Photos/Craft_Materials_STEM_Kits/C018_glue gun stick/C018_GLUE GUN STICK_C018_22.JPG,C019,9e5d742ac555f46611b40eb7a8ad0aeff18b8087541c29009516ea3dd91ee709,unique-1906,test
FOR AIIC SUBMISSION/Inventory_Photos/Craft_Materials_STEM_Kits/C018_glue gun stick/C018_GLUE GUN STICK_C018_15.JPG,C019,6b89344bab6656f910f33201dbcf053f428225944e0a2cbdd65f630a4fe1fc32,unique-1907,train
FOR AIIC SUBMISSION/Inventory_Photos/Craft_Materials_STEM_Kits/C018_glue gun stick/C018_GLUE GUN STICK_C018_28.JPG,C019,68ed2ae9c01cb5366ae56f1aa14a63d818aeb4acfd0cbd59f3b244d459c349d3,unique-1908,train
FOR AIIC SUBMISSION/Inventory_Photos/Craft_Materials_STEM_Kits/C002_paper cup/C002_PAPER CUP_C002_02.HEIC,C002,f1864c6af8ea87b88f19c1e033578e5afffeedb7b0f04b1255c8ce731915d896,unique-1909,train
FOR AIIC SUBMISSION/Inventory_Photos/Craft_Materials_STEM_Kits/C018_glue gun stick/C018_GLUE GUN STICK_C018_06.JPG,C019,8b06d7282d5cb4798b3616113431dbb5b9855900d01e28d700cc55297c1023da,unique-1910,train
FOR AIIC SUBMISSION/Inventory_Photos/Electronics_Robotics/E014_Lilypad Coin Cell Battery Holder/IMG_2276.JPG,E014,16a6f1402cd3578325cae8e74437b43e50deac574e08bab779f86e015e1fd6d1,unique-1911,validation
FOR AIIC SUBMISSION/Inventory_Photos/Craft_Materials_STEM_Kits/C002_paper cup/C002_PAPER CUP_C002_10.HEIC,C002,be91deb16d43526088abacb10f429e3c39e93f3aacc487b4ee46daf01f93a24c,unique-1912,validation
FOR AIIC SUBMISSION/Inventory_Photos/Craft_Materials_STEM_Kits/C017_key ring/C017_KEY RING_C017_19.JPG,C017,7fa72a68d5db14b36621406c3d2f418ea73a5e5ca12578c706043b20db4ee8ec,unique-1913,train
FOR AIIC SUBMISSION/Inventory_Photos/Craft_Materials_STEM_Kits/C002_paper cup/C002_PAPER CUP_C002_24.HEIC,C002,725b93b7301b73d40fc6b393e0c16eeb5bfc3cd5492d9e9e72e3be1e04242242,unique-1914,train
FOR AIIC SUBMISSION/Inventory_Photos/Craft_Materials_STEM_Kits/C011_glue stick /C011_GLUE STICK_C011_19.JPG,C011,06a28da6104ac8ca5c79600f038e9444807ea5f55f7976d79a01b172fa79a8bf,unique-1915,train
FOR AIIC SUBMISSION/Inventory_Photos/Craft_Materials_STEM_Kits/C002_paper cup/C002_PAPER CUP_C002_21.HEIC,C002,6b168e84fa584c6254d6a539d7d17992a8162b0eda17606c0da567e66474f910,unique-1916,test
FOR AIIC SUBMISSION/Inventory_Photos/Craft_Materials_STEM_Kits/C018_glue gun stick/C018_GLUE GUN STICK_C018_20.JPG,C019,5db167d688f357a9d3c608c21ef08eb662f8a53e433de88153f023d6bd4b3ffb,unique-1917,train
FOR AIIC SUBMISSION/Inventory_Photos/Craft_Materials_STEM_Kits/C018_glue gun stick/C018_GLUE GUN STICK_C018_10.JPG,C019,3c9e067a47d79085592abda30fe5228d6011a648e05aeaa53409534b3274d978,unique-1918,train
FOR AIIC SUBMISSION/Inventory_Photos/Craft_Materials_STEM_Kits/C002_paper cup/C002_PAPER CUP_C002_05.HEIC,C002,5f3c05352ac8a5dfc246ff21e95e5f6fce24171e061c549e3f1a1c4e3c9a03e1,unique-1919,train
FOR AIIC SUBMISSION/Inventory_Photos/Electronics_Robotics/E004_Breadboard/WhatsApp Image 2026-08-11 at 6.07.13 PM (2).jpeg,E004,4232e4595a675478954cfa56961912afa7bac650e34e6b6ba069de822fb842ea,unique-1920,test
FOR AIIC SUBMISSION/Inventory_Photos/Craft_Materials_STEM_Kits/C002_paper cup/C002_PAPER CUP_C002_06.HEIC,C002,c59fe54485884b8d1730cbd275fa98983deafe9c49ec242a00e9b92adf5b1726,unique-1921,train
FOR AIIC SUBMISSION/Inventory_Photos/Craft_Materials_STEM_Kits/C002_paper cup/C002_PAPER CUP_C002_09.HEIC,C002,f041f57cff8f19e6f56e60a4cee482d222fac05a7603ede6c23ae1f296876a92,unique-1922,train
FOR AIIC SUBMISSION/Inventory_Photos/Craft_Materials_STEM_Kits/C011_glue stick /C011_GLUE STICK_C011_17.JPG,C011,2d13bec72655b4760ffa317ff00eac5e8d3231f0e2290b806fd2f9fe9bb2f096,unique-1923,train
FOR AIIC SUBMISSION/Inventory_Photos/Craft_Materials_STEM_Kits/C002_paper cup/C002_PAPER CUP_C002_27.HEIC,C002,595378b825d4328ba83db780d85b99d0ac9881ea7c68c7c5ed003e6026e7e722,unique-1924,train
FOR AIIC SUBMISSION/Inventory_Photos/Craft_Materials_STEM_Kits/C018_glue gun stick/C018_GLUE GUN STICK_C018_03.JPG,C019,321933addccae66e8abbca4a2cba9d6cda55253a72f0ebfb64cb00992addca73,unique-1925,test
FOR AIIC SUBMISSION/Inventory_Photos/Craft_Materials_STEM_Kits/C002_paper cup/C002_PAPER CUP_C002_15.HEIC,C002,d3467bdfac0159ddea425c0fa7ebef501cfaf533b52ea728667acff7db025de0,unique-1926,train
FOR AIIC SUBMISSION/Inventory_Photos/Craft_Materials_STEM_Kits/C018_glue gun stick/C018_GLUE GUN STICK_C018_05.JPG,C019,dfdd843a7a0a4584395b8040a357db2ca50309339a40ffdfa2383af7281c0c1a,unique-1927,train
FOR AIIC SUBMISSION/Inventory_Photos/Craft_Materials_STEM_Kits/C002_paper cup/C002_PAPER CUP_C002_14.HEIC,C002,b939de6e23860479581a9c3582ef2194bda538664f01a9ccb9d0519f43fd1699,unique-1928,train
FOR AIIC SUBMISSION/Inventory_Photos/Craft_Materials_STEM_Kits/C002_paper cup/C002_PAPER CUP_C002_18.HEIC,C002,ad81c4ab9932a460d36ea21d69da4aacbaa6fe08d62ab548682e7d40ee9ba8d5,unique-1929,train
FOR AIIC SUBMISSION/Inventory_Photos/Electronics_Robotics/E005_Gas Sensor MQ6/WhatsApp Image 2026-08-11 at 6.06.26 PM.jpeg,E005,2c70546e335e7ad00a57070b614c8c50b7fd3fd326c9f5df83786ce5d06010c3,unique-1930,train
FOR AIIC SUBMISSION/Inventory_Photos/Electronics_Robotics/E014_Lilypad Coin Cell Battery Holder/IMG_2241.jpeg,E014,13a66fb46cec439c004416e85395eba8cab2e01d833a212d5b3d370d737e979c,dup-0004,train
FOR AIIC SUBMISSION/Inventory_Photos/Electronics_Robotics/E004_Breadboard/WhatsApp Image 2026-08-11 at 6.07.14 PM.jpeg,E004,7dfd76582c1c28a92bee88df22cc245c6a3e7140a487a87d11d0f516d9d7cb08,unique-1932,train
FOR AIIC SUBMISSION/Inventory_Photos/Craft_Materials_STEM_Kits/C002_paper cup/C002_PAPER CUP_C002_23.HEIC,C002,8a49f4f2da2fc9ff13ff5bde67a1114918be85b583a20049b9f572d6a972a4ba,unique-1933,train
FOR AIIC SUBMISSION/Inventory_Photos/Electronics_Robotics/E005_Gas Sensor MQ6/WhatsApp Image 2026-08-11 at 6.06.25 PM.jpeg,E005,6501e185b94eb1cf5ecf4d83db44aa877a75fc6ed3e28e5e8820008f05640628,unique-1934,train
FOR AIIC SUBMISSION/Inventory_Photos/Craft_Materials_STEM_Kits/C018_glue gun stick/C018_GLUE GUN STICK_C018_02.JPG,C019,cf2fd38820c3bb235edcedd2e86c81389373c1e7a6ea2d3f94044d8c5ca50f15,unique-1935,test
FOR AIIC SUBMISSION/Inventory_Photos/Craft_Materials_STEM_Kits/C002_paper cup/C002_PAPER CUP_C002_17.HEIC,C002,778873f3d0270db5b5e969f7d1d27cbe6365aacd9226cc00703c996e79ddd007,unique-1936,train
FOR AIIC SUBMISSION/Inventory_Photos/Electronics_Robotics/E005_Gas Sensor MQ6/WhatsApp Image 2026-08-11 at 6.06.27 PM (1).jpeg,E005,5329ce986ac54c41f3451149bff358fd7edddcdf26518a2813151291a441c887,dup-0010,train
FOR AIIC SUBMISSION/Inventory_Photos/Craft_Materials_STEM_Kits/C011_glue stick /C011_GLUE STICK_C011_02.JPG,C011,88014b74b514afb17c8ea3175ed91cda1d8f949ac4e58ea84925c0016ed50dbb,unique-1938,train
FOR AIIC SUBMISSION/Inventory_Photos/Craft_Materials_STEM_Kits/C002_paper cup/C002_PAPER CUP_C002_04.HEIC,C002,8409e4fd1426ba40d52243bb7e263fce2379db71608614a5817d9b598b32ab7c,unique-1939,validation
FOR AIIC SUBMISSION/Inventory_Photos/Electronics_Robotics/E014_Lilypad Coin Cell Battery Holder/WhatsApp Image 2026-08-11 at 6.03.20 PM (2).jpeg,E014,e5edee59d3c856aa4ebb1184edd3efb927579c02d73fbf0b9fdc06707cd14df8,unique-1940,validation
FOR AIIC SUBMISSION/Inventory_Photos/Craft_Materials_STEM_Kits/C011_glue stick /C011_GLUE STICK_C011_24.JPG,C011,aa5fa7022d6ebeda8b3decb943e424cb2000052d3701f8d84e6a9078e145b2e4,unique-1941,validation
FOR AIIC SUBMISSION/Inventory_Photos/Craft_Materials_STEM_Kits/C002_paper cup/Copy of C002_PAPER CUP_C002_08.HEIC,C002,40399323979ad9d230042871a72b5c4b5ed143593ec8d81e86b7e300ffcbfcde,dup-0102,train
FOR AIIC SUBMISSION/Inventory_Photos/Electronics_Robotics/E004_Breadboard/IMG_2350.JPG,E004,2f3076de858787e06b109821e24fdb2a6f4b5dce4e775473cc513ba3ba494adb,dup-0103,train
FOR AIIC SUBMISSION/Inventory_Photos/Electronics_Robotics/E004_Breadboard/WhatsApp Image 2026-08-12 at 11.07.16 AM (1).jpeg,E004,de37a1d7d93facbef7f3c89c7aee46981a1b66af05a1c2f241d7cc04836d7a9d,unique-1944,validation
FOR AIIC SUBMISSION/Inventory_Photos/Electronics_Robotics/E004_Breadboard/IMG_2350.jpeg,E004,2f3076de858787e06b109821e24fdb2a6f4b5dce4e775473cc513ba3ba494adb,dup-0103,train
FOR AIIC SUBMISSION/Inventory_Photos/Craft_Materials_STEM_Kits/C018_glue gun stick/C018_GLUE GUN STICK_C018_04.JPG,C019,e22c7e430053f9b038193cdc27113adb0b710808e8b45493cae86ffc75b4188e,unique-1946,train
FOR AIIC SUBMISSION/Inventory_Photos/Craft_Materials_STEM_Kits/C018_glue gun stick/C018_GLUE GUN STICK_C018_14.JPG,C019,f58bc940707a4d3366efe283a348991bfa6302e22c0b95c29b1a3a10de5d0830,unique-1947,train
FOR AIIC SUBMISSION/Inventory_Photos/Electronics_Robotics/E014_Lilypad Coin Cell Battery Holder/IMG_2273.jpeg,E014,1c9ca4ab2511571d32566f54675ee1856335d9adaab90658eec68a24ae69bd34,dup-0104,train
FOR AIIC SUBMISSION/Inventory_Photos/Craft_Materials_STEM_Kits/C002_paper cup/C002_PAPER CUP_C002_08.HEIC,C002,40399323979ad9d230042871a72b5c4b5ed143593ec8d81e86b7e300ffcbfcde,dup-0102,train
FOR AIIC SUBMISSION/Inventory_Photos/Electronics_Robotics/E004_Breadboard/WhatsApp Image 2026-08-11 at 6.07.13 PM (1).jpeg,E004,893db8ce0888efff024b59d47406e9238d84efe181f871ba6d3b42a4dbfb3f58,dup-0020,test
FOR AIIC SUBMISSION/Inventory_Photos/Electronics_Robotics/E014_Lilypad Coin Cell Battery Holder/IMG_2273.JPG,E014,1c9ca4ab2511571d32566f54675ee1856335d9adaab90658eec68a24ae69bd34,dup-0104,train
FOR AIIC SUBMISSION/Inventory_Photos/Craft_Materials_STEM_Kits/C002_paper cup/C002_PAPER CUP_C002_11.HEIC,C002,d8d9acb0ab2d73e69d118a5965a41770d31ed68654225feb79f9d70d5340502e,unique-1952,train
FOR AIIC SUBMISSION/Inventory_Photos/Electronics_Robotics/E005_Gas Sensor MQ6/WhatsApp Image 2026-08-11 at 6.06.25 PM (1).jpeg,E005,8a37fcf7bba25fbbdc3494ad9deb8dfb3d72612c28634127db6a3b21e79ff40c,unique-1953,train
FOR AIIC SUBMISSION/Inventory_Photos/Craft_Materials_STEM_Kits/C002_paper cup/C002_PAPER CUP_C002_20.HEIC,C002,0087bff4b0d3b5d77381cbbdc882089d579d1a1fe60bfb9012833bd07e00bd08,unique-1954,train
FOR AIIC SUBMISSION/Inventory_Photos/Electronics_Robotics/E005_Gas Sensor MQ6/WhatsApp Image 2026-08-11 at 6.06.26 PM (1).jpeg,E005,e45ffd9cf31c7cadd27bdd845362a3cae55ff250ffb3e75a62ee17165960af1c,unique-1955,train
FOR AIIC SUBMISSION/Inventory_Photos/Electronics_Robotics/E005_Gas Sensor MQ6/WhatsApp Image 2026-08-11 at 6.06.25 PM (2).jpeg,E005,f90fb7fb44e7d5f7bfada0b312e283c461b858e92a1b9af63b9c3131149b16f8,unique-1956,test
FOR AIIC SUBMISSION/Inventory_Photos/Electronics_Robotics/E005_Gas Sensor MQ6/IMG_2232.JPG,E005,0ba67d91bf21baf6d95cd7511eaf93f90bf2be7775f1e08a13b4bc1849ff6e26,dup-0074,train
FOR AIIC SUBMISSION/Inventory_Photos/Craft_Materials_STEM_Kits/C002_paper cup/C002_PAPER CUP_C002_07.HEIC,C002,b51d10f849200757e6d7804284266c6628fe6928b9fe826006770f6eeda28edf,unique-1958,train
FOR AIIC SUBMISSION/Inventory_Photos/Craft_Materials_STEM_Kits/C018_glue gun stick/C018_GLUE GUN STICK_C018_19.JPG,C019,5914fffb7eeda78b31eaf15a88c9471990db649dd0e5fe4ea86e8ac2860209a1,unique-1959,validation
FOR AIIC SUBMISSION/Inventory_Photos/Craft_Materials_STEM_Kits/C018_glue gun stick/C018_GLUE GUN STICK_C018_25.JPG,C019,06c77f897474312d602b38a64f516e6e833914c433f28aa02c52443e519f69a0,unique-1960,train
FOR AIIC SUBMISSION/Inventory_Photos/Electronics_Robotics/E014_Lilypad Coin Cell Battery Holder/IMG_2275.JPG,E014,9501af6b08135e45e066a2e57af2a2c46ad16499f8316c330285ecf6ecbf09d8,dup-0105,train
FOR AIIC SUBMISSION/Inventory_Photos/Craft_Materials_STEM_Kits/C016_balloons/C016_BALLOONS_C016_26.JPG,C016,8958cf40c3c479d19ad17650e4464550a57803511b1029da8e65536efe52b575,unique-1962,train
FOR AIIC SUBMISSION/Inventory_Photos/Craft_Materials_STEM_Kits/C018_glue gun stick/C018_GLUE GUN STICK_C018_12.JPG,C019,33e9b7810ee6809b690ba41d3b924d82915f581c00eb08b5460d362b6078616b,unique-1963,train
FOR AIIC SUBMISSION/Inventory_Photos/Electronics_Robotics/E004_Breadboard/IMG_6129.HEIC,E004,40691fb4ba917261dc367b4df0c160ef90d5fb5757eea74a049caf6abe303703,unique-1964,train
FOR AIIC SUBMISSION/Inventory_Photos/Craft_Materials_STEM_Kits/C002_paper cup/C002_PAPER CUP_C002_28(1).HEIC,C002,f72a9715be77f014c19afc275fc54d642290d0f582f1e8bd6bebb40600ebe4d1,unique-1965,validation
FOR AIIC SUBMISSION/Inventory_Photos/Craft_Materials_STEM_Kits/C016_balloons/C016_BALLOONS_C016_17.JPG,C016,dfce57414ef5fe7a336d692cc84a8dbb6d4b70ca372df9835e1ef3fed9dc1436,unique-1966,validation
FOR AIIC SUBMISSION/Inventory_Photos/Craft_Materials_STEM_Kits/C002_paper cup/C002_PAPER CUP_C002_22.HEIC,C002,6f21790ba2cc8a1247ea617842bbe1ab7d90553834e702942ad74c17d51a942c,unique-1967,train
FOR AIIC SUBMISSION/Inventory_Photos/Electronics_Robotics/E004_Breadboard/IMG_6127.HEIC,E004,f9a75ed330554c4b6e9b3f71920a724b46da922dac9e1d7e9329add91440354f,unique-1968,train
FOR AIIC SUBMISSION/Inventory_Photos/Craft_Materials_STEM_Kits/C016_balloons/C016_BALLOONS_C016_24.JPG,C016,19c81095ea9fb29861fc3ffb74ae78a2c8429171c9251a1f9574a3bd2056fc65,unique-1969,train
FOR AIIC SUBMISSION/Inventory_Photos/Electronics_Robotics/E014_Lilypad Coin Cell Battery Holder/WhatsApp Image 2026-08-11 at 6.03.20 PM (1).jpeg,E014,c273618983b658ea9d7bc5de518a5ec8b1026220020fcda70bd992f0d591feb0,unique-1970,test
FOR AIIC SUBMISSION/Inventory_Photos/Electronics_Robotics/E005_Gas Sensor MQ6/IMG_2281.jpeg,E005,a4c7d0af6719eaa29e72fc4a402ac8345ac46a88e6b15af78ecb810181d7b870,dup-0106,train
FOR AIIC SUBMISSION/Inventory_Photos/Craft_Materials_STEM_Kits/C018_glue gun stick/C018_GLUE GUN STICK_C018_24.JPG,C019,297a308222d564d3d4a189d9f7d8602cd6368e76bf65eab03412a8883d59e302,unique-1972,test
FOR AIIC SUBMISSION/Inventory_Photos/Electronics_Robotics/E005_Gas Sensor MQ6/IMG_2281.JPG,E005,a4c7d0af6719eaa29e72fc4a402ac8345ac46a88e6b15af78ecb810181d7b870,dup-0106,train
FOR AIIC SUBMISSION/Inventory_Photos/Craft_Materials_STEM_Kits/C016_balloons/C016_BALLOONS_C016_19.JPG,C016,d7e939bdf8b7a811d7176d7d3472c2a488143909b80c6d17c7fed55c4e19a5d5,unique-1974,train
FOR AIIC SUBMISSION/Inventory_Photos/Electronics_Robotics/E004_Breadboard/WhatsApp Image 2026-08-11 at 6.07.13 PM (3).jpeg,E004,b2f50965e39c3d4b7c7af3cd0e22b3077f91debe4d704ad60718b623837db731,unique-1975,validation
FOR AIIC SUBMISSION/Inventory_Photos/Electronics_Robotics/E014_Lilypad Coin Cell Battery Holder/WhatsApp Image 2026-08-11 at 6.03.17 PM (2).jpeg,E014,586647d0589e2ab7093e7709be122d3b2ae06eb7a259e7945c4a986e8a5be542,unique-1976,train
FOR AIIC SUBMISSION/Inventory_Photos/Craft_Materials_STEM_Kits/C016_balloons/C016_BALLOONS_C016_21.JPG,C016,16bb41fb25e002c8cfa6da216b5ac70da3c7e253e9b723f720d15628767925ac,unique-1977,train
FOR AIIC SUBMISSION/Inventory_Photos/Electronics_Robotics/E005_Gas Sensor MQ6/IMG_6047.HEIC,E005,5340f978b4ad1ca8b7da20f71c114345a2afa6f8d22a108ec2e4af58ec5e2fc7,unique-1978,train
FOR AIIC SUBMISSION/Inventory_Photos/Electronics_Robotics/E004_Breadboard/IMG_2348.jpeg,E004,4c73a7a2fd43371a560836f9d8de4c3a6bcd2b1be1629c13fa539805599493d6,dup-0107,train
FOR AIIC SUBMISSION/Inventory_Photos/Craft_Materials_STEM_Kits/C016_balloons/C016_BALLOONS_C016_05.JPG,C016,cfa8d5cd1853a3f5fbc3322a7ec37b504b981f1e261d90d98c0c166ec4f4e81a,unique-1980,train
FOR AIIC SUBMISSION/Inventory_Photos/Electronics_Robotics/E014_Lilypad Coin Cell Battery Holder/IMG_2277.jpeg,E014,b3301e71937acc198d8892f4763f13c48aef378a96397578e0e9e2025c249cc2,dup-0108,validation
FOR AIIC SUBMISSION/Inventory_Photos/Craft_Materials_STEM_Kits/C016_balloons/C016_BALLOONS_C016_15.JPG,C016,2873956a80e2d0677b88ff3a3361c8004744776bd2f63e9876d6cc57b7b59975,unique-1982,validation
FOR AIIC SUBMISSION/Inventory_Photos/Craft_Materials_STEM_Kits/C016_balloons/C016_BALLOONS_C016_16.JPG,C016,1428860a206f24524a82b5b7270a1ada9e30ee867cf66e2f0fbb42ad1bc313e9,unique-1983,train
FOR AIIC SUBMISSION/Inventory_Photos/Craft_Materials_STEM_Kits/C016_balloons/C016_BALLOONS_C016_23.JPG,C016,c585aee469c5037b4eddbda0abe94d706b33a1edb9b3bae5247ae49158c505f6,unique-1984,train
FOR AIIC SUBMISSION/Inventory_Photos/Electronics_Robotics/E005_Gas Sensor MQ6/IMG_6044.HEIC,E005,f7c6fe11975e72f20438ab0597cf94476c2e5a8d8dc654a2b83cbe1d6b5c0a56,unique-1985,train
FOR AIIC SUBMISSION/Inventory_Photos/Electronics_Robotics/E014_Lilypad Coin Cell Battery Holder/IMG_2277.JPG,E014,b3301e71937acc198d8892f4763f13c48aef378a96397578e0e9e2025c249cc2,dup-0108,validation
FOR AIIC SUBMISSION/Inventory_Photos/Craft_Materials_STEM_Kits/C016_balloons/C016_BALLOONS_C016_07.JPG,C016,e36d635a903e2864df86692f50e626e3eb2593132650def97f1dc524ff93b48d,unique-1987,train
FOR AIIC SUBMISSION/Inventory_Photos/Craft_Materials_STEM_Kits/C014_A4 colored paper/C014_A4 COLORED PAPER_C014_24.JPG,C014,fb7fcf869b72358b45027771e53048fb81af70331e51f3d225541c0eced95523,unique-1988,train
FOR AIIC SUBMISSION/Inventory_Photos/Electronics_Robotics/E005_Gas Sensor MQ6/IMG_6043.HEIC,E005,35640d914b25d22ebb57c9ed6fc03a51868c3fccfa67811999d7445efb90d1ac,unique-1989,train
FOR AIIC SUBMISSION/Inventory_Photos/Craft_Materials_STEM_Kits/C016_balloons/C016_BALLOONS_C016_22.JPG,C016,2c822d8153a7b154e37d3d6908879cca34176b43a2c8fff5c53a71e5b7750218,unique-1990,validation
FOR AIIC SUBMISSION/Inventory_Photos/Electronics_Robotics/E004_Breadboard/IMG_2349.jpeg,E004,8c5d5b0789337ed4020f11bc0cbcd98ca9df889191e2942167416ecf2a77c135,dup-0109,train
FOR AIIC SUBMISSION/Inventory_Photos/Craft_Materials_STEM_Kits/C016_balloons/C016_BALLOONS_C016_08.JPG,C016,5d27382f53e21f5ea6d5238de42637772a649ff36c5a42bf08d575219342ca59,unique-1992,validation
FOR AIIC SUBMISSION/Inventory_Photos/Craft_Materials_STEM_Kits/C016_balloons/C016_BALLOONS_C016_12.JPG,C016,b0b0ffb24356b17d4069a376b07f93b6b9a3917f5fb2eb83616a1e2c4fd6363b,unique-1993,test
FOR AIIC SUBMISSION/Inventory_Photos/Electronics_Robotics/E005_Gas Sensor MQ6/IMG_6042.HEIC,E005,612e067967e7e5dec023d7a15d6796ac2615f1aa9b5d450e15bbad7754836c21,unique-1994,validation
FOR AIIC SUBMISSION/Inventory_Photos/Electronics_Robotics/E004_Breadboard/IMG_2348.JPG,E004,4c73a7a2fd43371a560836f9d8de4c3a6bcd2b1be1629c13fa539805599493d6,dup-0107,train
FOR AIIC SUBMISSION/Inventory_Photos/Craft_Materials_STEM_Kits/C016_balloons/C016_BALLOONS_C016_04.JPG,C016,12b726be3cdda471fac21739cc2807563b8f23266f302efd5042cef6e44850f6,unique-1996,train
FOR AIIC SUBMISSION/Inventory_Photos/Craft_Materials_STEM_Kits/C016_balloons/C016_BALLOONS_C016_11.JPG,C016,008844c2436aa2e4d928a643c8b7165cf850df665c144f3fc13e4efba388047e,unique-1997,train
FOR AIIC SUBMISSION/Inventory_Photos/Craft_Materials_STEM_Kits/C014_A4 colored paper/C014_A4 COLORED PAPER_C014_16.JPG,C014,db94df43c87c8d752ce5b1d97b4ac7edc110140ed44f696d7b7ccb6d3137e44a,unique-1998,train
FOR AIIC SUBMISSION/Inventory_Photos/Electronics_Robotics/E004_Breadboard/IMG_2349.JPG,E004,8c5d5b0789337ed4020f11bc0cbcd98ca9df889191e2942167416ecf2a77c135,dup-0109,train
FOR AIIC SUBMISSION/Inventory_Photos/Electronics_Robotics/E005_Gas Sensor MQ6/IMG_2231.JPG,E005,4d37b5305015078a593c0ea67da1c5b57394822eee8061120fdfce7130afc4b5,unique-2000,train
FOR AIIC SUBMISSION/Inventory_Photos/Craft_Materials_STEM_Kits/C016_balloons/C016_BALLOONS_C016_20.JPG,C016,e187bd38d188f76908358bc114264ba7b984f04b738faf08be0e97ff6e2349c8,unique-2001,train
FOR AIIC SUBMISSION/Inventory_Photos/Craft_Materials_STEM_Kits/C014_A4 colored paper/C014_A4 COLORED PAPER_C014_19.JPG,C014,02f34ac216ed02e1670bc88e72f5787c707299689b7a48fc36cec7fc4172d4be,unique-2002,train
FOR AIIC SUBMISSION/Inventory_Photos/Craft_Materials_STEM_Kits/C016_balloons/C016_BALLOONS_C016_14.JPG,C016,6e2439dfc8a2f54f9a190288d515c51fe0e2af89a668b9a0edf7ec4c0b54acaf,unique-2003,train
FOR AIIC SUBMISSION/Inventory_Photos/Craft_Materials_STEM_Kits/C014_A4 colored paper/C014_A4 COLORED PAPER_C014_15.JPG,C014,54c47944254a0a6a101db58be062d041b0366a6d9daba5d8f84ad6eafb147a64,unique-2004,validation
FOR AIIC SUBMISSION/Inventory_Photos/Electronics_Robotics/E005_Gas Sensor MQ6/IMG_2278.JPG,E005,f6a3551ae49d6e03bb0aba03b9b761f549cb0657891759dae0ddcf395f95524a,dup-0110,train
FOR AIIC SUBMISSION/Inventory_Photos/Electronics_Robotics/E005_Gas Sensor MQ6/IMG_2278.jpeg,E005,f6a3551ae49d6e03bb0aba03b9b761f549cb0657891759dae0ddcf395f95524a,dup-0110,train
FOR AIIC SUBMISSION/Inventory_Photos/Craft_Materials_STEM_Kits/C014_A4 colored paper/C014_A4 COLORED PAPER_C014_25.JPG,C014,fea4bd901591f73e43553896c0dc6cc2c622bc3084d9cbce8b09827a8ec4a775,unique-2007,validation
FOR AIIC SUBMISSION/Inventory_Photos/Craft_Materials_STEM_Kits/C014_A4 colored paper/C014_A4 COLORED PAPER_C014_03.JPG,C014,80a1286548fd209e9ca1f017d68852d94f59366202de272d281c6c455c4dbb9b,unique-2008,train
FOR AIIC SUBMISSION/Inventory_Photos/Craft_Materials_STEM_Kits/C016_balloons/C016_BALLOONS_C016_10.JPG,C016,fdf8fcc7000d0a56fa917fa37e2963e57ea4029beb9165f1656d59c14009c722,unique-2009,train
FOR AIIC SUBMISSION/Inventory_Photos/Electronics_Robotics/E004_Breadboard/IMG_6130.HEIC,E004,b37744c30cb9627ca6ef0742ba86064216a10b11f59293cde2174c3909d186fa,unique-2010,train
FOR AIIC SUBMISSION/Inventory_Photos/Craft_Materials_STEM_Kits/C009_popsicle stick/C009_POPSICLE STICK_C009_31.HEIC,C009,0cfc51b0946cf9e7a4b0163f4d80cc051c62f353dd64d90d285b1bc699cf4ac0,unique-2011,test
FOR AIIC SUBMISSION/Inventory_Photos/Electronics_Robotics/E004_Breadboard/IMG_6128.HEIC,E004,8b7a82a184925a0100657530412db4fee38ea8dcace2dcc88aae0652bc79a3e5,unique-2012,validation
FOR AIIC SUBMISSION/Inventory_Photos/Craft_Materials_STEM_Kits/C018_glue gun stick/C018_GLUE GUN STICK_C018_08.JPG,C019,9f5d03573bf2e3580ceaaf6e0eb0e92cb18e5f82c39e02bba7969dc5d572b402,unique-2013,train
FOR AIIC SUBMISSION/Inventory_Photos/Craft_Materials_STEM_Kits/C014_A4 colored paper/C014_A4 COLORED PAPER_C014_08.JPG,C014,05c592999c1c018148d2c2281e4de2d655faeb421e7487de814d201ff4bfa7cb,unique-2014,train
FOR AIIC SUBMISSION/Inventory_Photos/Craft_Materials_STEM_Kits/C014_A4 colored paper/C014_A4 COLORED PAPER_C014_18.JPG,C014,4e1f5d5fac970a90fc61a315dba9fdc49f95c16f45efe50dd1e738f1ac02cbbe,unique-2015,train
FOR AIIC SUBMISSION/Inventory_Photos/Craft_Materials_STEM_Kits/C009_popsicle stick/C009_POPSICLE STICK_C009_29.HEIC,C009,505d6c15f2aa17fbbabd69883d47fa2b322b18c58825d11e2cdccfe09205a0fc,unique-2016,train
FOR AIIC SUBMISSION/Inventory_Photos/Craft_Materials_STEM_Kits/C016_balloons/C016_BALLOONS_C016_02.JPG,C016,2155f391dee8a47f34c5161e8fca0e8120f586c6ade1bc9b6ecb19deca797c1d,unique-2017,validation
FOR AIIC SUBMISSION/Inventory_Photos/Craft_Materials_STEM_Kits/C002_paper cup/C002_PAPER CUP_C002_16.HEIC,C002,2283aeaf99571f14ba217a3987d19ee4323851e1352840329b28bf21509d59dc,unique-2018,train
FOR AIIC SUBMISSION/Inventory_Photos/Craft_Materials_STEM_Kits/C014_A4 colored paper/C014_A4 COLORED PAPER_C014_26.JPG,C014,a079e35e732aaac4beaf59ca496d79dea3f161397173c481d10bd07f6fed3bf3,unique-2019,train
FOR AIIC SUBMISSION/Inventory_Photos/Craft_Materials_STEM_Kits/C014_A4 colored paper/C014_A4 COLORED PAPER_C014_01.JPG,C014,8f6eb7e814b31ade42e49d792f6c96099e325bf6fbdf4414f4e7733af45b4d1d,unique-2020,train
FOR AIIC SUBMISSION/Inventory_Photos/Craft_Materials_STEM_Kits/C009_popsicle stick/C009_POPSICLE STICK_C009_15.HEIC,C009,fe01dcd4f25fe0b0f1ac1b0365b6ebabc9714c4438e62b51c495f1dc797405e9,unique-2021,train
FOR AIIC SUBMISSION/Inventory_Photos/Craft_Materials_STEM_Kits/C016_balloons/C016_BALLOONS_C016_09.JPG,C016,3e8323fded6cb9de97eb35be186df0dbb64a3338adb5c76a20b5eafbf2518603,unique-2022,test
FOR AIIC SUBMISSION/Inventory_Photos/Craft_Materials_STEM_Kits/C011_glue stick /C011_GLUE STICK_C011_01.JPG,C011,187a86480bd32f9dafda3b89096a26e8b1d20f35f4278b3337118c225bd20669,unique-2023,train
FOR AIIC SUBMISSION/Inventory_Photos/Craft_Materials_STEM_Kits/C009_popsicle stick/C009_POPSICLE STICK_C009_22.HEIC,C009,114386fe04534f7042fc483102f2d56eaf818183b9f47ed1c71fdb3611beae1f,unique-2024,test
FOR AIIC SUBMISSION/Inventory_Photos/Craft_Materials_STEM_Kits/C014_A4 colored paper/C014_A4 COLORED PAPER_C014_28.JPG,C014,b8f4b17468452b19d96e9335907d9b303570149f14453b35832800c8c59f97c0,unique-2025,train
FOR AIIC SUBMISSION/Inventory_Photos/Craft_Materials_STEM_Kits/C009_popsicle stick/C009_POPSICLE STICK_C009_28.HEIC,C009,4f9c9eeb32b4ba30c9eb5dfc95dbbf471531067e3c50d15fcf296bb1c94eab66,unique-2026,train
FOR AIIC SUBMISSION/Inventory_Photos/Craft_Materials_STEM_Kits/C014_A4 colored paper/C014_A4 COLORED PAPER_C014_22.JPG,C014,30277e273218fde6739e853a054ef5b4a41ed18f88fc4a773c1c7a7fe2abfbf6,unique-2027,train
FOR AIIC SUBMISSION/Inventory_Photos/Craft_Materials_STEM_Kits/C014_A4 colored paper/C014_A4 COLORED PAPER_C014_02.JPG,C014,fd2513053a9749dde8c5a489ec63d4b6950397866366c61d48d612c4f5d6fcad,unique-2028,train
FOR AIIC SUBMISSION/Inventory_Photos/Craft_Materials_STEM_Kits/C016_balloons/C016_BALLOONS_C016_25.JPG,C016,9840a5ce07c086108f8593697afd09010354e3b2056970bca71cb7f237df6012,unique-2029,test
FOR AIIC SUBMISSION/Inventory_Photos/Craft_Materials_STEM_Kits/C016_balloons/C016_BALLOONS_C016_06.JPG,C016,82ace1b0e08b99b9e7d6f0429aa24334bc30688fb400d6cbc429b608b53a0d75,unique-2030,validation
FOR AIIC SUBMISSION/Inventory_Photos/Craft_Materials_STEM_Kits/C016_balloons/C016_BALLOONS_C016_27.JPG,C016,00f64c8d88338ff91c47dfa50d511ccec1999ff0ea32174efb12c617707aabde,unique-2031,train
FOR AIIC SUBMISSION/Inventory_Photos/Craft_Materials_STEM_Kits/C014_A4 colored paper/C014_A4 COLORED PAPER_C014_21.JPG,C014,f52168cbbd68e0302b422228dbdd80eaf5e9b326b37396d588f148cb1e4d46f7,unique-2032,test
FOR AIIC SUBMISSION/Inventory_Photos/Craft_Materials_STEM_Kits/C002_paper cup/C002_PAPER CUP_C002_03.HEIC,C002,4475e2a92ca67ddec81d5d850fd6d4d2373c5d20fc4c89a7cdce9d601a381b4e,unique-2033,train
FOR AIIC SUBMISSION/Inventory_Photos/Craft_Materials_STEM_Kits/C009_popsicle stick/C009_POPSICLE STICK_C009_30.HEIC,C009,37051546379d61aa832340dda24c1c21b446476e5a8c1d0d372ff0df12083879,unique-2034,train
FOR AIIC SUBMISSION/Inventory_Photos/Craft_Materials_STEM_Kits/C014_A4 colored paper/C014_A4 COLORED PAPER_C014_27.JPG,C014,922d30368f09527ce63b072e533dcca54d1e1c959bfd66c007b2deece99a01c4,unique-2035,train
FOR AIIC SUBMISSION/Inventory_Photos/Craft_Materials_STEM_Kits/C009_popsicle stick/C009_POPSICLE STICK_C009_20.HEIC,C009,e69ec5ef7c9d7778e8b6684de3594de29b3db5419c3a5518c965de5d560e33b3,unique-2036,train
FOR AIIC SUBMISSION/Inventory_Photos/Craft_Materials_STEM_Kits/C016_balloons/C016_BALLOONS_C016_01.JPG,C016,9bf330074c05689f86276528dc0d5cb78a890813c9b688f52b21575474148e19,unique-2037,train
FOR AIIC SUBMISSION/Inventory_Photos/Craft_Materials_STEM_Kits/C014_A4 colored paper/C014_A4 COLORED PAPER_C014_06.JPG,C014,bfcb85181e7038b24cc332ae4fadca2c2530ff281f9dd63e97eae3114128e8ef,unique-2038,train
FOR AIIC SUBMISSION/Inventory_Photos/Craft_Materials_STEM_Kits/C014_A4 colored paper/C014_A4 COLORED PAPER_C014_23.JPG,C014,2dbd269d8297eab231f62fd2da34d4f5c05bd724b1637f5b790bd4cf65f103f6,unique-2039,train
FOR AIIC SUBMISSION/Inventory_Photos/Craft_Materials_STEM_Kits/C002_paper cup/C002_PAPER CUP_C002_13.HEIC,C002,eaa9f5e1e902b45a7396b858892c1f449e178429413c61ebba47baa6b49599c2,unique-2040,train
FOR AIIC SUBMISSION/Inventory_Photos/Craft_Materials_STEM_Kits/C016_balloons/C016_BALLOONS_C016_13.JPG,C016,bbec36e48be0ff025e73421d38b37fc2edb745e1bf655d7cbacb64ef96acd38e,unique-2041,validation
FOR AIIC SUBMISSION/Inventory_Photos/Craft_Materials_STEM_Kits/C014_A4 colored paper/C014_A4 COLORED PAPER_C014_14.JPG,C014,9b605f3e1fbdaf19e80745035548e68bf4bfa3453077d6d305ccee61facf15e3,unique-2042,validation
FOR AIIC SUBMISSION/Inventory_Photos/Craft_Materials_STEM_Kits/C002_paper cup/C002_PAPER CUP_C002_01.HEIC,C002,48a175a816abcd0e065f24d41da00522d90f47021de2ae89e4f30b36ae003ea8,unique-2043,train
FOR AIIC SUBMISSION/Inventory_Photos/Electronics_Robotics/E004_Breadboard/IMG_6131.HEIC,E004,63c43a078b454ac65581cd3b73eb11a7aad2a168f40574b9c9ecd3286351448f,unique-2044,validation
FOR AIIC SUBMISSION/Inventory_Photos/Craft_Materials_STEM_Kits/C016_balloons/C016_BALLOONS_C016_18.JPG,C016,6c97f584eac274eeae89831894547fcdca31e09d276fabd9dd4259ec33549b24,unique-2045,train
FOR AIIC SUBMISSION/Inventory_Photos/Craft_Materials_STEM_Kits/C014_A4 colored paper/C014_A4 COLORED PAPER_C014_09.JPG,C014,399ca2025d223ac2c3ac022317f6cc7bd19fb41f4ecc47514217b1fb7ab6e27d,unique-2046,train
FOR AIIC SUBMISSION/Inventory_Photos/Craft_Materials_STEM_Kits/C014_A4 colored paper/C014_A4 COLORED PAPER_C014_13.JPG,C014,1f762debe6d8840eba62a9610a0a5cfe92573fea485c65780538888b901bb734,unique-2047,train
FOR AIIC SUBMISSION/Inventory_Photos/Electronics_Robotics/E004_Breadboard/IMG_6126.HEIC,E004,a85250c471fe615b8e02d3dbb9fa1be499c8c07c17f864dc81a168dd5eb0a92b,unique-2048,train
FOR AIIC SUBMISSION/Inventory_Photos/Craft_Materials_STEM_Kits/C009_popsicle stick/C009_POPSICLE STICK_C009_23.HEIC,C009,fe20092e83d6b929958c8280c71060b6d2f5b48ff1bc8d434a535ab63100380d,unique-2049,train
FOR AIIC SUBMISSION/Inventory_Photos/Craft_Materials_STEM_Kits/C009_popsicle stick/C009_POPSICLE STICK_C009_09.HEIC,C009,998b38b58134a3ecddd00d5f7cdec96af5c8890936011d3edab4962741b48ef1,unique-2050,train
FOR AIIC SUBMISSION/Inventory_Photos/Electronics_Robotics/E004_Breadboard/IMG_2351.JPG,E004,eab4ee691df3d00a6c36b52a3d7999efe28483b1c17470b672c560977d5b025d,unique-2051,train
FOR AIIC SUBMISSION/Inventory_Photos/Craft_Materials_STEM_Kits/C016_balloons/C016_BALLOONS_C016_03.JPG,C016,b05432f91c431962417a71a68f57bc529b2d2a56a0439f6246462a1d6c6c996c,unique-2052,train
FOR AIIC SUBMISSION/Inventory_Photos/Craft_Materials_STEM_Kits/C009_popsicle stick/C009_POPSICLE STICK_C009_13.HEIC,C009,5bbde1a60ab7d9cbd817d64a6ac3d0c2981a9c08f87142457c2b0ecc22063696,unique-2053,train
FOR AIIC SUBMISSION/Inventory_Photos/Craft_Materials_STEM_Kits/C014_A4 colored paper/C014_A4 COLORED PAPER_C014_29.JPG,C014,06d9e3d3f79c72a0117ca32a56b408fe31ed7dee2aa8b8093e381d3276e3a1a2,unique-2054,train
FOR AIIC SUBMISSION/Inventory_Photos/Craft_Materials_STEM_Kits/C009_popsicle stick/C009_POPSICLE STICK_C009_26.HEIC,C009,9b6d101b0e979730423ff3fe22e52fd99ba6e4f8ad29160abe8257df27e3eac6,unique-2055,train
FOR AIIC SUBMISSION/Inventory_Photos/Craft_Materials_STEM_Kits/C014_A4 colored paper/C014_A4 COLORED PAPER_C014_11.JPG,C014,7e931166f16de00d1ffdaa6ee7986e31289426f4edf19b1c4af9f833294b703f,unique-2056,train
FOR AIIC SUBMISSION/Inventory_Photos/Craft_Materials_STEM_Kits/C009_popsicle stick/C009_POPSICLE STICK_C009_32.HEIC,C009,c86af9607060e78897a242c9c6bef2c54d03a37e41cda2675df0e02bfec34d7d,unique-2057,train
FOR AIIC SUBMISSION/Inventory_Photos/Craft_Materials_STEM_Kits/C012_pipe cleaner/C012_PIPE CLEANER_C012_43.JPG,C012,44400904a0a21cd028c67b75a34e702fec7b074609604c7a33949881c44ce233,unique-2058,train
FOR AIIC SUBMISSION/Inventory_Photos/Craft_Materials_STEM_Kits/C014_A4 colored paper/C014_A4 COLORED PAPER_C014_30.JPG,C014,a311cc4eeefb67198c1d2ae1d0946595aae7df84fc65f3ea08fe37780cc88dae,unique-2059,test
FOR AIIC SUBMISSION/Inventory_Photos/Craft_Materials_STEM_Kits/C009_popsicle stick/C009_POPSICLE STICK_C009_16.HEIC,C009,ee83c20130d1eb40cd574a5afe5feb305561a53cdc4b42b4c364cb599e8e40ca,unique-2060,test
FOR AIIC SUBMISSION/Inventory_Photos/Craft_Materials_STEM_Kits/C012_pipe cleaner/C012_PIPE CLEANER_C012_38.JPG,C012,f03ce1541272e9e144d5f86d5cf2398e6ab259ad406f85332ecd521d2797d664,unique-2061,test
FOR AIIC SUBMISSION/Inventory_Photos/Craft_Materials_STEM_Kits/C012_pipe cleaner/C012_PIPE CLEANER_C012_37.JPG,C012,fe22f2bf80befea7d94bb302285c0e18673e84f333b4c5f88338623af4fbf191,unique-2062,train
FOR AIIC SUBMISSION/Inventory_Photos/Electronics_Robotics/E005_Gas Sensor MQ6/IMG_2280.jpeg,E005,aae2a8d70c294b18e401bfc19ab8281c092a066658eaa28b141dce90e5b4da53,dup-0111,train
FOR AIIC SUBMISSION/Inventory_Photos/Craft_Materials_STEM_Kits/C009_popsicle stick/C009_POPSICLE STICK_C009_33.HEIC,C009,291759a444783513be6bdbc9a596e3da4fb3db39e736e621f805c52e50c9bb1f,unique-2064,test
FOR AIIC SUBMISSION/Inventory_Photos/Craft_Materials_STEM_Kits/C012_pipe cleaner/C012_PIPE CLEANER_C012_22.JPG,C012,3d2f32a5d0c1303825cb98bc277669a41be8118cb75e3b34307156e15b5b6035,unique-2065,train
FOR AIIC SUBMISSION/Inventory_Photos/Craft_Materials_STEM_Kits/C009_popsicle stick/C009_POPSICLE STICK_C009_03.HEIC,C009,3bbca57ecb836a801e04c67926853dea35327daf523df9c73005409c56777449,unique-2066,train
FOR AIIC SUBMISSION/Inventory_Photos/Craft_Materials_STEM_Kits/C012_pipe cleaner/C012_PIPE CLEANER_C012_42.JPG,C012,e75b46897571137f7c9ed04f96df7c359289503c9a1e7781920f16f689fd328f,unique-2067,train
FOR AIIC SUBMISSION/Inventory_Photos/Craft_Materials_STEM_Kits/C009_popsicle stick/C009_POPSICLE STICK_C009_18.HEIC,C009,b62c917840e0fb0905fcd44c94a249f18274b2b5e1289bc1dd6493ed85faae0b,unique-2068,validation
FOR AIIC SUBMISSION/Inventory_Photos/Craft_Materials_STEM_Kits/C012_pipe cleaner/C012_PIPE CLEANER_C012_21.JPG,C012,e8835ea3c9944df443bb0760130de088affdc3dd565836b08d470c9259ab4d1a,unique-2069,train
FOR AIIC SUBMISSION/Inventory_Photos/Electronics_Robotics/E005_Gas Sensor MQ6/IMG_2280.JPG,E005,aae2a8d70c294b18e401bfc19ab8281c092a066658eaa28b141dce90e5b4da53,dup-0111,train
FOR AIIC SUBMISSION/Inventory_Photos/Electronics_Robotics/E005_Gas Sensor MQ6/IMG_6046.HEIC,E005,8fc7546139a6aa46ce2f2d09e491e1ef483f07a4d9db4095a856dd1f03e1967f,unique-2071,train
FOR AIIC SUBMISSION/Inventory_Photos/Craft_Materials_STEM_Kits/C012_pipe cleaner/C012_PIPE CLEANER_C012_44.JPG,C012,40daf83ae4af4cb9371a674289a3bfb9cac4831629c0461a117814abe8343376,unique-2072,train
FOR AIIC SUBMISSION/Inventory_Photos/Craft_Materials_STEM_Kits/C012_pipe cleaner/C012_PIPE CLEANER_C012_34.JPG,C012,c42eae4fda950f84ad7ed314d676596a09ca6cf198404fe1ddea3289b9e52c93,unique-2073,train
FOR AIIC SUBMISSION/Inventory_Photos/Craft_Materials_STEM_Kits/C009_popsicle stick/C009_POPSICLE STICK_C009_25.HEIC,C009,01dd4526385148614fd7e3dae81fef9317ad77a8bf8093c62033f0eee2381066,unique-2074,train
FOR AIIC SUBMISSION/Inventory_Photos/Craft_Materials_STEM_Kits/C009_popsicle stick/C009_POPSICLE STICK_C009_17.HEIC,C009,a5e9fc6cb1c61ddf14043c27128204fd4c524a12121247125639d3982964a022,unique-2075,train
FOR AIIC SUBMISSION/Inventory_Photos/Craft_Materials_STEM_Kits/C012_pipe cleaner/C012_PIPE CLEANER_C012_15.JPG,C012,e67a8a90fa8244c0a54aa937aaa9128caef3952c19ff7cc0736e70ae5b80e5d2,unique-2076,train
FOR AIIC SUBMISSION/Inventory_Photos/Electronics_Robotics/E014_Lilypad Coin Cell Battery Holder/IMG_2275.jpeg,E014,9501af6b08135e45e066a2e57af2a2c46ad16499f8316c330285ecf6ecbf09d8,dup-0105,train
FOR AIIC SUBMISSION/Inventory_Photos/Craft_Materials_STEM_Kits/C014_A4 colored paper/C014_A4 COLORED PAPER_C014_07.JPG,C014,74d578d6d6ab9a6758d8f21e14bdf6c9b76583fda1eeca0fa09123c9e597f1f3,unique-2078,train
FOR AIIC SUBMISSION/Inventory_Photos/Craft_Materials_STEM_Kits/C009_popsicle stick/C009_POPSICLE STICK_C009_27.HEIC,C009,3b19c5d7030f031c350bdb192852d9b21fdef219ab46b285e54e30774bc80583,unique-2079,train
FOR AIIC SUBMISSION/Inventory_Photos/Craft_Materials_STEM_Kits/C014_A4 colored paper/C014_A4 COLORED PAPER_C014_10.JPG,C014,57ba7f5cf6dc828ad0795900a79826bcdb764ed152135ac3fb0b7967274cdd4e,unique-2080,train
FOR AIIC SUBMISSION/Inventory_Photos/Craft_Materials_STEM_Kits/C014_A4 colored paper/C014_A4 COLORED PAPER_C014_12.JPG,C014,d4a7af7f81f440347322a4a087c75b0a172e1dc52ee5c104fb39da376da9f16c,unique-2081,train
FOR AIIC SUBMISSION/Inventory_Photos/Craft_Materials_STEM_Kits/C012_pipe cleaner/C012_PIPE CLEANER_C012_12.JPG,C012,394b4cd5b0bf971e2b3542a86a4e8305da340dfa036af53f80160c132a434d7f,unique-2082,validation
FOR AIIC SUBMISSION/Inventory_Photos/Craft_Materials_STEM_Kits/C012_pipe cleaner/C012_PIPE CLEANER_C012_24.JPG,C012,be14d64a8d06dfc1b97bebc8497b77cf935e572b5f304f961cc8ecffaad3cab5,unique-2083,train
FOR AIIC SUBMISSION/Inventory_Photos/Craft_Materials_STEM_Kits/C009_popsicle stick/C009_POPSICLE STICK_C009_14.HEIC,C009,504c706bf0b7a3c0de52939a4ca42c3bcb56226ab917b0c2bdd22be2fedd0ec0,unique-2084,train
FOR AIIC SUBMISSION/Inventory_Photos/Craft_Materials_STEM_Kits/C009_popsicle stick/C009_POPSICLE STICK_C009_04.HEIC,C009,0fa10c9934063cb7124a8d4eeed39b3098e5b774ced8fdca796849efe1354ca5,unique-2085,validation
FOR AIIC SUBMISSION/Inventory_Photos/Craft_Materials_STEM_Kits/C012_pipe cleaner/C012_PIPE CLEANER_C012_35.JPG,C012,e4513a0588f6037679eec3c5c486f10b3c636b0446e4042800bbf3e502a9fe73,unique-2086,test
FOR AIIC SUBMISSION/Inventory_Photos/Craft_Materials_STEM_Kits/C009_popsicle stick/C009_POPSICLE STICK_C009_10.HEIC,C009,b85b9d3270b67368ba30d0d03dc9c442a2797950e4756ce8d13cffc7388fe6d5,unique-2087,train
FOR AIIC SUBMISSION/Inventory_Photos/Craft_Materials_STEM_Kits/C012_pipe cleaner/C012_PIPE CLEANER_C012_28.JPG,C012,eedfe863498994a3883e596b74e9980d7a2554a0f625680383790ae4dc949d95,unique-2088,test
FOR AIIC SUBMISSION/Inventory_Photos/Craft_Materials_STEM_Kits/C014_A4 colored paper/C014_A4 COLORED PAPER_C014_20.JPG,C014,93c01f13059405b5fac7342f9cb56a656064c70e676b09539cee038df5a6a648,unique-2089,train
FOR AIIC SUBMISSION/Inventory_Photos/Craft_Materials_STEM_Kits/C009_popsicle stick/C009_POPSICLE STICK_C009_06.HEIC,C009,704302f12d79011b6bccbb45f4e5cda533573a947bfe62e26372da42e406393c,unique-2090,train
FOR AIIC SUBMISSION/Inventory_Photos/Craft_Materials_STEM_Kits/C009_popsicle stick/C009_POPSICLE STICK_C009_19.HEIC,C009,67efdbaa154e59558d7a520355614ff146e78834f955b42a577cadb6f0a8eaaa,unique-2091,train
FOR AIIC SUBMISSION/Inventory_Photos/Craft_Materials_STEM_Kits/C006_air clay/C006_AIR CLAY_C006_23.HEIC,C006,dce67ab1f6ec0a60364ea36f1bd363c2dbedcfc2b5bbc9ddb95a2c1d64d144ef,unique-2092,train
FOR AIIC SUBMISSION/Inventory_Photos/Craft_Materials_STEM_Kits/C012_pipe cleaner/C012_PIPE CLEANER_C012_01.JPG,C012,4219256e30d262812f30d172a120601c22964cdcaedf89ce74b7a830be21b58a,unique-2093,train
FOR AIIC SUBMISSION/Inventory_Photos/Craft_Materials_STEM_Kits/C018_glue gun stick/C018_GLUE GUN STICK_C018_18.JPG,C019,04902a7fbc26602d0d45adb4cfa580eddcadcca44f5aac5be059b120d0ce8008,unique-2094,train
FOR AIIC SUBMISSION/Inventory_Photos/Craft_Materials_STEM_Kits/C012_pipe cleaner/C012_PIPE CLEANER_C012_27.JPG,C012,4b27567a616e474d68f76f657492b0579917863681e148a14383c863f181cf25,unique-2095,train
FOR AIIC SUBMISSION/Inventory_Photos/Craft_Materials_STEM_Kits/C012_pipe cleaner/C012_PIPE CLEANER_C012_13.JPG,C012,84ffd9b4b35f0711e95496996a77ff4b84ef1c97cd178522a2166ed0f0b671a7,unique-2096,validation
FOR AIIC SUBMISSION/Inventory_Photos/Craft_Materials_STEM_Kits/C012_pipe cleaner/C012_PIPE CLEANER_C012_31.JPG,C012,2c6d83dc62e43a321dc167d2b5d1e0f0e19e447898bd4c08544bb01d2a70e8a2,unique-2097,train
FOR AIIC SUBMISSION/Inventory_Photos/Craft_Materials_STEM_Kits/C014_A4 colored paper/C014_A4 COLORED PAPER_C014_05.JPG,C014,6615eecab3a34d9a2bbf5c821c01220c879331fc1f5bd200f4863e32b3c7b8dd,unique-2098,validation
FOR AIIC SUBMISSION/Inventory_Photos/Craft_Materials_STEM_Kits/C012_pipe cleaner/C012_PIPE CLEANER_C012_03.JPG,C012,56408c3605ff4b9c7b58b43bfb6e1c6e7139d7332e6a055786eb88eaf612e162,unique-2099,train
FOR AIIC SUBMISSION/Inventory_Photos/Craft_Materials_STEM_Kits/C012_pipe cleaner/C012_PIPE CLEANER_C012_10.JPG,C012,2766663ff7a1c4f344ef82d666c4f854a4ba8987475681a50e92d7fd1c88dec9,unique-2100,train
FOR AIIC SUBMISSION/Inventory_Photos/Craft_Materials_STEM_Kits/C012_pipe cleaner/C012_PIPE CLEANER_C012_41.JPG,C012,f5d65f1cffd5f07955557e3f288ed48a36e6a74e84261c8f7c93d47e4d4cfbe1,unique-2101,train
FOR AIIC SUBMISSION/Inventory_Photos/Craft_Materials_STEM_Kits/C006_air clay/C006_AIR CLAY_C006_11.HEIC,C006,446707cf847a77a349b9199de516167e128fc20b142735ff7e0d4a571ab26396,unique-2102,validation
FOR AIIC SUBMISSION/Inventory_Photos/Craft_Materials_STEM_Kits/C002_paper cup/C002_PAPER CUP_C002_29.HEIC,C002,2c7a2e34664dbc360f6962bafb5b2dbc2f7f410b5893f9fea9f6c44b7dbdc658,unique-2103,train
FOR AIIC SUBMISSION/Inventory_Photos/Craft_Materials_STEM_Kits/C006_air clay/C006_AIR CLAY_C006_22.HEIC,C006,7ca7adbd93ef50add98ebd2f98b0cdac446759f4aace9e5a2ba88cb8d8b20117,unique-2104,train
FOR AIIC SUBMISSION/Inventory_Photos/Craft_Materials_STEM_Kits/C009_popsicle stick/C009_POPSICLE STICK_C009_05.HEIC,C009,e67f4a19ebf575aff9e3acc0196ba6f6ef92cdc7715252a5303794bc5399aa88,unique-2105,test
FOR AIIC SUBMISSION/Inventory_Photos/Craft_Materials_STEM_Kits/C012_pipe cleaner/C012_PIPE CLEANER_C012_25.JPG,C012,538def179a8a2d4620a8e3be2a4aff92065096e6e41a23bf24faf9e80501ecba,unique-2106,train
FOR AIIC SUBMISSION/Inventory_Photos/Craft_Materials_STEM_Kits/C012_pipe cleaner/C012_PIPE CLEANER_C012_36.JPG,C012,d53e090e55c48234fd62f4fd54c15e9ae92b32b92732f7bd3ba8093c6fdbba3d,unique-2107,train
FOR AIIC SUBMISSION/Inventory_Photos/Craft_Materials_STEM_Kits/C012_pipe cleaner/C012_PIPE CLEANER_C012_05.JPG,C012,2876e8f0ea764d0b9ae9c3d1054eefa1e899c723e4d6c83735b6aad7ec76e5dc,unique-2108,train
FOR AIIC SUBMISSION/Inventory_Photos/Craft_Materials_STEM_Kits/C006_air clay/C006_AIR CLAY_C006_16.HEIC,C006,63104e2be2faf4155b56b8abaa9bc4b1249fe054511053bc9a1e9bee6ffa3630,unique-2109,validation
FOR AIIC SUBMISSION/Inventory_Photos/Craft_Materials_STEM_Kits/C012_pipe cleaner/C012_PIPE CLEANER_C012_26.JPG,C012,c527f6a8693230037af335a380e33d536f97809aa5d323fa38669ae048f17707,unique-2110,validation
FOR AIIC SUBMISSION/Inventory_Photos/Craft_Materials_STEM_Kits/C012_pipe cleaner/C012_PIPE CLEANER_C012_30.JPG,C012,eaeefb7005c302914705a875607a8cbe4e47d7c815fb4db808344ecdc7baaf05,unique-2111,test
FOR AIIC SUBMISSION/Inventory_Photos/Craft_Materials_STEM_Kits/C014_A4 colored paper/C014_A4 COLORED PAPER_C014_04.JPG,C014,593c696c79a08ee845ab87b5480ab2dc8b8a9b47249aee9bc183b7e604b094c0,unique-2112,validation
FOR AIIC SUBMISSION/Inventory_Photos/Electronics_Robotics/E005_Gas Sensor MQ6/IMG_6045.HEIC,E005,a4fb6637d1679363b788d76612a53ec7e9775a086c75423c39d2dc900af2a2bc,unique-2113,train
FOR AIIC SUBMISSION/Inventory_Photos/Craft_Materials_STEM_Kits/C006_air clay/C006_AIR CLAY_C006_18.HEIC,C006,c46e91fa023c008463193028c1ebfb68942a8a0cc737fa24a454356805648efc,unique-2114,train
FOR AIIC SUBMISSION/Inventory_Photos/Craft_Materials_STEM_Kits/C006_air clay/C006_AIR CLAY_C006_09.HEIC,C006,110fb3e831732f176cded1b79500841d9c38fb322b73f4c91b89989e93827ac7,unique-2115,validation
FOR AIIC SUBMISSION/Inventory_Photos/Craft_Materials_STEM_Kits/C006_air clay/C006_AIR CLAY_C006_02.HEIC,C006,e8150caf8bb1570d7b0c70a5f709aeaa845dce3ba2d254eeb3230faea9af3ad2,unique-2116,validation
FOR AIIC SUBMISSION/Inventory_Photos/Craft_Materials_STEM_Kits/C012_pipe cleaner/C012_PIPE CLEANER_C012_11.JPG,C012,4c1bdab5b964d7c9cc70f330a9c68525be07bc0da3d9e9d08ec305c21d3f840c,unique-2117,validation
FOR AIIC SUBMISSION/Inventory_Photos/Craft_Materials_STEM_Kits/C012_pipe cleaner/C012_PIPE CLEANER_C012_20.JPG,C012,74cb49b4ea117e406e04f00f13fe1f41f611257368de978d75007aaaa9ec141e,unique-2118,validation
FOR AIIC SUBMISSION/Inventory_Photos/Craft_Materials_STEM_Kits/C012_pipe cleaner/C012_PIPE CLEANER_C012_29.JPG,C012,256f1ef265db589815a40171acd996ff099841ed4b8d22e4995802e61d12f8b5,unique-2119,train
FOR AIIC SUBMISSION/Inventory_Photos/Craft_Materials_STEM_Kits/C012_pipe cleaner/C012_PIPE CLEANER_C012_16.JPG,C012,5517d84632dc24b3da395e91079f6aa882cf55080b03eacae335b80ef02710dd,unique-2120,train
FOR AIIC SUBMISSION/Inventory_Photos/Craft_Materials_STEM_Kits/C006_air clay/C006_AIR CLAY_C006_19.HEIC,C006,a232ad4340b54340bf6b6e2fc471e3e16b2e1fa223d0865cad47daae70c567c8,unique-2121,train
FOR AIIC SUBMISSION/Inventory_Photos/Craft_Materials_STEM_Kits/C012_pipe cleaner/C012_PIPE CLEANER_C012_17.JPG,C012,c7944dab455745980de84009dc3581fd54cc3b48375efb76c8dd97993b9edf4d,unique-2122,train
FOR AIIC SUBMISSION/Inventory_Photos/Craft_Materials_STEM_Kits/C014_A4 colored paper/C014_A4 COLORED PAPER_C014_17.JPG,C014,337ab46e454085f8ea8d75fce455d49fea2f4027ed38a5718c854da4e580c262,unique-2123,train
FOR AIIC SUBMISSION/Inventory_Photos/Craft_Materials_STEM_Kits/C008_acrylic table label/C008_ACRYLIC TABLE LABEL_C008_19.HEIC,C008,b6fe1abed8fec8689dd5ea2ba1b2a741bd0746ae8f5fe57df4c09a222e91d813,unique-2124,train
FOR AIIC SUBMISSION/Inventory_Photos/Craft_Materials_STEM_Kits/C006_air clay/C006_AIR CLAY_C006_01.HEIC,C006,a7316001a5b24bc29ac7be182d8d04d8175ecaf73b140ec0603de12205addcba,unique-2125,train
FOR AIIC SUBMISSION/Inventory_Photos/Craft_Materials_STEM_Kits/C006_air clay/C006_AIR CLAY_C006_12.HEIC,C006,9005f214c8a1a07d19e3de9e3af6816254140415c9640ecbf12e8223ddf3aad5,unique-2126,train
FOR AIIC SUBMISSION/Inventory_Photos/Craft_Materials_STEM_Kits/C009_popsicle stick/C009_POPSICLE STICK_C009_21.HEIC,C009,8947d6a43b0d8d47bde8f0464d1041d8de0239817704b745358ac827140074e4,unique-2127,train
FOR AIIC SUBMISSION/Inventory_Photos/Craft_Materials_STEM_Kits/C006_air clay/C006_AIR CLAY_C006_17.HEIC,C006,262bc74c2a1982d53bd2386aaeebe8f2f25665d58f08ac11bb1d83eee696eadd,unique-2128,test
FOR AIIC SUBMISSION/Inventory_Photos/Craft_Materials_STEM_Kits/C012_pipe cleaner/C012_PIPE CLEANER_C012_33.JPG,C012,954cf3cbf8055b231bd235ab307dece444fdbeb3c7ca344e421c5ab8bf75f98b,unique-2129,test
FOR AIIC SUBMISSION/Inventory_Photos/Craft_Materials_STEM_Kits/C006_air clay/C006_AIR CLAY_C006_21.HEIC,C006,0f15f2618bfba66ff3ed8b5a168db6520b21a2bf46ed508252db23cb45b9e331,unique-2130,train
FOR AIIC SUBMISSION/Inventory_Photos/Craft_Materials_STEM_Kits/C008_acrylic table label/C008_ACRYLIC TABLE LABEL_C008_17.HEIC,C008,eb3de1c80d70cb84c05d85b54fd396c2ce4dc49c96be57ee38dce75ba24c340f,unique-2131,validation
FOR AIIC SUBMISSION/Inventory_Photos/Craft_Materials_STEM_Kits/C008_acrylic table label/C008_ACRYLIC TABLE LABEL_C008_08.HEIC,C008,21e886580f765ed6a7dc3971bc651a32eca18f34c224034731ba0073f186dee1,unique-2132,train
FOR AIIC SUBMISSION/Inventory_Photos/Craft_Materials_STEM_Kits/C004_needle/C004_NEEDLE_C004_27.HEIC,C004,4176e6e656251b0e1d801c9104e63fd038db35889cd41e9a7bea7adfeb9d01b7,unique-2133,train
FOR AIIC SUBMISSION/Inventory_Photos/Craft_Materials_STEM_Kits/C009_popsicle stick/C009_POPSICLE STICK_C009_24.HEIC,C009,66abe93e1a0fd334ddc283a40add5060108feb8c92a1160866bd8470dbb2281b,unique-2134,train
FOR AIIC SUBMISSION/Inventory_Photos/Craft_Materials_STEM_Kits/C012_pipe cleaner/C012_PIPE CLEANER_C012_14.JPG,C012,e0bf023227a1cae8ebc6fe707dd832306644e7474f709b5acc6782492cf376cd,unique-2135,test
FOR AIIC SUBMISSION/Inventory_Photos/Craft_Materials_STEM_Kits/C008_acrylic table label/C008_ACRYLIC TABLE LABEL_C008_06.HEIC,C008,847dc56bfe089c21aa2a1d62277557d6e20a85ba3f24e317f895190a279645c1,unique-2136,train
FOR AIIC SUBMISSION/Inventory_Photos/Electronics_Robotics/E005_Gas Sensor MQ6/IMG_2279.jpeg,E005,f1ff0aa6c1811c1a889379d9dfc5a3879c62a086e99ee2f1ae54159731809801,dup-0112,train
FOR AIIC SUBMISSION/Inventory_Photos/Craft_Materials_STEM_Kits/C006_air clay/C006_AIR CLAY_C006_06.HEIC,C006,e5a6ca5515269367faf4064da0a10e52791ee59837e68420eb6dd022800ce7e8,unique-2138,test
FOR AIIC SUBMISSION/Inventory_Photos/Craft_Materials_STEM_Kits/C008_acrylic table label/C008_ACRYLIC TABLE LABEL_C008_21.HEIC,C008,16b01de1768aae03d3ece026022447fea46af547d86a7831e8653c5e0caf1a27,unique-2139,train
FOR AIIC SUBMISSION/Inventory_Photos/Craft_Materials_STEM_Kits/C012_pipe cleaner/C012_PIPE CLEANER_C012_19.JPG,C012,0d9440078798048cfa1c51c872eaaaa38cc54e15bd25e612370729ac7b34a7a6,unique-2140,test
FOR AIIC SUBMISSION/Inventory_Photos/Craft_Materials_STEM_Kits/C012_pipe cleaner/C012_PIPE CLEANER_C012_39.JPG,C012,ebcee563c1548294bf6a0f209850d31c57ef45724b1b5f531a4a9f15836d1cf2,unique-2141,test
FOR AIIC SUBMISSION/Inventory_Photos/Craft_Materials_STEM_Kits/C004_needle/C004_NEEDLE_C004_29.HEIC,C004,52ba6956459a63440a0b0e5348ddc0a84a2c42be6aebb7f9d00ac86e93125e88,unique-2142,train
FOR AIIC SUBMISSION/Inventory_Photos/Craft_Materials_STEM_Kits/C004_needle/C004_NEEDLE_C004_26.HEIC,C004,7bc7327e181a6b251f14d62c619f58a5c62d572fb470c8328ee1873cd36e0a62,unique-2143,train
FOR AIIC SUBMISSION/Inventory_Photos/Craft_Materials_STEM_Kits/C012_pipe cleaner/C012_PIPE CLEANER_C012_32.JPG,C012,82bcacff70167a7954c479e2a4a24ef166bcaa67d91041eb42e389cd033c87ea,unique-2144,test
FOR AIIC SUBMISSION/Inventory_Photos/Craft_Materials_STEM_Kits/C012_pipe cleaner/C012_PIPE CLEANER_C012_07.JPG,C012,ec85766733800bda17e8fbe36871467b8d363414584698f751cb271dcaf1f937,unique-2145,train
FOR AIIC SUBMISSION/Inventory_Photos/Craft_Materials_STEM_Kits/C006_air clay/C006_AIR CLAY_C006_14.HEIC,C006,98d374bf69097226be404d5af8f5292fd2a5fea4a227f30ae87c56863029cb82,unique-2146,train
FOR AIIC SUBMISSION/Inventory_Photos/Craft_Materials_STEM_Kits/C006_air clay/C006_AIR CLAY_C006_10.HEIC,C006,c827094983c71c04324adc2c5d68ea69cd822068d582b0c4690f7b9709082053,unique-2147,train
FOR AIIC SUBMISSION/Inventory_Photos/Craft_Materials_STEM_Kits/C006_air clay/C006_AIR CLAY_C006_20.HEIC,C006,339e526689a65f31d9a867249449f264087b35305fb963a9949a14c570f1cabd,unique-2148,validation
FOR AIIC SUBMISSION/Inventory_Photos/Craft_Materials_STEM_Kits/C008_acrylic table label/C008_ACRYLIC TABLE LABEL_C008_01.HEIC,C008,64ed2a85f53f81fcfe3ef7178ae5b242a2ed9cdaad2149e97cd0dc1a38945807,unique-2149,train
FOR AIIC SUBMISSION/Inventory_Photos/Craft_Materials_STEM_Kits/C009_popsicle stick/C009_POPSICLE STICK_C009_12.HEIC,C009,2412b5fab47213c813a1dbfd5b84069dcff53a5a5f72fbdbaa13c2ccc520e0a2,unique-2150,validation
FOR AIIC SUBMISSION/Inventory_Photos/Craft_Materials_STEM_Kits/C004_needle/C004_NEEDLE_C004_21.HEIC,C004,c42afb84b461f399a1d60016f1da1d6542410edbaecc0c9126e2b9f47aadc4e8,unique-2151,train
FOR AIIC SUBMISSION/Inventory_Photos/Craft_Materials_STEM_Kits/C004_needle/C004_NEEDLE_C004_25.HEIC,C004,20b5b27d63585a726e73d0c76badaf9d44e9ac60a169ad8345f4e78c43757e67,unique-2152,test
FOR AIIC SUBMISSION/Inventory_Photos/Craft_Materials_STEM_Kits/C006_air clay/C006_AIR CLAY_C006_13.HEIC,C006,986c3d803d657524f5de1a832360fd5f6d03eaf778ef9538bbcd2e7465082e2e,unique-2153,train
FOR AIIC SUBMISSION/Inventory_Photos/Craft_Materials_STEM_Kits/C008_acrylic table label/C008_ACRYLIC TABLE LABEL_C008_03.HEIC,C008,6a3055caea41ede6f876d5c56edfb7164c92c60434913f675ac898cc68564929,unique-2154,train
FOR AIIC SUBMISSION/Inventory_Photos/Craft_Materials_STEM_Kits/C012_pipe cleaner/C012_PIPE CLEANER_C012_06.JPG,C012,716a9e175153214565560764e0c416605b3d45ae0552f8b107bf116932ca9a79,unique-2155,train
FOR AIIC SUBMISSION/Inventory_Photos/Craft_Materials_STEM_Kits/C004_needle/C004_NEEDLE_C004_28.HEIC,C004,4bb29ebc089a9701d71f2d180a6743d5063fcfb81fdbeae2e800f7b75820b4fb,unique-2156,train
FOR AIIC SUBMISSION/Inventory_Photos/Craft_Materials_STEM_Kits/C009_popsicle stick/C009_POPSICLE STICK_C009_11.HEIC,C009,04c27f3cc6c0d65950c2ca5543ecb824a275b803705cc6d6f460404b8c1a38cb,unique-2157,test
FOR AIIC SUBMISSION/Inventory_Photos/Craft_Materials_STEM_Kits/C004_needle/C004_NEEDLE_C004_16.HEIC,C004,a30e8d656ec5584c291dd20619ceae48f6b83fd965562861365d1ff736c0ada8,unique-2158,train
FOR AIIC SUBMISSION/Inventory_Photos/Craft_Materials_STEM_Kits/C006_air clay/C006_AIR CLAY_C006_04.HEIC,C006,430645d5645e53e4233a98230ae0c63de3346ac4ae2d0e86f60f60da601be167,unique-2159,train
FOR AIIC SUBMISSION/Inventory_Photos/Craft_Materials_STEM_Kits/C009_popsicle stick/C009_POPSICLE STICK_C009_02.HEIC,C009,ffcd8fd6fb00f8a37431bd1822656664594ea52ee639195fe0360679b549b3b5,unique-2160,train
FOR AIIC SUBMISSION/Inventory_Photos/Craft_Materials_STEM_Kits/C008_acrylic table label/C008_ACRYLIC TABLE LABEL_C008_14.HEIC,C008,a553ce8ec54f69724bfdb7a455d21f8f4baeeb0d2c844b10b07ba73fb73a2ed6,unique-2161,train
FOR AIIC SUBMISSION/Inventory_Photos/Craft_Materials_STEM_Kits/C006_air clay/C006_AIR CLAY_C006_07.HEIC,C006,17925d2b92990df74cee59e2ae88a069e2ab681133295133e2b589251df0592d,unique-2162,train
FOR AIIC SUBMISSION/Inventory_Photos/Craft_Materials_STEM_Kits/C008_acrylic table label/C008_ACRYLIC TABLE LABEL_C008_11.HEIC,C008,e2094059323ff99654e8e20cc8bab82a156adfb9519ccd4ecdcf641f8484463e,unique-2163,train
FOR AIIC SUBMISSION/Inventory_Photos/Craft_Materials_STEM_Kits/C004_needle/C004_NEEDLE_C004_06.HEIC,C004,4829732244ed4ce8d1382977b6a5481d13a26a9e0aabb859f5a9fcfac8de2823,unique-2164,train
FOR AIIC SUBMISSION/Inventory_Photos/Craft_Materials_STEM_Kits/C009_popsicle stick/C009_POPSICLE STICK_C009_08.HEIC,C009,2ef2821c11a24a2c784bdb54241d9b57be73791bd8c21b46ea2197b03f2d9a08,unique-2165,train
FOR AIIC SUBMISSION/Inventory_Photos/Craft_Materials_STEM_Kits/C004_needle/C004_NEEDLE_C004_12.HEIC,C004,1e4c36a19d0859e6df2edc8a209c2c2b23e626eb3eeabd052e6c93133930761e,unique-2166,train
FOR AIIC SUBMISSION/Inventory_Photos/Craft_Materials_STEM_Kits/C008_acrylic table label/C008_ACRYLIC TABLE LABEL_C008_04.HEIC,C008,8d4bff7491a7aa938d7e14138a516036c8671846a9db1af7806d1c9e916d726a,unique-2167,test
FOR AIIC SUBMISSION/Inventory_Photos/Craft_Materials_STEM_Kits/C004_needle/C004_NEEDLE_C004_17.HEIC,C004,950a7618b2c48ac0aa985a8a71714c8e00650a8e8ef534c2afd8907beb6901f5,unique-2168,train
FOR AIIC SUBMISSION/Inventory_Photos/Craft_Materials_STEM_Kits/C004_needle/C004_NEEDLE_C004_20.HEIC,C004,0ddd107a5c2549fea8be5b6ad3753addb0e0c1249e93d653895cca74a394eeeb,unique-2169,train
FOR AIIC SUBMISSION/Inventory_Photos/Craft_Materials_STEM_Kits/C012_pipe cleaner/C012_PIPE CLEANER_C012_23.JPG,C012,d7f23ff6a1571eca684b2cdbfc7bbc5ba65bf161de7a245089deb6123905d4e8,unique-2170,train
FOR AIIC SUBMISSION/Inventory_Photos/Craft_Materials_STEM_Kits/C004_needle/C004_NEEDLE_C004_07.HEIC,C004,068d15cf501b14a2903cbb91396083ef5d2058ef87f08cba9833a74ea77e172c,unique-2171,train
FOR AIIC SUBMISSION/Inventory_Photos/Craft_Materials_STEM_Kits/C008_acrylic table label/C008_ACRYLIC TABLE LABEL_C008_13.HEIC,C008,a58e125642b3760c9a81344a223ec4bc29bb379fa0eeb8b2dc6a12a6e75f75a7,unique-2172,train
FOR AIIC SUBMISSION/Inventory_Photos/Craft_Materials_STEM_Kits/C008_acrylic table label/C008_ACRYLIC TABLE LABEL_C008_18.HEIC,C008,885e46340ab10f9586da4913e732a660dfa88202a9a36640643ad70c65215711,unique-2173,train
FOR AIIC SUBMISSION/Inventory_Photos/Craft_Materials_STEM_Kits/C012_pipe cleaner/C012_PIPE CLEANER_C012_04.JPG,C012,b6653f53cec86a1fac0893048afed1f3404cc55d58c61165a7b8a23c845ce804,unique-2174,train
FOR AIIC SUBMISSION/Inventory_Photos/Craft_Materials_STEM_Kits/C004_needle/C004_NEEDLE_C004_01.HEIC,C004,f7ae0403726d04d817e7a794861e31cd5cf00f50032e8aa8033c4bb236c16e59,unique-2175,train
FOR AIIC SUBMISSION/Inventory_Photos/Craft_Materials_STEM_Kits/C004_needle/C004_NEEDLE_C004_30.HEIC,C004,a89585efaf5028015c28601a6635a316473440ac77b9da01df388ce9d13be80d,unique-2176,train
FOR AIIC SUBMISSION/Inventory_Photos/Craft_Materials_STEM_Kits/C004_needle/C004_NEEDLE_C004_02.HEIC,C004,97c974f7a8cc43e2baf763c22c8e17012d68c5b485a074971c3a745d2b4d9ece,unique-2177,train
FOR AIIC SUBMISSION/Inventory_Photos/Craft_Materials_STEM_Kits/C009_popsicle stick/C009_POPSICLE STICK_C009_01.HEIC,C009,991245cea9527e4ea2c8f5e9e662ac5b0771d6072f6c8bffdc11a551f5da597d,unique-2178,validation
FOR AIIC SUBMISSION/Inventory_Photos/Craft_Materials_STEM_Kits/C008_acrylic table label/C008_ACRYLIC TABLE LABEL_C008_20.HEIC,C008,12d95916906ea8ed37a76ba4a957c2043a5f8d25e757157a14442a88e50d3f01,unique-2179,validation
FOR AIIC SUBMISSION/Inventory_Photos/Craft_Materials_STEM_Kits/C004_needle/C004_NEEDLE_C004_23.HEIC,C004,2f078d89f3b09eff29fb02a67f3647461b1645903065ff0ab9a85e76a0d0ba75,unique-2180,train
FOR AIIC SUBMISSION/Inventory_Photos/Craft_Materials_STEM_Kits/C008_acrylic table label/C008_ACRYLIC TABLE LABEL_C008_05.HEIC,C008,eb0ae5b6ce8a70c5b22b72021ffa91e0847652160261752167aca3dae9c3d00c,unique-2181,test
FOR AIIC SUBMISSION/Inventory_Photos/Craft_Materials_STEM_Kits/C007_acrylic standee A4 landscape-portrait /C007_ACRYLIC STANDEE LANDSCAPE_PORTRAIT_C007_04.HEIC,C007,f0544cc689c48441f3bfaa2f93b8d570d1a4e6b2a1bba1f19b7b0c13faa89d08,unique-2182,test
FOR AIIC SUBMISSION/Inventory_Photos/Craft_Materials_STEM_Kits/C006_air clay/C006_AIR CLAY_C006_03.HEIC,C006,4a8565d7af3eb85a915353a49f6d066255366d405ec5184111ed2570763f8ee8,unique-2183,train
FOR AIIC SUBMISSION/Inventory_Photos/Craft_Materials_STEM_Kits/C007_acrylic standee A4 landscape-portrait /C007_ACRYLIC STANDEE LANDSCAPE_PORTRAIT_C007_05.HEIC,C007,8da4e2d4ab7c06324d74704008a735f3d19793409b0cf78d2dd5ae35318930b8,unique-2184,train
FOR AIIC SUBMISSION/Inventory_Photos/Craft_Materials_STEM_Kits/C013_pom pom/C013_POM POM_C013_22.JPG,C013,87eac42a843d6e141b5b01b7f4748840121a30d0ab857753aeee7765ae35367b,unique-2185,train
FOR AIIC SUBMISSION/Inventory_Photos/Craft_Materials_STEM_Kits/C007_acrylic standee A4 landscape-portrait /C007_ACRYLIC STANDEE LANDSCAPE_PORTRAIT_C007_08.HEIC,C007,cfbe43a8f6794fd6f3dcad1b9aca215ff8988f93c82d4df68ac0d6f0fa6a9869,unique-2186,test
FOR AIIC SUBMISSION/Inventory_Photos/Craft_Materials_STEM_Kits/C007_acrylic standee A4 landscape-portrait /C007_ACRYLIC STANDEE LANDSCAPE_PORTRAIT_C007_25.HEIC,C007,f9fffc05f672b38e7dda2dd37959dcc194455420f4c304b25fa31835c0b9ff2e,unique-2187,train
FOR AIIC SUBMISSION/Inventory_Photos/Craft_Materials_STEM_Kits/C013_pom pom/C013_POM POM_C013_15.JPG,C013,25a2da0d6eb04aa6795fa2fd389f1c852e1dca3d7ec1585749906ce74a6b1758,unique-2188,train
FOR AIIC SUBMISSION/Inventory_Photos/Craft_Materials_STEM_Kits/C007_acrylic standee A4 landscape-portrait /C007_ACRYLIC STANDEE LANDSCAPE_PORTRAIT_C007_03.HEIC,C007,f300cb26cbaf2805d069f2b1da37e28c76187c9e7f86734a2867313baed74ccc,unique-2189,train
FOR AIIC SUBMISSION/Inventory_Photos/Craft_Materials_STEM_Kits/C004_needle/C004_NEEDLE_C004_18.HEIC,C004,5a1f9aa461a05e9e6015450579de70b747fa9171773c1cab2291a8d24067fe5f,unique-2190,train
FOR AIIC SUBMISSION/Inventory_Photos/Craft_Materials_STEM_Kits/C007_acrylic standee A4 landscape-portrait /C007_ACRYLIC STANDEE LANDSCAPE_PORTRAIT_C007_07.HEIC,C007,06530a0ef910acc5cc98ad19aa9c6fd63d21a91f7c1f1818426f06c340aca1ba,unique-2191,train
FOR AIIC SUBMISSION/Inventory_Photos/Craft_Materials_STEM_Kits/C007_acrylic standee A4 landscape-portrait /C007_ACRYLIC STANDEE LANDSCAPE_PORTRAIT_C007_13.HEIC,C007,8627f8ca00124eef61299f20926d0f6e12c48040a21be25111e3c26510b26b5f,unique-2192,train
FOR AIIC SUBMISSION/Inventory_Photos/Craft_Materials_STEM_Kits/C013_pom pom/C013_POM POM_C013_21.JPG,C013,cc2afaa2648fafc800a139a308e861a69c0f7055a5149346d9dc4fe3f690fa9c,unique-2193,train
FOR AIIC SUBMISSION/Inventory_Photos/Craft_Materials_STEM_Kits/C004_needle/C004_NEEDLE_C004_15.HEIC,C004,5a010bdb329805823817d013804837716a67c6b4652a5503163c1ebb6bbfb199,unique-2194,train
FOR AIIC SUBMISSION/Inventory_Photos/Craft_Materials_STEM_Kits/C006_air clay/C006_AIR CLAY_C006_08.HEIC,C006,ad888e8d359077e10e6a65a58d55fdd0a09c85b21a34422084205b5c27387d8a,unique-2195,train
FOR AIIC SUBMISSION/Inventory_Photos/Craft_Materials_STEM_Kits/C012_pipe cleaner/C012_PIPE CLEANER_C012_18.JPG,C012,163a7af5e619c7fe9c1b55ee5a179141184aebcba57ca5e375bcef956afc6aa9,unique-2196,validation
FOR AIIC SUBMISSION/Inventory_Photos/Craft_Materials_STEM_Kits/C004_needle/C004_NEEDLE_C004_19.HEIC,C004,0b53a3ff99106c30654cc076d9d8b5ea76ca70fdb8a0f7a3f8f2f624ba47719a,unique-2197,validation
FOR AIIC SUBMISSION/Inventory_Photos/Craft_Materials_STEM_Kits/C013_pom pom/C013_POM POM_C013_24.JPG,C013,189d16d06742e93789109da306de4ddb01a12a3c85cfa824a192d4abd2826583,unique-2198,train
FOR AIIC SUBMISSION/Inventory_Photos/Craft_Materials_STEM_Kits/C013_pom pom/C013_POM POM_C013_01.JPG,C013,23297dda26ef2f44c9de8c3187b654653cac3aa096eed85d05a73c63b899f979,dup-0100,train
FOR AIIC SUBMISSION/Inventory_Photos/Craft_Materials_STEM_Kits/C013_pom pom/C013_POM POM_C013_09.JPG,C013,7e24d3da51fecd81f650590e0ab0b26f29864b3a7348c4921ba08c9e37e1b1e1,unique-2200,validation
FOR AIIC SUBMISSION/Inventory_Photos/Craft_Materials_STEM_Kits/C012_pipe cleaner/C012_PIPE CLEANER_C012_08.JPG,C012,c27837d947d1f9f40e6ec75dcf25924a35fbd5d46f8c46084c5c75ebb84ec88a,unique-2201,test
FOR AIIC SUBMISSION/Inventory_Photos/Craft_Materials_STEM_Kits/C004_needle/C004_NEEDLE_C004_13.HEIC,C004,cf8634a4cb2f6188889c1bc6975b1ee10c596bd3c77e71b5e428e32a5c45586b,unique-2202,train
FOR AIIC SUBMISSION/Inventory_Photos/Craft_Materials_STEM_Kits/C013_pom pom/C013_POM POM_C013_06.JPG,C013,1a544f2c21b3dcb9b4098b9e452645d8320d1c7e4c0559a682e43a7109bce2e1,unique-2203,train
FOR AIIC SUBMISSION/Inventory_Photos/Craft_Materials_STEM_Kits/C004_needle/C004_NEEDLE_C004_10.HEIC,C004,70781ac388c0ba64e4d93a2ab20a251ddd57c5ff1c4c1284eb365a1fbc6eba00,unique-2204,test
FOR AIIC SUBMISSION/Inventory_Photos/Craft_Materials_STEM_Kits/C007_acrylic standee A4 landscape-portrait /C007_ACRYLIC STANDEE LANDSCAPE_PORTRAIT_C007_09.HEIC,C007,819e96e9a7330bb0e6f79ee67e06a7b83b51fb110107f07db3ac9f2c3e215655,unique-2205,test
FOR AIIC SUBMISSION/Inventory_Photos/Craft_Materials_STEM_Kits/C009_popsicle stick/C009_POPSICLE STICK_C009_07.HEIC,C009,585c8876e07bf41c2cb8ef236449c2f0d9462086803b6764f5604ef6af95c53c,unique-2206,train
FOR AIIC SUBMISSION/Inventory_Photos/Craft_Materials_STEM_Kits/C007_acrylic standee A4 landscape-portrait /C007_ACRYLIC STANDEE LANDSCAPE_PORTRAIT_C007_22.HEIC,C007,212e7b0e40823d961e32c7b171b9604723c5225a78e7e33674ec138cba3df69f,unique-2207,train
FOR AIIC SUBMISSION/Inventory_Photos/Craft_Materials_STEM_Kits/C007_acrylic standee A4 landscape-portrait /C007_ACRYLIC STANDEE LANDSCAPE_PORTRAIT_C007_20.HEIC,C007,870c4f046079d5d87e7514ba858a2361a89d181413b94de209f77b0cecd9362e,unique-2208,train
FOR AIIC SUBMISSION/Inventory_Photos/Craft_Materials_STEM_Kits/C012_pipe cleaner/C012_PIPE CLEANER_C012_09.JPG,C012,c72cda5bed1a230ce3c853adab9d19a2826c9b49f8d23054249af370620162cc,unique-2209,train
FOR AIIC SUBMISSION/Inventory_Photos/Craft_Materials_STEM_Kits/C007_acrylic standee A4 landscape-portrait /C007_ACRYLIC STANDEE LANDSCAPE_PORTRAIT_C007_21.HEIC,C007,8edc3978a80ffb7cbf8a4be6a206284463990a85e7e0a60601192d3942578924,unique-2210,train
FOR AIIC SUBMISSION/Inventory_Photos/Craft_Materials_STEM_Kits/C007_acrylic standee A4 landscape-portrait /C007_ACRYLIC STANDEE LANDSCAPE_PORTRAIT_C007_24.HEIC,C007,1dae4bebb4a39c3f6ece672bf288d5b55e966d44cdd4a18935342df0c14dd7a9,unique-2211,train
FOR AIIC SUBMISSION/Inventory_Photos/Craft_Materials_STEM_Kits/C004_needle/C004_NEEDLE_C004_05.HEIC,C004,a7756ceb7bb654b67187d59fc7d3490d37b58398e22b526daeeef152c2a54c2b,dup-0113,train
FOR AIIC SUBMISSION/Inventory_Photos/Craft_Materials_STEM_Kits/C007_acrylic standee A4 landscape-portrait /C007_ACRYLIC STANDEE LANDSCAPE_PORTRAIT_C007_23.HEIC,C007,8fe68aad7150839567b2365b25ba69b99fb44a7d9807a5d79c077f3eaf8ffc21,unique-2213,train
FOR AIIC SUBMISSION/Inventory_Photos/Craft_Materials_STEM_Kits/C007_acrylic standee A4 landscape-portrait /C007_ACRYLIC STANDEE LANDSCAPE_PORTRAIT_C007_06.HEIC,C007,c95d9695a406e4e17cb9ec84f7d59a39a73d561f55c6b2d5a284caaf8a5a245c,unique-2214,validation
FOR AIIC SUBMISSION/Inventory_Photos/Craft_Materials_STEM_Kits/C008_acrylic table label/C008_ACRYLIC TABLE LABEL_C008_02.HEIC,C008,2adcf85ec9b1f26961dfa509f2870f6c1f842be65bc133777693e0a6175504db,unique-2215,train
FOR AIIC SUBMISSION/Inventory_Photos/Craft_Materials_STEM_Kits/C013_pom pom/C013_POM POM_C013_20.JPG,C013,b8e608c57db6b9bcdaa5e85e176299333ab19ccc24e42091a85b5cf3d4425d08,unique-2216,train
FOR AIIC SUBMISSION/Inventory_Photos/Craft_Materials_STEM_Kits/C004_needle/C004_NEEDLE_C004_03.HEIC,C004,14f4de06b6503b4538f98b16590fd936c9a35a04fc865c25fd12f7fee91ef281,dup-0113,train
FOR AIIC SUBMISSION/Inventory_Photos/Craft_Materials_STEM_Kits/C013_pom pom/C013_POM POM_C013_02.JPG,C013,9cb66d323093fa193b750ba46cdc4afa022efb5fcf14a76f626edf858c0a298f,unique-2218,train
FOR AIIC SUBMISSION/Inventory_Photos/Craft_Materials_STEM_Kits/C013_pom pom/C013_POM POM_C013_05.JPG,C013,85c1244ef7d498304b5e9e0204ca7e78e45cd0cacb187c3468fedd80bf0c12ed,unique-2219,train
FOR AIIC SUBMISSION/Inventory_Photos/Craft_Materials_STEM_Kits/C007_acrylic standee A4 landscape-portrait /C007_ACRYLIC STANDEE LANDSCAPE_PORTRAIT_C007_17.HEIC,C007,daae08ec3171ff82accba26f379b596fdea973b986fddac630d791086786f20f,unique-2220,train
FOR AIIC SUBMISSION/Inventory_Photos/Craft_Materials_STEM_Kits/C013_pom pom/C013_POM POM_C013_27.JPG,C013,044fd52f5ca0a5f110154c6e814f365047e9f9edb852dd1b09e5ab6b55a75143,unique-2221,train
FOR AIIC SUBMISSION/Inventory_Photos/Craft_Materials_STEM_Kits/C013_pom pom/C013_POM POM_C013_07.JPG,C013,9373a34a1d38a1ec8c159e0ca26631cd20ef901d0014d9b5dd45837fabf0d65a,unique-2222,train
FOR AIIC SUBMISSION/Inventory_Photos/Craft_Materials_STEM_Kits/C004_needle/C004_NEEDLE_C004_08.HEIC,C004,7e5e7d4812afd03204149aa93521c9ad8e537ecd14d9ae551cb810c23a69bdf7,unique-2223,train
FOR AIIC SUBMISSION/Inventory_Photos/Craft_Materials_STEM_Kits/C006_air clay/C006_AIR CLAY_C006_15.HEIC,C006,3bd20742ed2e21c9188588b471fefdb77b4dcaa6e2fa16ba4808ec19de85a521,unique-2224,test
FOR AIIC SUBMISSION/Inventory_Photos/Craft_Materials_STEM_Kits/C007_acrylic standee A4 landscape-portrait /C007_ACRYLIC STANDEE LANDSCAPE_PORTRAIT_C007_14.HEIC,C007,b7b519b357cc49daaee892acd7a963604d16eae5219398a796caf41de50823a6,unique-2225,train
FOR AIIC SUBMISSION/Inventory_Photos/Craft_Materials_STEM_Kits/C005_yarn/C005_YARN_C005_51.HEIC,C005,f08b179730b570ab6d1ce34cf773f3a35083f4b3f9b2989e16327f44b78f8e1b,unique-2226,test
FOR AIIC SUBMISSION/Inventory_Photos/Craft_Materials_STEM_Kits/C007_acrylic standee A4 landscape-portrait /C007_ACRYLIC STANDEE LANDSCAPE_PORTRAIT_C007_10.HEIC,C007,2bde3e3cfd200f32082e37a7ea39a06cae8737efafb845f4dc330c3e1237ed3b,unique-2227,train
FOR AIIC SUBMISSION/Inventory_Photos/Craft_Materials_STEM_Kits/C013_pom pom/C013_POM POM_C013_19.JPG,C013,89d2493dd3b40ae57afe49da662e116ac6f8ef57952c4a129be942aa7fed12e7,unique-2228,test
FOR AIIC SUBMISSION/Inventory_Photos/Craft_Materials_STEM_Kits/C007_acrylic standee A4 landscape-portrait /C007_ACRYLIC STANDEE LANDSCAPE_PORTRAIT_C007_15.HEIC,C007,0e4bae0e105d7d6dce523f4ad4c949ed22c481bf3587b401b8190167f6710efa,unique-2229,validation
FOR AIIC SUBMISSION/Inventory_Photos/Craft_Materials_STEM_Kits/C013_pom pom/C013_POM POM_C013_03.JPG,C013,cc8c45b5ba4fd21a55e21772846c9bc69962456cc61b1767a1c2b44fbbe6ea20,unique-2230,test
FOR AIIC SUBMISSION/Inventory_Photos/Craft_Materials_STEM_Kits/C007_acrylic standee A4 landscape-portrait /C007_ACRYLIC STANDEE LANDSCAPE_PORTRAIT_C007_18.HEIC,C007,b84c5de70a5e9314cf1c3d587ed8290ddbf0d4e592a41f1970f96d86340100c5,unique-2231,train
FOR AIIC SUBMISSION/Inventory_Photos/Craft_Materials_STEM_Kits/C013_pom pom/C013_POM POM_C013_23.JPG,C013,20d35db434d430275649e5148b37e12e2b83999e62fa2c5c0669e99727d5f7a3,unique-2232,train
FOR AIIC SUBMISSION/Inventory_Photos/Craft_Materials_STEM_Kits/C004_needle/C004_NEEDLE_C004_24.HEIC,C004,b27ba0fe99f783a03422b7d49ea9deba1a8556648ac6e69f3fa7035f91e25074,unique-2233,train
FOR AIIC SUBMISSION/Inventory_Photos/Craft_Materials_STEM_Kits/C013_pom pom/C013_POM POM_C013_14.JPG,C013,6123fab8c479c9b03a3549a80fc68705d4333622075867590c5879bfc140625a,unique-2234,train
FOR AIIC SUBMISSION/Inventory_Photos/Craft_Materials_STEM_Kits/C012_pipe cleaner/C012_PIPE CLEANER_C012_02.JPG,C012,25e3c1e94ee4d3fdd7451dc92b7f0318f52a9709de359294bc1d81986af34e92,unique-2235,train
FOR AIIC SUBMISSION/Inventory_Photos/Craft_Materials_STEM_Kits/C013_pom pom/C013_POM POM_C013_26.JPG,C013,ff903c39815a4a7306d130b149f816e2c39a4dba7daa9095614057d68606d2dc,unique-2236,train
FOR AIIC SUBMISSION/Inventory_Photos/Craft_Materials_STEM_Kits/C012_pipe cleaner/C012_PIPE CLEANER_C012_40.JPG,C012,6e42ff515908defa700c1f614806620b8974004c4003df62515088d1ed9c6be0,unique-2237,train
FOR AIIC SUBMISSION/Inventory_Photos/Craft_Materials_STEM_Kits/C008_acrylic table label/C008_ACRYLIC TABLE LABEL_C008_12.HEIC,C008,ea4864107d0866369cd8b2195e8b7fc52ef3a445141c87440420ac88cbba8391,unique-2238,train
FOR AIIC SUBMISSION/Inventory_Photos/Craft_Materials_STEM_Kits/C013_pom pom/C013_POM POM_C013_17.JPG,C013,1920f136c41213804f45cb4adfa17f01b74a1c39f3988b886d17936ff02d35e0,unique-2239,train
FOR AIIC SUBMISSION/Inventory_Photos/Craft_Materials_STEM_Kits/C008_acrylic table label/C008_ACRYLIC TABLE LABEL_C008_07.HEIC,C008,651fbd549004c7278bbda30ef7855d850b438580419ae78850843febcd8bdc3d,unique-2240,train
FOR AIIC SUBMISSION/Inventory_Photos/Craft_Materials_STEM_Kits/C008_acrylic table label/C008_ACRYLIC TABLE LABEL_C008_15.HEIC,C008,8f438736669e2b182682efd2861d954e5e90dfda6be0e677b2235d04cb1c3204,unique-2241,train
FOR AIIC SUBMISSION/Inventory_Photos/Craft_Materials_STEM_Kits/C007_acrylic standee A4 landscape-portrait /C007_ACRYLIC STANDEE LANDSCAPE_PORTRAIT_C007_16.HEIC,C007,521f89869ecbfc299310a500cdc335bf2e2ff2f576d464816c73f749e8f080e1,unique-2242,train
FOR AIIC SUBMISSION/Inventory_Photos/Craft_Materials_STEM_Kits/C005_yarn/C005_YARN_C005_36.HEIC,C005,65439e2646304cbe7e15964782c6a0767df5dde9bbb7fb5c90c2a5c54fa35193,unique-2243,train
FOR AIIC SUBMISSION/Inventory_Photos/Craft_Materials_STEM_Kits/C005_yarn/C005_YARN_C005_42.HEIC,C005,e0ab12af24204c22e578b16811aeabb3fd1255ef0185f72c21ee729c25e6989c,unique-2244,train
FOR AIIC SUBMISSION/Inventory_Photos/Craft_Materials_STEM_Kits/C005_yarn/C005_YARN_C005_45.HEIC,C005,ec0eb4150eae0a61d410ff78ad3610d329b64a364b2d277c58acce9ee5dcb202,unique-2245,train
FOR AIIC SUBMISSION/Inventory_Photos/Craft_Materials_STEM_Kits/C013_pom pom/C013_POM POM_C013_18.JPG,C013,dba9eeeed08182fed8dc331e08e30ceed0d00e67fdd7fdc863dcae5ba5365620,unique-2246,train
FOR AIIC SUBMISSION/Inventory_Photos/Craft_Materials_STEM_Kits/C018_glue gun stick/C018_GLUE GUN STICK_C018_09.JPG,C019,b9ea056c8592da1e9b5525f8d7b8888d88b34c1ff1666c94abf432d5280aa973,unique-2247,test
FOR AIIC SUBMISSION/Inventory_Photos/Craft_Materials_STEM_Kits/C013_pom pom/C013_POM POM_C013_13.JPG,C013,d0fa83efc148d317be69808d405c4815d66bc14fcecf180c010126b1c502be8f,unique-2248,train
FOR AIIC SUBMISSION/Inventory_Photos/Craft_Materials_STEM_Kits/C013_pom pom/C013_POM POM_C013_12.JPG,C013,53efb22600119871f8b86f585f1bd9fbc7451566107cf3c9bf29f0703001dc1b,unique-2249,validation
FOR AIIC SUBMISSION/Inventory_Photos/Craft_Materials_STEM_Kits/C005_yarn/C005_YARN_C005_41.HEIC,C005,3853314c79c62f0a0137bed15745ce1c7707da2671bfffd776b20d4d5b089f60,unique-2250,train
FOR AIIC SUBMISSION/Inventory_Photos/Craft_Materials_STEM_Kits/C004_needle/C004_NEEDLE_C004_11.HEIC,C004,a4c62766720ce689279eb362678d88a0082d4d3764981d1f0409a19da075e90b,unique-2251,test
FOR AIIC SUBMISSION/Inventory_Photos/Electronics_Robotics/E005_Gas Sensor MQ6/IMG_2279.JPG,E005,f1ff0aa6c1811c1a889379d9dfc5a3879c62a086e99ee2f1ae54159731809801,dup-0112,train
FOR AIIC SUBMISSION/Inventory_Photos/Craft_Materials_STEM_Kits/C005_yarn/C005_YARN_C005_40.HEIC,C005,6feb0a9461e4e66f81644b0ff2bf70b13d07cd6cb47403b8d55a43ea2ad496ff,unique-2253,train
FOR AIIC SUBMISSION/Inventory_Photos/Craft_Materials_STEM_Kits/C004_needle/C004_NEEDLE_C004_04.HEIC,C004,26b4f226e1332950ad45274beb0d1a0f3d224f314bcba3ad93f633194527c4e6,unique-2254,train
FOR AIIC SUBMISSION/Inventory_Photos/Craft_Materials_STEM_Kits/C004_needle/C004_NEEDLE_C004_22.HEIC,C004,914e8403dde9620118e22c72ba281ae406e9aefafabd1d0add4ceb0a454e9dd5,unique-2255,train
FOR AIIC SUBMISSION/Inventory_Photos/Craft_Materials_STEM_Kits/C005_yarn/C005_YARN_C005_35.HEIC,C005,455791546711c9d267ba0ff11539a467ee24d55a7b656e7b4833e84bb57a5a09,unique-2256,train
FOR AIIC SUBMISSION/Inventory_Photos/Craft_Materials_STEM_Kits/C007_acrylic standee A4 landscape-portrait /C007_ACRYLIC STANDEE LANDSCAPE_PORTRAIT_C007_11.HEIC,C007,a78224d222b6186f711b116eff8045d9bdc4af86fc16e68b90eb55713a853a6c,unique-2257,validation
FOR AIIC SUBMISSION/Inventory_Photos/Craft_Materials_STEM_Kits/C006_air clay/C006_AIR CLAY_C006_05.HEIC,C006,272113b7848641f07e88a79ed026e17f528b0edbb86403a087fcb16a64dcaa3b,unique-2258,train
FOR AIIC SUBMISSION/Inventory_Photos/Craft_Materials_STEM_Kits/C008_acrylic table label/C008_ACRYLIC TABLE LABEL_C008_16.HEIC,C008,78df914d497e257f45d9f7a482218a2c457f0beda5432d9f4e97db2b3eb40f79,unique-2259,train
FOR AIIC SUBMISSION/Inventory_Photos/Craft_Materials_STEM_Kits/C008_acrylic table label/C008_ACRYLIC TABLE LABEL_C008_10.HEIC,C008,caf0f95d914db41553fe87cc0a36ad19606b0c0e470eaed7ce8918de7be910d6,unique-2260,test
FOR AIIC SUBMISSION/Inventory_Photos/Craft_Materials_STEM_Kits/C013_pom pom/C013_POM POM_C013_16.JPG,C013,66e5fb85a5dd385571ba54550a3589801226ea7f05128d345010b58faff1786c,unique-2261,train
FOR AIIC SUBMISSION/Inventory_Photos/Craft_Materials_STEM_Kits/C013_pom pom/C013_POM POM_C013_11.JPG,C013,bbf0b0138516e4b2957408040b9a553fec53e4e186d5de959c5adc9412a3c6bd,unique-2262,train
FOR AIIC SUBMISSION/Inventory_Photos/Craft_Materials_STEM_Kits/C005_yarn/C005_YARN_C005_48.HEIC,C005,5cd256eea6a26d78feba924ba0c031b13ffb27abeddfd7994bce8bd479732d8c,unique-2263,train
FOR AIIC SUBMISSION/Inventory_Photos/Craft_Materials_STEM_Kits/C008_acrylic table label/C008_ACRYLIC TABLE LABEL_C008_09.HEIC,C008,eae6e832162b7029d30baf9b9c16c98c901ee88dd426aeff2d8dac13203a89ea,unique-2264,train
FOR AIIC SUBMISSION/Inventory_Photos/Craft_Materials_STEM_Kits/C005_yarn/C005_YARN_C005_43.HEIC,C005,5e759299b614da5480b1a0d6293b33559cba87c8a4fa43d501168c91e10441d2,unique-2265,test
FOR AIIC SUBMISSION/Inventory_Photos/Craft_Materials_STEM_Kits/C005_yarn/C005_YARN_C005_38.HEIC,C005,40ef4091a61d43538d6c085498cded1711921316eca507b3b1af5aaa3e418ccb,unique-2266,validation
FOR AIIC SUBMISSION/Inventory_Photos/Craft_Materials_STEM_Kits/C005_yarn/C005_YARN_C005_25.HEIC,C005,444e1fb49d3a7352616299ccc5764cf66b462e339e9bed7eec98828dd14ba7e1,unique-2267,train
FOR AIIC SUBMISSION/Inventory_Photos/Craft_Materials_STEM_Kits/C005_yarn/C005_YARN_C005_46.HEIC,C005,4ef1fc4bdddd1fbc94324411451e5f88a029a90740ca4c0838b2fae61e34eaed,unique-2268,train
FOR AIIC SUBMISSION/Inventory_Photos/Craft_Materials_STEM_Kits/C013_pom pom/C013_POM POM_C013_25.JPG,C013,69edec821c332325caa1c21b96c7a5f2c69071709aea607af79c7281a7a49d44,unique-2269,train
FOR AIIC SUBMISSION/Inventory_Photos/Craft_Materials_STEM_Kits/C005_yarn/C005_YARN_C005_49.HEIC,C005,7e1afc9662b40713952d3845d8add2c7caa41a7e38af2b702a411a95e2611764,unique-2270,train
FOR AIIC SUBMISSION/Inventory_Photos/Craft_Materials_STEM_Kits/C004_needle/C004_NEEDLE_C004_31.HEIC,C004,b823aa7c39bcdb26b83d7747dc4d6e6f5d44c3b794d3a50e1cf28e25b7958b3f,unique-2271,train
FOR AIIC SUBMISSION/Inventory_Photos/Craft_Materials_STEM_Kits/C007_acrylic standee A4 landscape-portrait /C007_ACRYLIC STANDEE LANDSCAPE_PORTRAIT_C007_19.HEIC,C007,bb54ae588b3ddda23ed81272b7fd774c24e720bacb999944b4ddfd353987877d,unique-2272,train
FOR AIIC SUBMISSION/Inventory_Photos/Craft_Materials_STEM_Kits/C005_yarn/C005_YARN_C005_47.HEIC,C005,e944ae5b09def7036819a80b203d9d3e26c64dd7f6b300e6bd1b88141743c235,unique-2273,train
FOR AIIC SUBMISSION/Inventory_Photos/Craft_Materials_STEM_Kits/C005_yarn/C005_YARN_C005_23.HEIC,C005,ece06d0aca03887c48206264a64e405a88b558205c50bec3a1c5f72688cbce25,unique-2274,train
FOR AIIC SUBMISSION/Inventory_Photos/Craft_Materials_STEM_Kits/C007_acrylic standee A4 landscape-portrait /C007_ACRYLIC STANDEE LANDSCAPE_PORTRAIT_C007_02.HEIC,C007,2b064aeea3748cceb6eafcc9021acf1d2425c118d3f60fd11c2c4cc5838a20eb,unique-2275,validation
FOR AIIC SUBMISSION/Inventory_Photos/Craft_Materials_STEM_Kits/C005_yarn/C005_YARN_C005_26.HEIC,C005,7b08953301c1992149b401ee66e3aafa0098262b1ed84ebce04861c5e6041a5b,unique-2276,train
FOR AIIC SUBMISSION/Inventory_Photos/Craft_Materials_STEM_Kits/C004_needle/C004_NEEDLE_C004_32.HEIC,C004,597b72e676277eb1fe76263bcccfca3b035dbf78be00a6172c9cd7adef05fe04,unique-2277,validation
FOR AIIC SUBMISSION/Inventory_Photos/Craft_Materials_STEM_Kits/C005_yarn/C005_YARN_C005_34.HEIC,C005,ef5f11beaef6af8fdccc419d0d170f5925f3ab12a235043d9a5d8e9d3db80f40,unique-2278,validation
FOR AIIC SUBMISSION/Inventory_Photos/Craft_Materials_STEM_Kits/C007_acrylic standee A4 landscape-portrait /C007_ACRYLIC STANDEE LANDSCAPE_PORTRAIT_C007_12.HEIC,C007,8179c74d9b1c0693621d7f05292dfd3ea1047e61f1fc853c579a7dd98ca666f2,unique-2279,train
FOR AIIC SUBMISSION/Inventory_Photos/Craft_Materials_STEM_Kits/C005_yarn/C005_YARN_C005_16.HEIC,C005,b4e4a8b04746f71a2effeb401bfb5e05b26cfe6536d1ed48ba55876213bf3be7,unique-2280,train
FOR AIIC SUBMISSION/Inventory_Photos/Craft_Materials_STEM_Kits/C013_pom pom/C013_POM POM_C013_10.JPG,C013,fbfaeba9801c16b4eb67506309ee4c4a68b1b5708b9043a53284cad5cb60e7ea,unique-2281,train
FOR AIIC SUBMISSION/Inventory_Photos/Craft_Materials_STEM_Kits/C007_acrylic standee A4 landscape-portrait /C007_ACRYLIC STANDEE LANDSCAPE_PORTRAIT_C007_01.HEIC,C007,50f564f0956e2cc9d272f231fc84d0aa5672260ef6d9ccb4f8415c8af49519d0,unique-2282,train
FOR AIIC SUBMISSION/Inventory_Photos/Craft_Materials_STEM_Kits/C005_yarn/C005_YARN_C005_21.HEIC,C005,59178483b156f09639b97fecefac3a5b3708c2a4ea0ca7e8e0804ba4eb533add,unique-2283,train
FOR AIIC SUBMISSION/Inventory_Photos/Craft_Materials_STEM_Kits/C005_yarn/C005_YARN_C005_28.HEIC,C005,f77b0171b1fdfab16ead1dc41115c3bbf4354e5d7d15f52f0d7913aa3e9a9810,unique-2284,validation
FOR AIIC SUBMISSION/Inventory_Photos/Craft_Materials_STEM_Kits/C005_yarn/C005_YARN_C005_37.HEIC,C005,3c0b15343640535ac77b869d29ef06d6ea9c1a9fb34ffd49da383d6401409f1f,unique-2285,train
FOR AIIC SUBMISSION/Inventory_Photos/Craft_Materials_STEM_Kits/C005_yarn/C005_YARN_C005_24.HEIC,C005,728d73d351da8ee662d4b80d248be06ccb73deafcf6c9ad650648ea3ed03609a,unique-2286,validation
FOR AIIC SUBMISSION/Inventory_Photos/Craft_Materials_STEM_Kits/C005_yarn/C005_YARN_C005_31.HEIC,C005,4c0c8c70ed2e09c66ee0d7881eaba7c2ddd21c8623e1886d9da0344b15ac18ef,unique-2287,validation
FOR AIIC SUBMISSION/Inventory_Photos/Craft_Materials_STEM_Kits/C005_yarn/C005_YARN_C005_29.HEIC,C005,07a73c9c8ae145d51bd86f058ffe0c3911703b0ce76c4799f408326d3df4238a,unique-2288,train
FOR AIIC SUBMISSION/Inventory_Photos/Craft_Materials_STEM_Kits/C005_yarn/C005_YARN_C005_13.HEIC,C005,c307a8d335708045af50d7530b9d5a85348b88e5985825deb389f10d97836417,unique-2289,train
FOR AIIC SUBMISSION/Inventory_Photos/Craft_Materials_STEM_Kits/C005_yarn/C005_YARN_C005_17.HEIC,C005,f47d6d3ff3225e1c8894de570cce044421c6408e31ce5e460b17d941758c5e63,unique-2290,test
FOR AIIC SUBMISSION/Inventory_Photos/Craft_Materials_STEM_Kits/C005_yarn/C005_YARN_C005_20.HEIC,C005,95323ed864e814b0c56ad6e23086ade86fc88b1eccf180d7a1d4755623469985,unique-2291,validation
FOR AIIC SUBMISSION/Inventory_Photos/Craft_Materials_STEM_Kits/C005_yarn/C005_YARN_C005_44.HEIC,C005,4495a99a2080dfab873f0e7f7d53abac56a2c4d64ad6fc8cd4cbf15869172dc7,unique-2292,train
FOR AIIC SUBMISSION/Inventory_Photos/Craft_Materials_STEM_Kits/C005_yarn/C005_YARN_C005_15.HEIC,C005,199f307261b68d6e9f8090fd53b19d68a552736c3ac061753c1b09b179155874,unique-2293,train
FOR AIIC SUBMISSION/Inventory_Photos/Craft_Materials_STEM_Kits/C015_ribbon/C015_RIBBON_C015_27.JPG,C015,f4dbaf4440284d56e92ad1d7b3d8487ff3605b7e1f97933913802b03d768f1fe,unique-2294,test
FOR AIIC SUBMISSION/Inventory_Photos/Craft_Materials_STEM_Kits/C015_ribbon/C015_RIBBON_C015_28.JPG,C015,d2bec1a5eff2f20bc128d08be500891a230480e832a1a3a89b5869265769bcff,unique-2295,test
FOR AIIC SUBMISSION/Inventory_Photos/Craft_Materials_STEM_Kits/C005_yarn/C005_YARN_C005_32.HEIC,C005,7acad5cceb5212e8794b678659f962cfe4e1804f83b263cba0c236a3756ac070,unique-2296,train
FOR AIIC SUBMISSION/Inventory_Photos/Craft_Materials_STEM_Kits/C005_yarn/C005_YARN_C005_18.HEIC,C005,d84adcdb9213ee81f10d633f5411851c4c2eed35fd35e583afa21ba1b396675b,unique-2297,test
FOR AIIC SUBMISSION/Inventory_Photos/Craft_Materials_STEM_Kits/C005_yarn/C005_YARN_C005_07.HEIC,C005,5a62939824b11116de2ade917e03426cd0e06799c986f5c4d2d19e6a6a521403,unique-2298,train
FOR AIIC SUBMISSION/Inventory_Photos/Craft_Materials_STEM_Kits/C005_yarn/C005_YARN_C005_50.HEIC,C005,2dad668bb4f19e2fcba139b306824faa2a41cebc89ebdecd72e52f3b4a05b3a2,unique-2299,train
FOR AIIC SUBMISSION/Inventory_Photos/Craft_Materials_STEM_Kits/C005_yarn/C005_YARN_C005_39.HEIC,C005,823a6ed417ff0b8ce337e486bb759d49229f4372ee0f0dfa6e1849ab92aabedc,unique-2300,train
FOR AIIC SUBMISSION/Inventory_Photos/Craft_Materials_STEM_Kits/C013_pom pom/C013_POM POM_C013_08.JPG,C013,5f6dfef469f237e99774897d922371807168ff0062891c199cba11a76597718c,unique-2301,train
FOR AIIC SUBMISSION/Inventory_Photos/Craft_Materials_STEM_Kits/C015_ribbon/C015_RIBBON_C015_08.JPG,C015,3a11f8022c23043741dce167f64b0ca4601ab4200deb1ec089d45c3f80c74e7e,unique-2302,train
FOR AIIC SUBMISSION/Inventory_Photos/Craft_Materials_STEM_Kits/C005_yarn/C005_YARN_C005_09.HEIC,C005,547b5fd7eb0a1205a40ece248af4d901b52d463eb20f1753236311933b243400,unique-2303,train
FOR AIIC SUBMISSION/Inventory_Photos/Craft_Materials_STEM_Kits/C015_ribbon/C015_RIBBON_C015_24.JPG,C015,eaf3dc32ed37d901e2176b956091e489ddceaa7a766f59f34ac9b5ee23f7c676,unique-2304,train
FOR AIIC SUBMISSION/Inventory_Photos/Craft_Materials_STEM_Kits/C005_yarn/C005_YARN_C005_14.HEIC,C005,3af5748ad9c0634d12e2c32c8113c4a9355cce22df0753e8a2b06af3abb15461,unique-2305,train
FOR AIIC SUBMISSION/Inventory_Photos/Craft_Materials_STEM_Kits/C015_ribbon/C015_RIBBON_C015_20.JPG,C015,c448da12730b3163c8b77c0dd13d47536fa0626553217458c26e92c5e395811a,unique-2306,test
FOR AIIC SUBMISSION/Inventory_Photos/Craft_Materials_STEM_Kits/C015_ribbon/C015_RIBBON_C015_22.JPG,C015,9a4367a3d39d16f81a66e0254c90df705937b8cf448de0cef83919a1145a3ae6,unique-2307,train
FOR AIIC SUBMISSION/Inventory_Photos/Craft_Materials_STEM_Kits/C005_yarn/C005_YARN_C005_02.HEIC,C005,b314428c6eb9d4bc08d46408a76ce7cc3dd687e4b17f61db5ac3f26a65e68ab0,unique-2308,train
FOR AIIC SUBMISSION/Inventory_Photos/Craft_Materials_STEM_Kits/C005_yarn/C005_YARN_C005_27.HEIC,C005,938f9200211e8af9748207900bf697e2e4f58c04cd5b9ce35e94cbbe2db53f17,unique-2309,validation
FOR AIIC SUBMISSION/Inventory_Photos/Craft_Materials_STEM_Kits/C005_yarn/C005_YARN_C005_11.HEIC,C005,864dc56b0cecfab90f9cef56abb716cec36ac9193b33d9702abc21f637a3484f,unique-2310,train
FOR AIIC SUBMISSION/Inventory_Photos/Craft_Materials_STEM_Kits/C015_ribbon/C015_RIBBON_C015_17.JPG,C015,7586b8c6371b705b72a8c00cbce8da22503f6af13164b7603bcbb89e823a5c35,unique-2311,train
FOR AIIC SUBMISSION/Inventory_Photos/Craft_Materials_STEM_Kits/C015_ribbon/C015_RIBBON_C015_03.JPG,C015,8f17f8dedb7cd73c54dfc3413eb8324d689d7838d0a5a506d4fbf40a98278197,unique-2312,train
FOR AIIC SUBMISSION/Inventory_Photos/Craft_Materials_STEM_Kits/C005_yarn/C005_YARN_C005_05.HEIC,C005,94b33682617d8d51334c839280a73bf1051c6e9174a358d18046a36849b8dd63,unique-2313,test
FOR AIIC SUBMISSION/Inventory_Photos/Craft_Materials_STEM_Kits/C005_yarn/C005_YARN_C005_12.HEIC,C005,1d0a1d7e0c3072faedcf7a43491d13027d74692af99bb5f9cd6fb39949d6faf8,unique-2314,validation
FOR AIIC SUBMISSION/Inventory_Photos/Craft_Materials_STEM_Kits/C015_ribbon/C015_RIBBON_C015_18.JPG,C015,fe79228b594a63f3ebdeb8a37a7d50231024819015befff2e170b51385e7439c,unique-2315,train
FOR AIIC SUBMISSION/Inventory_Photos/Craft_Materials_STEM_Kits/C005_yarn/C005_YARN_C005_30.HEIC,C005,ed7305d18d8952f0f402f39b630cf02d28071d8e7cc370aa9186cf2275f6e608,unique-2316,train
FOR AIIC SUBMISSION/Inventory_Photos/Craft_Materials_STEM_Kits/C015_ribbon/C015_RIBBON_C015_07.JPG,C015,c13fac4f2885cafa623b2012d43defa1ee36844dc987b8164f79894894423f75,unique-2317,train
FOR AIIC SUBMISSION/Inventory_Photos/Tools_Equipment/T013_ScrewPhillips/IMG_7238.HEIC,T013,f5f7a7d1e07ac3fc37addf613c23658391b42e8bd4aaf88381842d75138c32c0,unique-2318,train
FOR AIIC SUBMISSION/Inventory_Photos/Tools_Equipment/T013_ScrewPhillips/IMG_7235.HEIC,T013,2a2fe95497d4515ec1edcbe0667a930f44a938202e7ca42b0e4c5d7a9b9277e4,unique-2319,train
FOR AIIC SUBMISSION/Inventory_Photos/Craft_Materials_STEM_Kits/C015_ribbon/C015_RIBBON_C015_11.JPG,C015,a13e74db9bbf7de14fceb2df46edb940efc4ac7aa11137a1aa94b4a1eacc2964,unique-2320,train
FOR AIIC SUBMISSION/Inventory_Photos/Craft_Materials_STEM_Kits/C004_needle/C004_NEEDLE_C004_09.HEIC,C004,cbc89aea38457fd84b3c2a02e7ea24f5af06f719dba710d7e4e30b0e815bd588,unique-2321,test
FOR AIIC SUBMISSION/Inventory_Photos/Tools_Equipment/T013_ScrewPhillips/IMG_7242.HEIC,T013,2114bf41459d2688924d3364f0119677a134d3185fb9e5da881961c0a8df7228,unique-2322,train
FOR AIIC SUBMISSION/Inventory_Photos/Tools_Equipment/T013_ScrewPhillips/IMG_7251.HEIC,T013,ad292c49ab6f2443cd4831ca8ab8a8d9d87d2f804d3516b5554b530493ab7098,unique-2323,train
FOR AIIC SUBMISSION/Inventory_Photos/Craft_Materials_STEM_Kits/C015_ribbon/C015_RIBBON_C015_01.JPG,C015,a620a0fb8b5df730712174a3fbc4a235e510773c31f9d858154ad641475fb7d0,unique-2324,train
FOR AIIC SUBMISSION/Inventory_Photos/Craft_Materials_STEM_Kits/C015_ribbon/C015_RIBBON_C015_13.JPG,C015,e703f16a5a8d22e95dd39777c681144d40a0596b70604e89986bd229cf8566b1,unique-2325,validation
FOR AIIC SUBMISSION/Inventory_Photos/Tools_Equipment/T015_Caliper/IMG_7296.HEIC,T015,c88eaffc2c6fa6e202df0a8ce85a8c380565148e44d21bafe3c26e38b9b8243d,unique-2326,test
FOR AIIC SUBMISSION/Inventory_Photos/Tools_Equipment/T013_ScrewPhillips/IMG_7234.HEIC,T013,03b8bee0ad785aa4993edb05b833d20effb3feebe513337dc6ef4b543ca15fc1,unique-2327,train
FOR AIIC SUBMISSION/Inventory_Photos/Craft_Materials_STEM_Kits/C015_ribbon/C015_RIBBON_C015_23.JPG,C015,26f04fe855f8f6fee122d6abdcbc7fe579135373600fd854443d15f55bef269e,unique-2328,validation
FOR AIIC SUBMISSION/Inventory_Photos/Craft_Materials_STEM_Kits/C015_ribbon/C015_RIBBON_C015_12.JPG,C015,7c9cefd4484df96a3207f26c46810b8f42d4c01d1ddc93c9a1074432468c3b2d,unique-2329,test
FOR AIIC SUBMISSION/Inventory_Photos/Craft_Materials_STEM_Kits/C015_ribbon/C015_RIBBON_C015_19.JPG,C015,b1b1b7293c1f355fd19b3b6aadaebb61996b8c96f7feee45379675cf7e6dd0c0,unique-2330,train
FOR AIIC SUBMISSION/Inventory_Photos/Craft_Materials_STEM_Kits/C005_yarn/C005_YARN_C005_22.HEIC,C005,195ea6461ba8d879acd650f3195453ecfd0290f07d421a1cfe84f4f879b1de87,unique-2331,validation
FOR AIIC SUBMISSION/Inventory_Photos/Craft_Materials_STEM_Kits/C015_ribbon/C015_RIBBON_C015_14.JPG,C015,118035ec976ecb527db234faba6562c05625bcbfda8835455b6195978eae93b0,unique-2332,train
FOR AIIC SUBMISSION/Inventory_Photos/Craft_Materials_STEM_Kits/C015_ribbon/C015_RIBBON_C015_26.JPG,C015,a12caa746cb7347569e7885f4885250ad5a4bc9479151f39362ef35a03cc6f60,unique-2333,train
FOR AIIC SUBMISSION/Inventory_Photos/Tools_Equipment/T013_ScrewPhillips/IMG_7247.HEIC,T013,554369f87994503b1e159d2342e4ddcff16fe6512f351d5659874197b267003e,unique-2334,train
FOR AIIC SUBMISSION/Inventory_Photos/Tools_Equipment/T013_ScrewPhillips/IMG_7243.HEIC,T013,dacb0c76c200c905e1d268aedc3a35c1443bf14ec06e71820a4078afe882a52e,unique-2335,train
FOR AIIC SUBMISSION/Inventory_Photos/Craft_Materials_STEM_Kits/C015_ribbon/C015_RIBBON_C015_10.JPG,C015,37a65af70b2ad1d073bca942fa89b15612264af46a41e8f6dff6df3d6cb132c8,unique-2336,train
FOR AIIC SUBMISSION/Inventory_Photos/Craft_Materials_STEM_Kits/C013_pom pom/C013_POM POM_C013_04.JPG,C013,9def4f2d9aa1a5e71fdb2ddd1127936677f6eff8c40ed4cda51bf2d2480dc3ec,unique-2337,test
FOR AIIC SUBMISSION/Inventory_Photos/Craft_Materials_STEM_Kits/C015_ribbon/C015_RIBBON_C015_25.JPG,C015,f35c76ebb7601a6739defa16191cf4fd897d64e78e3a3eae4d9e80466b7bad65,unique-2338,validation
FOR AIIC SUBMISSION/Inventory_Photos/Tools_Equipment/T015_Caliper/IMG_7303.HEIC,T015,ed70fc0a98abdfd08e69576886b53b15dd6f371adb1af4603f4f1fba7010ab05,unique-2339,train
FOR AIIC SUBMISSION/Inventory_Photos/Craft_Materials_STEM_Kits/C015_ribbon/C015_RIBBON_C015_16.JPG,C015,4098cb3a7a04387c54ed24a7c95e61460d318f7eaab479cda783b6a52fd55650,unique-2340,validation
FOR AIIC SUBMISSION/Inventory_Photos/Tools_Equipment/T015_Caliper/IMG_7308.HEIC,T015,62aa4b7a23ace5f0a774ecc2b9d89e69d6c252ae7f5d53a21803d2d926984e27,unique-2341,train
FOR AIIC SUBMISSION/Inventory_Photos/Tools_Equipment/T013_ScrewPhillips/IMG_7239.HEIC,T013,c3d89ccd63ef5e626a5a5dd4266c87c2709b2acc9a826dc455843b5bf5c84ce6,unique-2342,train
FOR AIIC SUBMISSION/Inventory_Photos/Tools_Equipment/T013_ScrewPhillips/IMG_7237.HEIC,T013,35bc19c4f5f21c70dcd4e9cfccfbfe35f04f075c666ec3cdb0a4c88cac3f9be0,unique-2343,train
FOR AIIC SUBMISSION/Inventory_Photos/Craft_Materials_STEM_Kits/C005_yarn/C005_YARN_C005_33.HEIC,C005,e73377b823b36d4b30667fab8e29b3929c66725f7ef24f1a9d72b799098a1983,unique-2344,validation
FOR AIIC SUBMISSION/Inventory_Photos/Tools_Equipment/T013_ScrewPhillips/IMG_7250.HEIC,T013,306e7863e1c6dd6de28ec48c81c9ed53e854cc7a4f3a78ea01aca9a62797c43c,unique-2345,train
FOR AIIC SUBMISSION/Inventory_Photos/Tools_Equipment/T013_ScrewPhillips/IMG_7232.HEIC,T013,b537e70717fa5b5e6e0f2535909a5a2135c3556dc44a2c1ce7b03ce8fb2444d4,unique-2346,train
FOR AIIC SUBMISSION/Inventory_Photos/Tools_Equipment/T013_ScrewPhillips/IMG_7246.HEIC,T013,7f6d2176f3ac860cc8edb10f8e0bd4762a7f29973ca4cef4ec65b6297d0120b8,unique-2347,train
FOR AIIC SUBMISSION/Inventory_Photos/Craft_Materials_STEM_Kits/C015_ribbon/C015_RIBBON_C015_06.JPG,C015,db38185cb06d4cf7b99c78b72e5134378a5f164dd1185fee955884ecefce4d71,unique-2348,test
FOR AIIC SUBMISSION/Inventory_Photos/Tools_Equipment/T013_ScrewPhillips/IMG_7231.HEIC,T013,5ef20428db563be05bfc0f1d4529d9e20491ab700e6d86926d9e931789cfcef7,unique-2349,train
FOR AIIC SUBMISSION/Inventory_Photos/Tools_Equipment/T015_Caliper/IMG_7297.HEIC,T015,1bd87f67f9892aac84791f8bc4e7f7a9179f8118c47d887a70c6e4c5099cd47d,unique-2350,train
FOR AIIC SUBMISSION/Inventory_Photos/Craft_Materials_STEM_Kits/C015_ribbon/C015_RIBBON_C015_02.JPG,C015,40c77da1699c1ebcac95c3f7f86544041a33b486405bda2926c456241e87d20a,unique-2351,test
FOR AIIC SUBMISSION/Inventory_Photos/Tools_Equipment/T015_Caliper/IMG_7309.HEIC,T015,fc04d56724060b6f0391714d7f4a41e6d8b168b8fc56580a77cf11fa1a767621,unique-2352,train
FOR AIIC SUBMISSION/Inventory_Photos/Tools_Equipment/T014_Spanner/IMG_7264.HEIC,T014,c690d1fa030bba5d1ffd1390317ea7deefbd5aacd1bd13afc549072cadfb7058,unique-2353,train
FOR AIIC SUBMISSION/Inventory_Photos/Tools_Equipment/T015_Caliper/IMG_7301.HEIC,T015,d27b36cf3492d0be8271265534f20b1f9e3fb51c310b546a99caa6ce7212e705,unique-2354,train
FOR AIIC SUBMISSION/Inventory_Photos/Craft_Materials_STEM_Kits/C005_yarn/C005_YARN_C005_19.HEIC,C005,cf55e6600b8d49adbfe81f9d7e0b37139b594790c6916247a1652d15d5b35d80,unique-2355,train
FOR AIIC SUBMISSION/Inventory_Photos/Tools_Equipment/T014_Spanner/IMG_7283.HEIC,T014,28c1303987d7559371effac61ca6efecdb00d8c7498e24b154d2d5443b17b7c1,unique-2356,train
FOR AIIC SUBMISSION/Inventory_Photos/Craft_Materials_STEM_Kits/C005_yarn/C005_YARN_C005_08.HEIC,C005,f0bb2325740022f5416732fac42457fbb3d349685a67f9fc57e106a99aa339c1,unique-2357,train
FOR AIIC SUBMISSION/Inventory_Photos/Tools_Equipment/T014_Spanner/IMG_7270.HEIC,T014,1128fad9abbc05d6e47b5a6d69b45de231768163c764162d7b01492b30cb3065,unique-2358,test
FOR AIIC SUBMISSION/Inventory_Photos/Craft_Materials_STEM_Kits/C005_yarn/C005_YARN_C005_03.HEIC,C005,bffefcf75670e33fc1dd2660745d62e1a58eac9c9505a1986164bfd59c8b252e,unique-2359,train
FOR AIIC SUBMISSION/Inventory_Photos/Tools_Equipment/T014_Spanner/IMG_7257.HEIC,T014,c45e9bac140d620235438fb012904e90ed5792d2dd3c4e97402cfaed1a87c5c7,unique-2360,validation
FOR AIIC SUBMISSION/Inventory_Photos/Tools_Equipment/T014_Spanner/IMG_7260.HEIC,T014,9014bdf0503e7580929fe2cf2b2db842ab396bcf4bd67e631c819758027f4e33,unique-2361,train
FOR AIIC SUBMISSION/Inventory_Photos/Tools_Equipment/T013_ScrewPhillips/IMG_7236.HEIC,T013,b6bf35acab8d9d6c8ffde9b15778d94b0d1c59861b90bac901f0bde4f788803e,unique-2362,validation
FOR AIIC SUBMISSION/Inventory_Photos/Tools_Equipment/T014_Spanner/IMG_7267.HEIC,T014,dc7a1a574c593aec70938633135134f54ae9f44c7ddf02e780120d04fcf559aa,unique-2363,train
FOR AIIC SUBMISSION/Inventory_Photos/Tools_Equipment/T014_Spanner/IMG_7253.HEIC,T014,4badee4841bb94b59ca84daa110dcf1db0cb1454e6bae2265e5a89fb2e9d1701,unique-2364,train
FOR AIIC SUBMISSION/Inventory_Photos/Tools_Equipment/T015_Caliper/IMG_7290.HEIC,T015,06061d9866e2e7386273f618c6d202a7ffc046eaf991cf6b0f54dd27fcbed818,unique-2365,test
FOR AIIC SUBMISSION/Inventory_Photos/Tools_Equipment/T014_Spanner/IMG_7275.HEIC,T014,7790581dd64d1b6c5adfa8eb0fbc50c394bfbb5fe778cbdc5cc34ef379edd116,unique-2366,train
FOR AIIC SUBMISSION/Inventory_Photos/Craft_Materials_STEM_Kits/C015_ribbon/C015_RIBBON_C015_05.JPG,C015,a535de7fa19e877187ea8ab3401576d03afd308086f3e5d30d36039cb96f7681,unique-2367,validation
FOR AIIC SUBMISSION/Inventory_Photos/Tools_Equipment/T014_Spanner/IMG_7280.HEIC,T014,9c023de26839c355d490c278a93b305d30feae82fd9c70c964106ba8352e6c85,unique-2368,validation
FOR AIIC SUBMISSION/Inventory_Photos/Craft_Materials_STEM_Kits/C015_ribbon/C015_RIBBON_C015_04.JPG,C015,5666a28e91eaf909cbfc94d79ccdba76ece431007c4ae865aa6298cd5a504f25,unique-2369,train
FOR AIIC SUBMISSION/Inventory_Photos/Craft_Materials_STEM_Kits/C015_ribbon/C015_RIBBON_C015_09.JPG,C015,1fb4839d52e56aa9d79b012b7a382f6e3909458ae249e7910207b8fa084c3c95,unique-2370,train
FOR AIIC SUBMISSION/Inventory_Photos/Tools_Equipment/T013_ScrewPhillips/IMG_7241.HEIC,T013,1b4c965a6c2a0748353943caa8d4a460262cf32adf32f262a8e78791860f9a4c,unique-2371,train
FOR AIIC SUBMISSION/Inventory_Photos/Tools_Equipment/T014_Spanner/IMG_7272.HEIC,T014,436daf75fead0b250711344cb09b09a6fd3509d07e02070eba8f0880fc2c3398,unique-2372,test
FOR AIIC SUBMISSION/Inventory_Photos/Tools_Equipment/T013_ScrewPhillips/IMG_7245.HEIC,T013,b7b5ba730b4f53d24d0b0e4cfa3db468173c39578119aff4e8ce3b16bd7bca74,unique-2373,train
FOR AIIC SUBMISSION/Inventory_Photos/Craft_Materials_STEM_Kits/C015_ribbon/C015_RIBBON_C015_15.JPG,C015,47760c76dd26299febc9aed87a6aac29bff36374872d75651d61ebab3fdb58ed,unique-2374,train
FOR AIIC SUBMISSION/Inventory_Photos/Tools_Equipment/T014_Spanner/IMG_7262.HEIC,T014,2431d649cc4c8acd5cba76282ae58692bf0099ee1e966ab65d4938edb51ce100,unique-2375,train
FOR AIIC SUBMISSION/Inventory_Photos/Tools_Equipment/T015_Caliper/IMG_7293.HEIC,T015,9c9f1b84ffd4539f3a671aa7444b077c7a6d657401ed31839539b50bde880263,unique-2376,validation
FOR AIIC SUBMISSION/Inventory_Photos/Craft_Materials_STEM_Kits/C005_yarn/C005_YARN_C005_10.HEIC,C005,f9f786a301d3e0996a96abedb20a088084c5051cc9d27a2851c9650c654db1c2,unique-2377,train
FOR AIIC SUBMISSION/Inventory_Photos/Tools_Equipment/T015_Caliper/IMG_7306.HEIC,T015,88cf8e7aac6d331906a77ac76764f9e782ea798b105183003c4e416bdce28cdd,unique-2378,train
FOR AIIC SUBMISSION/Inventory_Photos/Tools_Equipment/T007_CuttingMat/20260811_161455.jpg,T007,7eeb27d2252abb07b0aca1ff9e92038dbd7fcb0e9fc972476a6a3c090a208a54,unique-2379,train
FOR AIIC SUBMISSION/Inventory_Photos/Tools_Equipment/T015_Caliper/IMG_7291.HEIC,T015,5b40ff73781493a9cce37b0be033e3d02bbaecc24636f30071434d976f996759,unique-2380,train
FOR AIIC SUBMISSION/Inventory_Photos/Tools_Equipment/T010_SmokeAbsorber/IMG_7397.HEIC,T010,683ee996ae7df42d8651c4f98fbd2ed577eb6f8ac49cd4d0e2fdb0ae74801f5a,unique-2381,train
FOR AIIC SUBMISSION/Inventory_Photos/Tools_Equipment/T010_SmokeAbsorber/IMG_7396.HEIC,T010,99bbb56dd258212de6c68b4dc2d815903af332b37c0fe7668cc0f9ead8ac6f06,unique-2382,train
FOR AIIC SUBMISSION/Inventory_Photos/Tools_Equipment/T007_CuttingMat/20260811_161622.jpg,T007,34a7a93759727363bab9c9df0346684c49e4f94a1535c4885af07391929868fe,unique-2383,train
FOR AIIC SUBMISSION/Inventory_Photos/Tools_Equipment/T014_Spanner/IMG_7286.HEIC,T014,c45db8ac717da23ddc1c0de3884166ed6b71e1e7e54b6aa6fdfdbc7e525a18c0,unique-2384,train
FOR AIIC SUBMISSION/Inventory_Photos/Tools_Equipment/T007_CuttingMat/20260811_161524.jpg,T007,ea10f07b5016eb917d6d1999544056da618c2b1daa1a0df4594c7f34c2ed0bbb,unique-2385,train
FOR AIIC SUBMISSION/Inventory_Photos/Tools_Equipment/T013_ScrewPhillips/IMG_7233.HEIC,T013,f89226cfba9695fa9ef85e890b13589aabc6fc62d0cb363e55333da1bacc1aaa,unique-2386,train
FOR AIIC SUBMISSION/Inventory_Photos/Tools_Equipment/T010_SmokeAbsorber/IMG_7393.HEIC,T010,1f21c8c90631d12041187be0165438efe9edfff4242d23bdfba14a0a601c6994,unique-2387,train
FOR AIIC SUBMISSION/Inventory_Photos/Craft_Materials_STEM_Kits/C015_ribbon/C015_RIBBON_C015_21.JPG,C015,a709980985a61bdb15b93e703a47f7f99cd35f4adba91b70165923aa454bf955,unique-2388,train
FOR AIIC SUBMISSION/Inventory_Photos/Tools_Equipment/T007_CuttingMat/20260811_161447.jpg,T007,3d9b28b07e97c309d1e9a26b7fc5ae2e535621e195345c72af940713b7f1b840,unique-2389,test
FOR AIIC SUBMISSION/Inventory_Photos/Tools_Equipment/T013_ScrewPhillips/IMG_7249.HEIC,T013,31ff7dbe90fa32535d009c1f5257eed4a88d73d2c96a226fe49179836c879851,unique-2390,train
FOR AIIC SUBMISSION/Inventory_Photos/Tools_Equipment/T015_Caliper/IMG_7304.HEIC,T015,2244320e44c4b0aab321c2f1628d15a81f147f299ad77a1ba7d7042e0c921bbe,unique-2391,train
FOR AIIC SUBMISSION/Inventory_Photos/Tools_Equipment/T010_SmokeAbsorber/IMG_7387.HEIC,T010,bc60e5eb3d6b4c23824b07aa8833d1cd87cabd72ab580fd084e46df77c7231b1,unique-2392,train
FOR AIIC SUBMISSION/Inventory_Photos/Craft_Materials_STEM_Kits/C005_yarn/C005_YARN_C005_06.HEIC,C005,88429df80a5055371250e9c086d769574ca155b3859c4de1449cb5cd909fae64,unique-2393,train
FOR AIIC SUBMISSION/Inventory_Photos/Tools_Equipment/T014_Spanner/IMG_7269.HEIC,T014,81583d8994ca4746b451a3d0e4f0df04be91ff0509d8125d0112b83c9a50ed07,unique-2394,train
FOR AIIC SUBMISSION/Inventory_Photos/Tools_Equipment/T010_SmokeAbsorber/IMG_7390.HEIC,T010,435a8fca2266a5a13124127c86cf7acbcb3a0604974811afd7690fc688baaaa3,unique-2395,test
FOR AIIC SUBMISSION/Inventory_Photos/Tools_Equipment/T013_ScrewPhillips/IMG_7240.HEIC,T013,15214080d8355a82ecb1e9c4c8f6fcaef2bf9795029b43d622e6617176671e63,unique-2396,train
FOR AIIC SUBMISSION/Inventory_Photos/Tools_Equipment/T015_Caliper/IMG_7299.HEIC,T015,9f00cbd5b7bd428a28da19b6fbad266678fabe4ebee6d0b04faf72d3ee3249ce,unique-2397,train
FOR AIIC SUBMISSION/Inventory_Photos/Tools_Equipment/T007_CuttingMat/20260811_161505.jpg,T007,46ff8d61713e4dccc42a583e845186ef38f8423b5693a758dcd0121d6ad1a147,unique-2398,train
FOR AIIC SUBMISSION/Inventory_Photos/Tools_Equipment/T010_SmokeAbsorber/IMG_7389.HEIC,T010,aced16ed22e67e431bc0624f07e8c760da221d2767260532f567f99b4cd27add,unique-2399,validation
FOR AIIC SUBMISSION/Inventory_Photos/Tools_Equipment/T015_Caliper/IMG_7292.HEIC,T015,05fb862d644a8e408efd998607498d831ea2043c9218f8df42292cddbd3276fd,unique-2400,test
FOR AIIC SUBMISSION/Inventory_Photos/Tools_Equipment/T012_Mallet/IMG_7194.HEIC,T012,bc02bba216a4a19ae9ba4de9c57ed93985d6ffefabcf946812e84e0c5e7af8c0,unique-2401,train
FOR AIIC SUBMISSION/Inventory_Photos/Tools_Equipment/T010_SmokeAbsorber/IMG_7395.HEIC,T010,b41f5f971e0fa8baf7cf84a2fddef85f31d32feb1513f64e11fdc2962d26e307,unique-2402,test
FOR AIIC SUBMISSION/Inventory_Photos/Craft_Materials_STEM_Kits/C005_yarn/C005_YARN_C005_01.HEIC,C005,2ae88bbb24b9ed3dce8c1d2728ad0be5e8768aab3ec2b569a62b3637e03728cc,unique-2403,validation
FOR AIIC SUBMISSION/Inventory_Photos/Tools_Equipment/T010_SmokeAbsorber/IMG_7386.HEIC,T010,258e8f6b43371fc7415216d249233dcbde84cf39e367ac41cff8cc919ecaf2f7,unique-2404,validation
FOR AIIC SUBMISSION/Inventory_Photos/Tools_Equipment/T001_Scissor/IMG_4157.HEIC,T001,857e114fd288781422db1088e31161adee7839f15b3c7ffeb26267b50a5c5cb6,unique-2405,test
FOR AIIC SUBMISSION/Inventory_Photos/Tools_Equipment/T015_Caliper/IMG_7298.HEIC,T015,8d1c054fdf75028fd0b7cee8e237bd11cf8e35d36fcf1148c7cbbae969897474,unique-2406,train
FOR AIIC SUBMISSION/Inventory_Photos/Tools_Equipment/T015_Caliper/IMG_7307.HEIC,T015,f8cbda71d8d01b067a96b74bac4126c77ac1ef03934cded3dbbb5a45f3fd74e7,unique-2407,train
FOR AIIC SUBMISSION/Inventory_Photos/Tools_Equipment/T007_CuttingMat/20260811_161639.jpg,T007,e1117de92544b51f6f8996a8a34f8613f4aaf77dcca1623e19692f1073033b4d,unique-2408,train
FOR AIIC SUBMISSION/Inventory_Photos/Tools_Equipment/T012_Mallet/IMG_7199.HEIC,T012,8cdfb401c41de7ffedf549611c0fc5b254b11d6df0780f7a730651384a2bf06a,unique-2409,train
FOR AIIC SUBMISSION/Inventory_Photos/Tools_Equipment/T001_Scissor/IMG_4156.HEIC,T001,05eefd8ee71f2e0a486e4c01b620fb6f169959a69ac6f81b279d8d54f11b98ba,unique-2410,train
FOR AIIC SUBMISSION/Inventory_Photos/Tools_Equipment/T014_Spanner/IMG_7284.HEIC,T014,22b2d498bcbcd06390c74a04fb67e5ef7eff69cc24f5ccbdef68d7f4b287c1e4,unique-2411,test
FOR AIIC SUBMISSION/Inventory_Photos/Tools_Equipment/T013_ScrewPhillips/IMG_7252.HEIC,T013,f1a4be405656896416d529af7ae72903a82e99b03d14248343c57806ab0eb1f9,unique-2412,test
FOR AIIC SUBMISSION/Inventory_Photos/Tools_Equipment/T010_SmokeAbsorber/IMG_7398.HEIC,T010,c1eaa0ab0ed2f3b05caba572a64d0a00809bdb25c87d79294aaed7e802803037,unique-2413,train
FOR AIIC SUBMISSION/Inventory_Photos/Tools_Equipment/T014_Spanner/IMG_7256.HEIC,T014,3245d6e55df28de18b239da7f493fb9033df226798aeb723f56cf0a0f9f78532,unique-2414,train
FOR AIIC SUBMISSION/Inventory_Photos/Tools_Equipment/T001_Scissor/IMG_4154.HEIC,T001,26ca9df4d37e209fc78b42fe90d3120cd010d62c32da7a494402c727eafe67d3,unique-2415,train
FOR AIIC SUBMISSION/Inventory_Photos/Tools_Equipment/T014_Spanner/IMG_7281.HEIC,T014,ab6d9055769fc5dfdecf26907df14455c3592f78ce9ba44a78a33f629230c0d5,unique-2416,train
FOR AIIC SUBMISSION/Inventory_Photos/Tools_Equipment/T010_SmokeAbsorber/IMG_7384.HEIC,T010,aad976f95f31ebbe729006f2df30919abeabbde4aa0c89ce56da24b23423900b,unique-2417,train
FOR AIIC SUBMISSION/Inventory_Photos/Tools_Equipment/T013_ScrewPhillips/IMG_7244.HEIC,T013,fc6daa11cf543cb0e3a63a38dd7b3c912af70d0694637ae8b1a26a569fab2163,unique-2418,train
FOR AIIC SUBMISSION/Inventory_Photos/Tools_Equipment/T001_Scissor/IMG_4036.HEIC,T001,ee24c30d38d866f06d9475578b7a3e9d4097c4e742d18ca22d639ce2bee13a41,unique-2419,train
FOR AIIC SUBMISSION/Inventory_Photos/Tools_Equipment/T015_Caliper/IMG_7311.HEIC,T015,ac732b5a897627470ce1e5394119af8cdbc87854c17401a24cbc9c011af5f25c,unique-2420,train
FOR AIIC SUBMISSION/Inventory_Photos/Tools_Equipment/T014_Spanner/IMG_7255.HEIC,T014,7147743f06fa165b6e260cd1e47f00308cb5e3cc92285a419f3f8bd4b9403d24,unique-2421,train
FOR AIIC SUBMISSION/Inventory_Photos/Tools_Equipment/T007_CuttingMat/20260811_161718.jpg,T007,82919d893f28fbf33daa6ad2cbd9b7e63375a66e4e2bb678d3a045cad4ace951,unique-2422,train
FOR AIIC SUBMISSION/Inventory_Photos/Tools_Equipment/T012_Mallet/IMG_7195.HEIC,T012,9541eb72beecd4d4586d32a03b4f968f46d4d48fae1156fbfb9ec020748295e2,unique-2423,train
FOR AIIC SUBMISSION/Inventory_Photos/Tools_Equipment/T013_ScrewPhillips/IMG_7248.HEIC,T013,dc3b15c4268d09396dbdef0a02b61491095586f48a0ed4c9e9384356366e6485,unique-2424,train
FOR AIIC SUBMISSION/Inventory_Photos/Tools_Equipment/T001_Scissor/IMG_4164.HEIC,T001,5a47b5f05f4947a6366bacab9653df8f643636a068c2c881d68ab84c9640f05d,unique-2425,train
FOR AIIC SUBMISSION/Inventory_Photos/Tools_Equipment/T014_Spanner/IMG_7268.HEIC,T014,acba75ab5afba50cb6fc12f5649fc2c42597c5471eb09fbeece4d99c7b826a0c,unique-2426,train
FOR AIIC SUBMISSION/Inventory_Photos/Tools_Equipment/T015_Caliper/IMG_7288.HEIC,T015,e40cd95c1d4cfff48ef1364a32dad9fd4679fc5c1dd9d3f52ac6cabda7ef2e74,unique-2427,test
FOR AIIC SUBMISSION/Inventory_Photos/Tools_Equipment/T015_Caliper/IMG_7300.HEIC,T015,97c7240e303de9ac175bc8e3d9dfc9d667fa0a4e1a3cfda4ebebd6684437b5c1,unique-2428,train
FOR AIIC SUBMISSION/Inventory_Photos/Tools_Equipment/T001_Scissor/IMG_4032.HEIC,T001,cf9240dc0dcb2e3d00ccdb90d7e8457f548c83812624bf2672e3d0e4226a92f3,unique-2429,train
FOR AIIC SUBMISSION/Inventory_Photos/Tools_Equipment/T007_CuttingMat/20260811_161653.jpg,T007,a238700d692731f1a54a8a25d91faaef4c301c71cd6ee2cef22dfbe9b25334d3,unique-2430,train
FOR AIIC SUBMISSION/Inventory_Photos/Tools_Equipment/T012_Mallet/IMG_7204.HEIC,T012,30396fb9e0046ef7507c888fd2289256b56063c68fef8b837278508964d5b754,unique-2431,train
FOR AIIC SUBMISSION/Inventory_Photos/Tools_Equipment/T015_Caliper/IMG_7295.HEIC,T015,a0a2880a3437fbe29633b6fa2ca2d63dd0a783cfffb970b0e734d854e51a9668,unique-2432,validation
FOR AIIC SUBMISSION/Inventory_Photos/Tools_Equipment/T014_Spanner/IMG_7254.HEIC,T014,b7dccfc8d3c3ab2a3f0a335bb9dc73b2f9019e43cc1f8b1263139662802fd90e,unique-2433,train
FOR AIIC SUBMISSION/Inventory_Photos/Tools_Equipment/T007_CuttingMat/20260811_161518.jpg,T007,e25f221207cbacca8ac7cb99ebb0354ad8f534128e3c19e1c07dbd92a8c1c1cc,unique-2434,train
FOR AIIC SUBMISSION/Inventory_Photos/Tools_Equipment/T015_Caliper/IMG_7302.HEIC,T015,ef250c6808eb15c768c4c7112b9a41dbf1db5bb54940a8d0a4191b1f7636bbbb,unique-2435,train
FOR AIIC SUBMISSION/Inventory_Photos/Tools_Equipment/T014_Spanner/IMG_7266.HEIC,T014,4fee8cd8543bfcb9d74d7962c91e50a03227138a869dfac755a9e5df14cbf83c,unique-2436,test
FOR AIIC SUBMISSION/Inventory_Photos/Tools_Equipment/T008_SolderPen/IMG_7368.HEIC,T008,81bb448ceade8c9264905da4243c8da807c07edddd63ee2a1534aafe55bc355a,unique-2437,train
FOR AIIC SUBMISSION/Inventory_Photos/Tools_Equipment/T014_Spanner/IMG_7263.HEIC,T014,b584b04a0e7d59cbe4f183600cecc9a5a0c12da0c8fdecb17a955a4bed8ef96c,unique-2438,test
FOR AIIC SUBMISSION/Inventory_Photos/Tools_Equipment/T015_Caliper/IMG_7289.HEIC,T015,ca0911e7cbc97a4435769df7f05ee480666122a9396eda3c06389ca4165c3b79,unique-2439,train
FOR AIIC SUBMISSION/Inventory_Photos/Tools_Equipment/T007_CuttingMat/20260811_161726.jpg,T007,cfa67f72c2e1b63e0b2462312e3a20d782e15ad24f69e0b763c437db0487ad76,unique-2440,validation
FOR AIIC SUBMISSION/Inventory_Photos/Tools_Equipment/T001_Scissor/IMG_4033.HEIC,T001,f655e8c5f0531d68596ac205c69be506db77c094af9e4bf4beacbfcd093e1405,unique-2441,validation
FOR AIIC SUBMISSION/Inventory_Photos/Tools_Equipment/T014_Spanner/IMG_7271.HEIC,T014,d6a884ceb660a813a36f6a3f3c21f48fbc280592d1fd2dc99eb4769bcea24f91,unique-2442,test
FOR AIIC SUBMISSION/Inventory_Photos/Tools_Equipment/T001_Scissor/IMG_4030.HEIC,T001,d966c756532e7be74f92351f0c12201b7ef64e2e40e5956463c88f521cca5381,unique-2443,train
FOR AIIC SUBMISSION/Inventory_Photos/Tools_Equipment/T014_Spanner/IMG_7274.HEIC,T014,b0545d6a133f3a7733a150e17cf1f41c2bc20a2d33a49edeb271ca6a9fdd7203,unique-2444,train
FOR AIIC SUBMISSION/Inventory_Photos/Tools_Equipment/T014_Spanner/IMG_7277.HEIC,T014,fd03cdbed99931ea21846deeefa67a762a60521dd1b22ed55b6050b70451d121,unique-2445,validation
FOR AIIC SUBMISSION/Inventory_Photos/Tools_Equipment/T008_SolderPen/IMG_7363.HEIC,T008,4b5df228adf832af811b0392e3d94e0f00db41bdbd3268a407d370de0a2f070e,unique-2446,test
FOR AIIC SUBMISSION/Inventory_Photos/Tools_Equipment/T014_Spanner/IMG_7279.HEIC,T014,3faeb00e80c969e142cb0eb639fbdc9b97cb5c7867012a8729f8ca8cb1616150,unique-2447,validation
FOR AIIC SUBMISSION/Inventory_Photos/Tools_Equipment/T014_Spanner/IMG_7258.HEIC,T014,991df7aac43967f1a03ba3f3a3bae3e12179439fb070fcb9485698c723d00d36,unique-2448,train
FOR AIIC SUBMISSION/Inventory_Photos/Tools_Equipment/T014_Spanner/IMG_7261.HEIC,T014,f4a9ff1baf5d8a1e7437b7f55a98e94f04a6321a792cefe313b776427301cc0c,unique-2449,train
FOR AIIC SUBMISSION/Inventory_Photos/Tools_Equipment/T001_Scissor/IMG_4031.HEIC,T001,b8ede2060ff81694a4da3c1ed5859dc98406fb7a483c8c8142da5d12bf37394d,unique-2450,train
FOR AIIC SUBMISSION/Inventory_Photos/Tools_Equipment/T007_CuttingMat/20260811_161419.jpg,T007,8f0197cb1f27b82c62b7f7dfaf8c4d3bb651ea54d1aff6ad3e7d0d898b740a19,unique-2451,test
FOR AIIC SUBMISSION/Inventory_Photos/Tools_Equipment/T008_SolderPen/IMG_7373.HEIC,T008,beeb98a0f87fc08d41b872b96514da649be60e25011e10beb1b1803266666878,unique-2452,test
FOR AIIC SUBMISSION/Inventory_Photos/Tools_Equipment/T008_SolderPen/IMG_7378.HEIC,T008,e11ae182b136940d207f7c4992bd3f0f9be39f60e872badfe47970f89748f9d5,unique-2453,train
FOR AIIC SUBMISSION/Inventory_Photos/Tools_Equipment/T001_Scissor/IMG_4158.HEIC,T001,74d6e5ec7a553e4cab93e23eac74be1b8503ad3c3031341293451c456b9d84ac,unique-2454,train
FOR AIIC SUBMISSION/Inventory_Photos/Tools_Equipment/T001_Scissor/IMG_4153.HEIC,T001,a5a9560ef123935f37a84de6cbc4fa9f6d4aa2ced54f17d53782aac7c83ab275,unique-2455,validation
FOR AIIC SUBMISSION/Inventory_Photos/Tools_Equipment/T014_Spanner/IMG_7282.HEIC,T014,71426a817779bb4be1633a25aa9cb0716ab2db4f2a134e7386b93a527434bcb7,unique-2456,train
FOR AIIC SUBMISSION/Inventory_Photos/Tools_Equipment/T001_Scissor/IMG_4034.HEIC,T001,dd44891d2ac2b7c07b44ee9e780012e1979a13ea84cab2700e5ff6a158cb7f9f,unique-2457,train
FOR AIIC SUBMISSION/Inventory_Photos/Tools_Equipment/T008_SolderPen/IMG_7380.HEIC,T008,0407d609280444c2a1624a0bf77f79385a294293050469983b401e02ae019b73,unique-2458,train
FOR AIIC SUBMISSION/Inventory_Photos/Tools_Equipment/T012_Mallet/IMG_7201.HEIC,T012,032fee54a653ac274df48a475776126f768bd502c3b1208c99936c68569ebf50,unique-2459,test
FOR AIIC SUBMISSION/Inventory_Photos/Tools_Equipment/T014_Spanner/IMG_7265.HEIC,T014,404c09e4020022f37d988ba4b4d6849b47283545c1ced5209332fba8e6fc0766,unique-2460,train
FOR AIIC SUBMISSION/Inventory_Photos/Tools_Equipment/T001_Scissor/IMG_4152.HEIC,T001,baee168891b2a429c73c8ac35419daffbcf9ed7f1922025ae41bf15c27ecd9a7,unique-2461,train
FOR AIIC SUBMISSION/Inventory_Photos/Tools_Equipment/T007_CuttingMat/20260811_161429.jpg,T007,92f780e2a15ddcdcd4fe3e01e56d1452110f81c40913bff1511559dd8437761d,unique-2462,train
FOR AIIC SUBMISSION/Inventory_Photos/Tools_Equipment/T008_SolderPen/IMG_7374.HEIC,T008,6cd7458ac8d4368df4fd8cad439a6588e6e0c18a3cf8e27ffd3b7d8df548c35a,unique-2463,train
FOR AIIC SUBMISSION/Inventory_Photos/Tools_Equipment/T012_Mallet/IMG_7205.HEIC,T012,eb64d5ed5259b46bb6fea0e8edbd11d9e1f2619d7a1f28f18abd2b4845b3d673,unique-2464,train
FOR AIIC SUBMISSION/Inventory_Photos/Tools_Equipment/T014_Spanner/IMG_7287.HEIC,T014,5be90f2c9960f61458719038d288bc5d396734f95d714549c614bc936176dbf2,unique-2465,train
FOR AIIC SUBMISSION/Inventory_Photos/Tools_Equipment/T014_Spanner/IMG_7276.HEIC,T014,6dfa73e5adb22dcbe6c31c4a91c3410a4628914bc861e5b65df3821dce97c3b3,unique-2466,train
FOR AIIC SUBMISSION/Inventory_Photos/Tools_Equipment/T014_Spanner/IMG_7273.HEIC,T014,8e69515b3e1a9b629f0564b67f17f01796146ef52b4b60e856080e647b6d863b,unique-2467,train
FOR AIIC SUBMISSION/Inventory_Photos/Tools_Equipment/T007_CuttingMat/20260811_161631.jpg,T007,05c69764a6706d18b767c5be13c4b5dea306f2e2f8bc9a768ca9e037c23ade74,unique-2468,validation
FOR AIIC SUBMISSION/Inventory_Photos/Tools_Equipment/T008_SolderPen/IMG_7375.HEIC,T008,5804507d00cabdb96601a8c2f595969c14e11208f83104b39110040c55eec1fa,unique-2469,train
FOR AIIC SUBMISSION/Inventory_Photos/Tools_Equipment/T008_SolderPen/IMG_7377.HEIC,T008,2d72da0b491caeb76d0be17bccfa18420ba8b6c3af660ca2dc076b5f00926d59,unique-2470,validation
FOR AIIC SUBMISSION/Inventory_Photos/Tools_Equipment/T008_SolderPen/IMG_7369.HEIC,T008,7295b8aaa798ddc0c6922a733586636fc3f33f21495d8730affac4b87e1a1fb3,unique-2471,train
FOR AIIC SUBMISSION/Inventory_Photos/Tools_Equipment/T010_SmokeAbsorber/IMG_7392.HEIC,T010,ad370f7ab82d378d28d07abef17c77d074477dcaca15f4842c6d0408a665f167,unique-2472,test
FOR AIIC SUBMISSION/Inventory_Photos/Tools_Equipment/T001_Scissor/IMG_4035.HEIC,T001,d0ce8d45a594201751bfc8545e3bef096773d2e4307c5959bbfa8c2162ce3264,unique-2473,validation
FOR AIIC SUBMISSION/Inventory_Photos/Tools_Equipment/T012_Mallet/IMG_7203.HEIC,T012,bd56d254907448b10d10e18b8b0647278680d89714714b9198ecce5720cef789,unique-2474,train
FOR AIIC SUBMISSION/Inventory_Photos/Tools_Equipment/T001_Scissor/IMG_4038.HEIC,T001,9faadee9d38e4d1b52574b3b9b390071c3dbb80169a2d6b8142a8843d95d3bd7,unique-2475,train
FOR AIIC SUBMISSION/Inventory_Photos/Tools_Equipment/T008_SolderPen/IMG_7372.HEIC,T008,194cf5a1ab84d498524db6194132abd1f8500fbfbaf657bfeae411d91a49732f,unique-2476,validation
FOR AIIC SUBMISSION/Inventory_Photos/Tools_Equipment/T014_Spanner/IMG_7278.HEIC,T014,02017ba03e7f7c11f3251b76e4663a47d70f960236576ae7bff7f0278ec34b72,unique-2477,train
FOR AIIC SUBMISSION/Inventory_Photos/Tools_Equipment/T012_Mallet/IMG_7192.HEIC,T012,e534bc63f26299f2bea0894f245d4afa2e4aef103f0e1c7cff06199b5c36c5c5,unique-2478,train
FOR AIIC SUBMISSION/Inventory_Photos/Tools_Equipment/T001_Scissor/IMG_4155.HEIC,T001,26b842291fb77451c0f636de0ef0f6bd80dfa5acda9299cefd3c271967b3618d,unique-2479,train
FOR AIIC SUBMISSION/Inventory_Photos/Tools_Equipment/T015_Caliper/IMG_7310.HEIC,T015,ff16dc416d26bd6680f79ea4b555c83bb986feffba3329fbd6993aabf125ab9f,unique-2480,train
FOR AIIC SUBMISSION/Inventory_Photos/Tools_Equipment/T012_Mallet/IMG_7207.HEIC,T012,b28fc73c10f10c0d58dfa5c330be9c24d9bca368f0ab6cd3b455609bb25f1fc5,unique-2481,train
FOR AIIC SUBMISSION/Inventory_Photos/Tools_Equipment/T002_Plier/IMG_4149.HEIC,T002,5bc4507d9175c0de6a7444466e040a35c76fe656759267b1a80eebadd0e9ea93,unique-2482,validation
FOR AIIC SUBMISSION/Inventory_Photos/Tools_Equipment/T001_Scissor/IMG_4039.HEIC,T001,864f59cf452a7ee0c897c3baa1a62cca7d6f31fba09c3f3a6ee4052047f82970,unique-2483,train
FOR AIIC SUBMISSION/Inventory_Photos/Tools_Equipment/T012_Mallet/IMG_7193.HEIC,T012,6c0821e9a207b1e3b87129d04fcead656745e555dc09b49672d329507f31fafe,unique-2484,validation
FOR AIIC SUBMISSION/Inventory_Photos/Tools_Equipment/T007_CuttingMat/20260811_161536.jpg,T007,b037751a86adec14473f6a10ede59dfd9cc493ca672f08adb16817ac8cc03f03,unique-2485,train
FOR AIIC SUBMISSION/Inventory_Photos/Tools_Equipment/T008_SolderPen/IMG_7381.HEIC,T008,855bd9032640cd496f606580d5e29d6806d9667bfb20771c9af57075ce7be084,unique-2486,validation
FOR AIIC SUBMISSION/Inventory_Photos/Tools_Equipment/T014_Spanner/IMG_7285.HEIC,T014,b26c4ca656d9ca0dae6fdfb2b1d599e53a134c9649ea9ca0301cf3d795a6a2d6,unique-2487,train
FOR AIIC SUBMISSION/Inventory_Photos/Tools_Equipment/T012_Mallet/IMG_7198.HEIC,T012,078c5a7625850204916d76596c86181ae5a01b7aea14684118a74ebbdcac9444,unique-2488,train
FOR AIIC SUBMISSION/Inventory_Photos/Tools_Equipment/T014_Spanner/IMG_7259.HEIC,T014,1e9427aa691aaf044eea636a0e57797f47d017f816a7e4ff887a1ff0d3a222fe,unique-2489,train
FOR AIIC SUBMISSION/Inventory_Photos/Tools_Equipment/T015_Caliper/IMG_7294.HEIC,T015,8c21f33a165ddefbc06b64a56c0d72ab0af437b9e749bd4325ef41aad0bac188,unique-2490,train
FOR AIIC SUBMISSION/Inventory_Photos/Tools_Equipment/T008_SolderPen/IMG_7376.HEIC,T008,db3221803816cebadca92d9c26819c08f4e2a149c10d610210b60bdc5ebf6110,unique-2491,train
FOR AIIC SUBMISSION/Inventory_Photos/Tools_Equipment/T010_SmokeAbsorber/IMG_7385.HEIC,T010,a4eab66c89ed23c8608503f86de3a3ba11f9cee7418b1b716b6ccc96be6dcea2,unique-2492,train
FOR AIIC SUBMISSION/Inventory_Photos/Tools_Equipment/T010_SmokeAbsorber/IMG_7394.HEIC,T010,b4474d6fd457e3bed50b6d6a1c133a24e34c8db04d4cde3dcf806438e41470fc,unique-2493,test
FOR AIIC SUBMISSION/Inventory_Photos/Tools_Equipment/T010_SmokeAbsorber/IMG_7399.HEIC,T010,9d6fe21f7e0345d296dbd35f54b355a28ddda543070c7457211040f2579ff40f,unique-2494,train
FOR AIIC SUBMISSION/Inventory_Photos/Tools_Equipment/T012_Mallet/IMG_7191.HEIC,T012,b4d4cd7822330f69ebe1d7c5295aa4c697bd0c64de748ccbe492ea5834e6f261,unique-2495,train
FOR AIIC SUBMISSION/Inventory_Photos/Tools_Equipment/T012_Mallet/IMG_7187.HEIC,T012,d7fb00cd0880af1595adf16bb708c515dd92496c6532ac5c03af9b8bc036114e,unique-2496,train
FOR AIIC SUBMISSION/Inventory_Photos/Tools_Equipment/T002_Plier/IMG_4046.HEIC,T002,454f2f6b7fad351dd37e1d1c749eacc094c90a28d33189341b2a16e1b415f091,unique-2497,validation
FOR AIIC SUBMISSION/Inventory_Photos/Tools_Equipment/T007_CuttingMat/20260811_161646.jpg,T007,cab246477d00280b25a7902784b6953230ea80971e726a135ab998d5d20aef78,unique-2498,train
FOR AIIC SUBMISSION/Inventory_Photos/Tools_Equipment/T007_CuttingMat/20260811_161656.jpg,T007,e2c262a2dc7aa016406639c49d86f47439689aa7959a37ab938eeea3654cbedf,unique-2499,test
FOR AIIC SUBMISSION/Inventory_Photos/Tools_Equipment/T012_Mallet/IMG_7197.HEIC,T012,072fcea145f460638526458f6536fb0b04a21c0737ed4a24b0a94a5d32b0bc2c,unique-2500,train
FOR AIIC SUBMISSION/Inventory_Photos/Tools_Equipment/T002_Plier/IMG_4041.HEIC,T002,096ade18336f7f9beed70bfab175aad3e6d2723d1652b1a70bce5591d6bd23fb,unique-2501,train
FOR AIIC SUBMISSION/Inventory_Photos/Tools_Equipment/T008_SolderPen/IMG_7365.HEIC,T008,7ca261bf77f0d8efeec4a6fd62bd4aa8a3781b9fb6a7474179229c5ddf1338c2,unique-2502,train
FOR AIIC SUBMISSION/Inventory_Photos/Tools_Equipment/T008_SolderPen/IMG_7366.HEIC,T008,751e102f929c2045c9f397ed5409f40cf7a120dc706601f5e244d14597184386,unique-2503,train
FOR AIIC SUBMISSION/Inventory_Photos/Tools_Equipment/T012_Mallet/IMG_7189.HEIC,T012,ac15d91b13825d12bab5c702cf92561aed62bee7f1a89cde5994ee87882d2fef,unique-2504,validation
FOR AIIC SUBMISSION/Inventory_Photos/Tools_Equipment/T012_Mallet/IMG_7196.HEIC,T012,f48f9e9182170612acf51278666518f38969a90813911bc2f3b1c8ae37729c80,unique-2505,train
FOR AIIC SUBMISSION/Inventory_Photos/Tools_Equipment/T007_CuttingMat/20260811_161740.jpg,T007,507d8b236364d235fba732c596c49fcc28a6d5ad0d51c55e7fdd098b0801042c,unique-2506,train
FOR AIIC SUBMISSION/Inventory_Photos/Tools_Equipment/T002_Plier/IMG_4145.HEIC,T002,1f2d88193d54fcd9dcee389907f42af707124ea75967d3bb9a63fac049cf9f4a,unique-2507,train
FOR AIIC SUBMISSION/Inventory_Photos/Tools_Equipment/T006_Cutter/IMG_4203.HEIC,T006,0ac75ea7113f59ab893e82dddf1fc6357f1bbd92d502f8c8c73d4b61ed613e1d,unique-2508,test
FOR AIIC SUBMISSION/Inventory_Photos/Tools_Equipment/T012_Mallet/IMG_7208.HEIC,T012,b02d283efac4cec9def067135582fb6376b4b0a47a6ef46011da20c51ed60f86,unique-2509,train
FOR AIIC SUBMISSION/Inventory_Photos/Tools_Equipment/T012_Mallet/IMG_7200.HEIC,T012,2cde06eea6ee9af26549f88007a07a7225060a91df7c12f5c0b99ea0856efc88,unique-2510,train
FOR AIIC SUBMISSION/Inventory_Photos/Tools_Equipment/T010_SmokeAbsorber/IMG_7402.HEIC,T010,43e70e48d4441175f832471bd0958ddaebc7d195e02f2b3583969bf41dfcebbe,unique-2511,train
FOR AIIC SUBMISSION/Inventory_Photos/Tools_Equipment/T012_Mallet/IMG_7190.HEIC,T012,0bb47cf51ed06057f8caeda477c6b1b0a2f8d22190f4579963109f7fd625440e,unique-2512,train
FOR AIIC SUBMISSION/Inventory_Photos/Tools_Equipment/T007_CuttingMat/20260811_161437.jpg,T007,7403413a3f8c7e4b6dc0ce404be4b0cfac0202ea2d3f2db0d7e71d7feb0b1972,unique-2513,train
FOR AIIC SUBMISSION/Inventory_Photos/Tools_Equipment/T002_Plier/IMG_4150.HEIC,T002,5cb9e81caf11bc2019e90c4d653978e45e5563c43b1c7f36761f75ce6b061063,unique-2514,train
FOR AIIC SUBMISSION/Inventory_Photos/Tools_Equipment/T002_Plier/IMG_4052.HEIC,T002,e3cef8310c7b586b56f5f8df49c6645ba11b18e56229a1ae5613336b9e51925d,unique-2515,train
FOR AIIC SUBMISSION/Inventory_Photos/Tools_Equipment/T007_CuttingMat/20260811_161703.jpg,T007,330faf25f0cb137d5b563e2560aa6eac61e96b0769b8c5ec7c4e32b5c2ef2dc0,unique-2516,train
FOR AIIC SUBMISSION/Inventory_Photos/Tools_Equipment/T001_Scissor/IMG_4163.HEIC,T001,e5001ab1e288b020e0aa7c405926d8b3116c6fd3580acb2b13feec46538aa43d,unique-2517,train
FOR AIIC SUBMISSION/Inventory_Photos/Tools_Equipment/T006_Cutter/IMG_4209.HEIC,T006,7e76427f95c796ba0b562cf3f214cd064676bce7b80b55e121afdff3f87ba15a,unique-2518,train
FOR AIIC SUBMISSION/Inventory_Photos/Tools_Equipment/T006_Cutter/IMG_4201.HEIC,T006,5de9e943d2b26b3ab07af0058f218c0e73d2f731e1b2a1614cce5a352754a30e,unique-2519,train
FOR AIIC SUBMISSION/Inventory_Photos/Tools_Equipment/T006_Cutter/IMG_4194.HEIC,T006,42353b2f9e9f4bbcf859592c0c2458ef9a05b1683bf9fbf973946b20c41d4727,unique-2520,train
FOR AIIC SUBMISSION/Inventory_Photos/Tools_Equipment/T007_CuttingMat/20260811_161544.jpg,T007,70700077b9f497e55adcf8ce047fa7d40ea8661cf635613c90751809ef97cad1,unique-2521,train
FOR AIIC SUBMISSION/Inventory_Photos/Tools_Equipment/T002_Plier/IMG_4043.HEIC,T002,46ad3cbe6dd96e009e33d008a60e47f3a277fb7ef259ef75483a049336dfda66,unique-2522,train
FOR AIIC SUBMISSION/Inventory_Photos/Tools_Equipment/T005_MeasuringTape/IMG_7327.HEIC,T005,c420ed9454edcf2a32cdb5a1cea59b2ddfc7f320a69626f47f87db739406942f,unique-2523,train
FOR AIIC SUBMISSION/Inventory_Photos/Tools_Equipment/T006_Cutter/IMG_4206.HEIC,T006,c409d0d83af9bb7ee5c71b0a5bc845b73d277b06f9269ad70ec6b4231b0fdeec,unique-2524,train
FOR AIIC SUBMISSION/Inventory_Photos/Tools_Equipment/T010_SmokeAbsorber/IMG_7400.HEIC,T010,80f53a6cf8bce400c5e897841c0b22dc1540df4cddb408b0cc6f2adfa53e58d5,unique-2525,validation
FOR AIIC SUBMISSION/Inventory_Photos/Tools_Equipment/T010_SmokeAbsorber/IMG_7401.HEIC,T010,ae54edba8fc0e5a6420ec774537b2601584815fda45bc9dfb23b3ea12d90603d,unique-2526,train
FOR AIIC SUBMISSION/Inventory_Photos/Tools_Equipment/T005_MeasuringTape/IMG_7317.HEIC,T005,7fc8829c9a8ef50268fc69b6239a95803481b96e50d1d830c4656fb1be4a1f3c,unique-2527,train
FOR AIIC SUBMISSION/Inventory_Photos/Tools_Equipment/T002_Plier/IMG_4146.HEIC,T002,43a7c4570771158286df037b1349cfd3ed10d88116d69b23c0895733ecd947ca,unique-2528,train
FOR AIIC SUBMISSION/Inventory_Photos/Tools_Equipment/T005_MeasuringTape/IMG_7318.HEIC,T005,d5fd50357477fd37296d409655fbb38ef023a515c464410ae034b409ecf919f7,unique-2529,validation
FOR AIIC SUBMISSION/Inventory_Photos/Tools_Equipment/T006_Cutter/IMG_4204.HEIC,T006,8b5ea36ee1dff2f619a6def2c66b06da98345aaf855ff198018ec41f688f6b2a,unique-2530,train
FOR AIIC SUBMISSION/Inventory_Photos/Tools_Equipment/T002_Plier/IMG_4047.HEIC,T002,77fb2b5ec9c2e7905c8c856c145c1e3cbdd8768a4526af8c1b3ea87ad5f0de1f,unique-2531,train
FOR AIIC SUBMISSION/Inventory_Photos/Tools_Equipment/T001_Scissor/IMG_4161.HEIC,T001,6b6c5832f67ddc0ae7ad2bbba50db59b20c8f829a1931f6a8225b55722171975,unique-2532,train
FOR AIIC SUBMISSION/Inventory_Photos/Tools_Equipment/T002_Plier/IMG_4042.HEIC,T002,3683a598f1dabd3997295d0f7cc4cf20d42848f59cd2d4e8bc099d841a108dbe,unique-2533,test
FOR AIIC SUBMISSION/Inventory_Photos/Tools_Equipment/T012_Mallet/IMG_7188.HEIC,T012,10b72c2bd8b20f1289eb8e43b8694f735e4626c9995f17d9adabc4bdc7f726fa,unique-2534,train
FOR AIIC SUBMISSION/Inventory_Photos/Tools_Equipment/T008_SolderPen/IMG_7379.HEIC,T008,9e7ca8554799cadc43f0080bd65d4be07fb0cf4b80598c99bae537e2c6c4215d,unique-2535,train
FOR AIIC SUBMISSION/Inventory_Photos/Tools_Equipment/T010_SmokeAbsorber/IMG_7391.HEIC,T010,12f8046b671177f2a63eff74b6577280a3ba8aee897398c7712e756c049d2b2b,unique-2536,validation
FOR AIIC SUBMISSION/Inventory_Photos/Tools_Equipment/T008_SolderPen/IMG_7367.HEIC,T008,8677e02ed31b26d2b11c29a30d931bbc9d71f5d305f629d7162e16f15459a9df,unique-2537,train
FOR AIIC SUBMISSION/Inventory_Photos/Tools_Equipment/T005_MeasuringTape/IMG_7337.HEIC,T005,751edba00caa766655a52ec84bdc47ebc386dc08d7bc9a35670098a94d12e808,unique-2538,train
FOR AIIC SUBMISSION/Inventory_Photos/Tools_Equipment/T005_MeasuringTape/IMG_7326.HEIC,T005,c8b6c938e1e89b55317fa4246178682f766a6bb0691af52e316debca996f3ae8,unique-2539,train
FOR AIIC SUBMISSION/Inventory_Photos/Tools_Equipment/T006_Cutter/IMG_4198.HEIC,T006,ed8ecae4eabd9736e88dfcda1a5cb368ed2654a868aadaae7dde21f82cff4013,unique-2540,test
FOR AIIC SUBMISSION/Inventory_Photos/Tools_Equipment/T006_Cutter/IMG_4214.HEIC,T006,8c355bfd2539cb1ab7d4d1ffab822f24aa60e64a51630636ee7af89a92cd8bab,unique-2541,train
FOR AIIC SUBMISSION/Inventory_Photos/Tools_Equipment/T006_Cutter/IMG_4192.HEIC,T006,2daf48af029625b97564399ae566949f8169fd94b459bb1bf12e6ca97e5e2e26,unique-2542,train
FOR AIIC SUBMISSION/Inventory_Photos/Tools_Equipment/T005_MeasuringTape/IMG_7316.HEIC,T005,2f6c2504d2e3072f4dd5bb2f8583f3dd98c41f53ba1864d3bcb3090f9405e610,unique-2543,train
FOR AIIC SUBMISSION/Inventory_Photos/Tools_Equipment/T005_MeasuringTape/IMG_7314.HEIC,T005,3635b25d0d9c57542633724066051aff913a64f5f6ba15986cee026643218156,unique-2544,test
FOR AIIC SUBMISSION/Inventory_Photos/Tools_Equipment/T005_MeasuringTape/IMG_7332.HEIC,T005,cae6b6bfc4c8fcaa1d0206e18982306e3744584cea490a3d7265850500287b36,unique-2545,train
FOR AIIC SUBMISSION/Inventory_Photos/Tools_Equipment/T002_Plier/IMG_4044.HEIC,T002,3961877d604da137bd90a47b8099347dfe7ed5a0aee0f38fc42e36a9985e13b5,unique-2546,train
FOR AIIC SUBMISSION/Inventory_Photos/Tools_Equipment/T005_MeasuringTape/IMG_4139.HEIC,T005,9d9838c919e57d819c2632e7b777a27fb32a631bf2dbcb85206f75240e90a2cb,unique-2547,train
FOR AIIC SUBMISSION/Inventory_Photos/Tools_Equipment/T012_Mallet/IMG_7202.HEIC,T012,6bde3857621eeca78688cff85c9f9be8e9471f2e9ad02e5b385c6bfab2de50c4,unique-2548,validation
FOR AIIC SUBMISSION/Inventory_Photos/Tools_Equipment/T005_MeasuringTape/IMG_7331.HEIC,T005,49a6155bcaa493281493ce43dce1f54f83e1c8b6f46b89552ebd3d09dad8e5d6,unique-2549,validation
FOR AIIC SUBMISSION/Inventory_Photos/Tools_Equipment/T010_SmokeAbsorber/IMG_7388.HEIC,T010,c42c901664630bd0cc903887129fc8230c02c674d9a34a3c0bce16e53311788f,unique-2550,validation
FOR AIIC SUBMISSION/Inventory_Photos/Tools_Equipment/T005_MeasuringTape/IMG_7338.HEIC,T005,3496e19ba8f7e31b37a7b1a0c43fa727296d15b6188e64df7579e965a8b93660,unique-2551,train
FOR AIIC SUBMISSION/Inventory_Photos/Tools_Equipment/T002_Plier/IMG_4051.HEIC,T002,5a7fde82785bfa369ef24b959046723af7e2a0627cffd8443f53adddc8b0a50f,unique-2552,train
FOR AIIC SUBMISSION/Inventory_Photos/Tools_Equipment/T008_SolderPen/IMG_7362.HEIC,T008,26858083d44eaaf5bff139a804973a398c17dbf5be4a746ccfe0444e32592596,unique-2553,train
FOR AIIC SUBMISSION/Inventory_Photos/Tools_Equipment/T005_MeasuringTape/IMG_7336.HEIC,T005,13c3f2af1a70d6dcf9bf563678a0f1a81d539ea2fd934c2e32fa85191b6c372c,unique-2554,validation
FOR AIIC SUBMISSION/Inventory_Photos/Tools_Equipment/T005_MeasuringTape/IMG_4065.HEIC,T005,63c29bef46997125ac9c2a35b389f8ef999c8a3a0f266052be96921574324397,unique-2555,train
FOR AIIC SUBMISSION/Inventory_Photos/Tools_Equipment/T005_MeasuringTape/IMG_7319.HEIC,T005,4a3e1f8246bffced4e46a58fd9d7be5388de1f48aff74e2037d2697158b5dfc8,unique-2556,train
FOR AIIC SUBMISSION/Inventory_Photos/Tools_Equipment/T006_Cutter/IMG_4213.HEIC,T006,af1402c729d3585ebfa90f419ee3d34430a4ebbc2f8befa99d39cb7c05d427f6,unique-2557,validation
FOR AIIC SUBMISSION/Inventory_Photos/Tools_Equipment/T006_Cutter/IMG_4197.HEIC,T006,b192dc499bcb745d136fec34e4ca6a048c08c626fb857c3d5e4c8a6de1242cc6,unique-2558,train
FOR AIIC SUBMISSION/Inventory_Photos/Tools_Equipment/T005_MeasuringTape/IMG_7320.HEIC,T005,106929f8f8bcdab21d8bae48bc582a5ebbedff0e09ff467cf8f8ceb64d6a49da,unique-2559,train
FOR AIIC SUBMISSION/Inventory_Photos/Tools_Equipment/T005_MeasuringTape/IMG_4129.HEIC,T005,8d69e6c0f9c84293f2eba3d7c15e98358b3810e8af78d8d0d68800e4dc1557db,unique-2560,train
FOR AIIC SUBMISSION/Inventory_Photos/Tools_Equipment/T005_MeasuringTape/IMG_7324.HEIC,T005,ff2a61cea37f583b138585c264d6f9dc47f10037bbb8c8cb279e14d8d94a16db,unique-2561,validation
FOR AIIC SUBMISSION/Inventory_Photos/Tools_Equipment/T008_SolderPen/IMG_7370.HEIC,T008,89f0d953cfb1f622bb6f518d07102569a3e48536cda55aa600f3431adb2776da,unique-2562,train
FOR AIIC SUBMISSION/Inventory_Photos/Tools_Equipment/T004_GlueGun/IMG_6820.HEIC,T004,7cef2dff8590a8ea659831c681326c5e83cef1308398779fb21f34c0528d1933,unique-2563,test
FOR AIIC SUBMISSION/Inventory_Photos/Tools_Equipment/T005_MeasuringTape/IMG_4067.HEIC,T005,f395bd7e7311e59ada02f5e47da42f683cd6f0bebe02fb5e34215626243756a5,unique-2564,validation
FOR AIIC SUBMISSION/Inventory_Photos/Tools_Equipment/T008_SolderPen/IMG_7364.HEIC,T008,1c9b400f8cbf0f2cb3d0d45109cc955ce7b3fd104cfc1ba7a15045018bd80c59,unique-2565,validation
FOR AIIC SUBMISSION/Inventory_Photos/Tools_Equipment/T006_Cutter/IMG_4202.HEIC,T006,60ff610d326781b18d467d7ab836b4197aab1ae69a1968838d326a2d39996cb0,unique-2566,train
FOR AIIC SUBMISSION/Inventory_Photos/Tools_Equipment/T006_Cutter/IMG_4212.HEIC,T006,9605815e4a2405fe451558f9503e18fca5ebeee0d8ad9d36b246545342d9d6e9,unique-2567,test
FOR AIIC SUBMISSION/Inventory_Photos/Tools_Equipment/T005_MeasuringTape/IMG_7315.HEIC,T005,725fdac35e24c63ff6fe2510f6613586158b05c4e69e67fd4ac3396204d6c1da,unique-2568,train
FOR AIIC SUBMISSION/Inventory_Photos/Tools_Equipment/T005_MeasuringTape/IMG_7330.HEIC,T005,a2c032983a2d01ad93a4ec07b54b12a0433d7c62931aaba4a87a00b6e9b33539,unique-2569,train
FOR AIIC SUBMISSION/Inventory_Photos/Tools_Equipment/T005_MeasuringTape/IMG_4072.HEIC,T005,0b079c662237863ca5ceee33aafac56d8b1c52b4e9b72696468b73ba20ee983a,unique-2570,train
FOR AIIC SUBMISSION/Inventory_Photos/Tools_Equipment/T005_MeasuringTape/IMG_4069.HEIC,T005,ab8780c6022edf41e70ee81f6bd7790709d3061af63839b407c23652396624c2,unique-2571,validation
FOR AIIC SUBMISSION/Inventory_Photos/Tools_Equipment/T004_GlueGun/IMG_6821.HEIC,T004,171f9dfb8c80b34485f3552700de60f9e576ba5d1b18f63055267740f9dfc97e,unique-2572,test
FOR AIIC SUBMISSION/Inventory_Photos/Tools_Equipment/T002_Plier/IMG_4143.HEIC,T002,3255cdd9fa63600bca736f55306d96bac5e7232620b37ab81d25e13873c5b02e,unique-2573,train
FOR AIIC SUBMISSION/Inventory_Photos/Tools_Equipment/T005_MeasuringTape/IMG_4066.HEIC,T005,2e7f7e796773669d73807d68c96a5b147be4aa66ebe0bca99e45cb11baefa0b2,unique-2574,test
FOR AIIC SUBMISSION/Inventory_Photos/Tools_Equipment/T004_GlueGun/IMG_6813.HEIC,T004,086e20c38f911a2dc8d75bc12074730f221f67114e89c49e6a9602b36e87f13e,unique-2575,train
FOR AIIC SUBMISSION/Inventory_Photos/Tools_Equipment/T002_Plier/IMG_4142.HEIC,T002,6d5aa221becd3221ebd1354cc81e040ab8a5eb447dd80153f54a5c4f15935c1f,unique-2576,train
FOR AIIC SUBMISSION/Inventory_Photos/Tools_Equipment/T002_Plier/IMG_4147.HEIC,T002,9263db340ab4b7db02d54a4ffb3532ad7d1eb49d23459383804fd9d9eab7c6c3,unique-2577,train
FOR AIIC SUBMISSION/Inventory_Photos/Tools_Equipment/T004_GlueGun/IMG_6818.HEIC,T004,c1ff060bfb9f73f7186609daa9ddff593622c50ec4bc338f5264d9186dd1f280,unique-2578,train
FOR AIIC SUBMISSION/Inventory_Photos/Tools_Equipment/T006_Cutter/IMG_4208.HEIC,T006,b07a4f14cf30e64764e17070ce81304dbb7f62d4726fbaadbdc00fb7e8cb42eb,unique-2579,train
FOR AIIC SUBMISSION/Inventory_Photos/Tools_Equipment/T004_GlueGun/IMG_6812.HEIC,T004,2bb8f462f01cebba841764cd3210856c87ecdd6da97c2cd1bb42e0e21641921f,unique-2580,validation
FOR AIIC SUBMISSION/Inventory_Photos/Tools_Equipment/T002_Plier/IMG_4045.HEIC,T002,4ad93937bb9ac033db0e2375637a6d3cccabc5575893e665d3b6b1057006f99c,unique-2581,train
FOR AIIC SUBMISSION/Inventory_Photos/Tools_Equipment/T005_MeasuringTape/IMG_4073.HEIC,T005,1553765f763ce10312f7809b3e40e67372a39584e510b27751ecc4c71f089f45,unique-2582,validation
FOR AIIC SUBMISSION/Inventory_Photos/Tools_Equipment/T008_SolderPen/IMG_7382.HEIC,T008,c61a449d324b53188202a2a9154c93de6bf7b74be33e321e5d15f22fb1edb072,unique-2583,train
FOR AIIC SUBMISSION/Inventory_Photos/Tools_Equipment/T002_Plier/IMG_4049.HEIC,T002,2ee403acc8e77ccd16b4e5f838e07f713c5e93d6d2decc1c1857c3661449cce7,unique-2584,train
FOR AIIC SUBMISSION/Inventory_Photos/Tools_Equipment/T004_GlueGun/IMG_6810.HEIC,T004,36311dd8c6581ebb3b05d3dea3e03dbfa1069e2e20e3e23a106d1d7c42ee0b7d,unique-2585,train
FOR AIIC SUBMISSION/Inventory_Photos/Tools_Equipment/T009_SolderWire/IMG_7342.HEIC,T009,240a1cf69c760ea84ab39a82e1d21e97c05bfb8e363cdd9ac750820d331a983d,unique-2586,train
FOR AIIC SUBMISSION/Inventory_Photos/Tools_Equipment/T005_MeasuringTape/IMG_4078.HEIC,T005,cd3f1d70b85d399212e0e3121ab846274790259d76850129e4d5496276de95c9,unique-2587,test
FOR AIIC SUBMISSION/Inventory_Photos/Tools_Equipment/T002_Plier/IMG_4151.HEIC,T002,1dd1dcc42454d621eb8c13b1787b73a6de657a5151f04b1507798e637948cb69,unique-2588,test
FOR AIIC SUBMISSION/Inventory_Photos/Tools_Equipment/T002_Plier/IMG_4144.HEIC,T002,7de653e78dacf080d4ac1bae382871394373a29d6881314bd1e5f0739e301069,unique-2589,train
FOR AIIC SUBMISSION/Inventory_Photos/Tools_Equipment/T004_GlueGun/IMG_4053.HEIC,T004,481903b1ff85ea702ba9da512a153624865626aac156fa5f40bdf8f36be19867,unique-2590,validation
FOR AIIC SUBMISSION/Inventory_Photos/Tools_Equipment/T005_MeasuringTape/IMG_4076.HEIC,T005,7cd7b08ebe1a84b906088dfac492c91b888d237d357730f74a5554c632ee18a2,unique-2591,train
FOR AIIC SUBMISSION/Inventory_Photos/Tools_Equipment/T005_MeasuringTape/IMG_7321.HEIC,T005,0364747db6dc9ba745e381da8fe01780844b7e6d20a06145a6129e3dff01a9b3,unique-2592,train
FOR AIIC SUBMISSION/Inventory_Photos/Tools_Equipment/T005_MeasuringTape/IMG_4064.HEIC,T005,278dad71075691bf5e1e8610f775be47469f2630b9f4570d7d9aadad37452c00,unique-2593,train
FOR AIIC SUBMISSION/Inventory_Photos/Tools_Equipment/T009_SolderWire/IMG_7355.HEIC,T009,0428da7a5d68abffa7d7816991b9a2be2c3f23c6c3b70537c5ef2db2f14904ea,unique-2594,train
FOR AIIC SUBMISSION/Inventory_Photos/Tools_Equipment/T004_GlueGun/IMG_4056.HEIC,T004,b6e3cdf32ede87bc73587d95ce1d08506bc7c417f3ef597bc131800fe5f1bb26,unique-2595,train
FOR AIIC SUBMISSION/Inventory_Photos/Tools_Equipment/T004_GlueGun/IMG_4062.HEIC,T004,0793ecefe0844793168536910ce4c7bd058b944fc909a052be5d54249915b6fc,unique-2596,train
FOR AIIC SUBMISSION/Inventory_Photos/Tools_Equipment/T006_Cutter/IMG_4211.HEIC,T006,eecb9407878a0fca18779e174748dd1500ee8274728ec05f46a4b99814ea102b,unique-2597,train
FOR AIIC SUBMISSION/Inventory_Photos/Tools_Equipment/T001_Scissor/IMG_4040.HEIC,T001,1a95028393c4667a7e023f932e85db3ea57bed61631c16b8431cf7cb3691fcfd,unique-2598,train
FOR AIIC SUBMISSION/Inventory_Photos/Tools_Equipment/T005_MeasuringTape/IMG_7335.HEIC,T005,48d6bce0538b30d86cf258e08800279626089b86f7349571a747d208988e1ed5,unique-2599,train
FOR AIIC SUBMISSION/Inventory_Photos/Tools_Equipment/T002_Plier/IMG_4148.HEIC,T002,1b5f0d100da011220d64212b813e51ee85d50ef7b9ead69dd8a16816bdd83bd7,unique-2600,train
FOR AIIC SUBMISSION/Inventory_Photos/Tools_Equipment/T005_MeasuringTape/IMG_7312.HEIC,T005,e9d3413f6087cca6d7cd0d3d061c2ef649f79f849c3a4ee70e4c622dcc0f56b4,unique-2601,train
FOR AIIC SUBMISSION/Inventory_Photos/Tools_Equipment/T009_SolderWire/IMG_7358.HEIC,T009,04acbf5967b57fb6173a2f6a32d0d2579d249a4c93942200f0b48a239342d260,unique-2602,train
FOR AIIC SUBMISSION/Inventory_Photos/Tools_Equipment/T009_SolderWire/IMG_7341.HEIC,T009,c30dcf15aa7785713f3ab574bdf044a6a9bad9a4a3c1cf8bce6c5ae531c3e0c5,unique-2603,test
FOR AIIC SUBMISSION/Inventory_Photos/Tools_Equipment/T009_SolderWire/IMG_7344.HEIC,T009,5a2f7ee8fb35705675f41afafeaab8d1d06d34a003b85c4d41aa8d08d23447be,unique-2604,validation
FOR AIIC SUBMISSION/Inventory_Photos/Tools_Equipment/T009_SolderWire/IMG_7347.HEIC,T009,a1c0182cae4b27bdb9a41aff748dd1c25a9a50826434135990d9462d53a432eb,unique-2605,train
FOR AIIC SUBMISSION/Inventory_Photos/Tools_Equipment/T004_GlueGun/IMG_6811.HEIC,T004,218721321994a8c078107bec9d93dfc7bdd53b59fd477807e43cb8982b62ba38,unique-2606,train
FOR AIIC SUBMISSION/Inventory_Photos/Tools_Equipment/T006_Cutter/IMG_4199.HEIC,T006,a1ce0aece5c30bc51efd0b97a4174a5954d5bae2cac59e81494715f15c85e958,unique-2607,train
FOR AIIC SUBMISSION/Inventory_Photos/Tools_Equipment/T004_GlueGun/IMG_4054.HEIC,T004,5d8525468c337750004a2bd026959c2197317396bf4ef001bf2157897434b1ae,unique-2608,train
FOR AIIC SUBMISSION/Inventory_Photos/Tools_Equipment/T005_MeasuringTape/IMG_4134.HEIC,T005,675399e236a1f835e972ab1d618951d94623f338fd60200d75abcbd244c6cebc,unique-2609,train
FOR AIIC SUBMISSION/Inventory_Photos/Tools_Equipment/T005_MeasuringTape/IMG_7325.HEIC,T005,8b23ab2eb36302d83a9e9304bba884ae8405bd8efcf968412384626d50f52472,unique-2610,test
FOR AIIC SUBMISSION/Inventory_Photos/Tools_Equipment/T009_SolderWire/IMG_7352.HEIC,T009,28b21e2a644ae7dce863174d4723c2db6ba91809b62d4d90b5726cd54896e1f1,unique-2611,train
FOR AIIC SUBMISSION/Inventory_Photos/Tools_Equipment/T004_GlueGun/IMG_6819.HEIC,T004,0eee4ef1d2c1e8bc25d95d9f896c1ef8bfc7defad013f899bb7024da05fc552b,unique-2612,train
FOR AIIC SUBMISSION/Inventory_Photos/Tools_Equipment/T004_GlueGun/20260811_150007.jpg,T004,0b1729db0706129b08cc6624d2383ba7e9bfcf9c4b2441a5396ac2f85cc43ba0,unique-2613,train
FOR AIIC SUBMISSION/Inventory_Photos/Tools_Equipment/T004_GlueGun/IMG_4063.HEIC,T004,761f65e57abd7975d642d6a59e602321ba06b0db85c41258f0fd279d1b85fa6d,unique-2614,test
FOR AIIC SUBMISSION/Inventory_Photos/Tools_Equipment/T006_Cutter/IMG_4196.HEIC,T006,de1c7cc2adc5f662733563baa1b5f3d74d2a5a9bced27a47fec7ce7e9f1b0f16,unique-2615,test
FOR AIIC SUBMISSION/Inventory_Photos/Tools_Equipment/T008_SolderPen/IMG_7371.HEIC,T008,fb3e43ee1778e925ce817b693b70b7f6f5335b676a562afd2a91287b0aee7a99,unique-2616,train
FOR AIIC SUBMISSION/Inventory_Photos/Tools_Equipment/T009_SolderWire/IMG_7350.HEIC,T009,2bd9d8ea36842284d1a673ed4062da3f3818164cbb87b673ad6a271eb025f5d1,unique-2617,train
FOR AIIC SUBMISSION/Inventory_Photos/Tools_Equipment/T006_Cutter/IMG_4205.HEIC,T006,4a1e4792396c9a706723b38890d6572bc11a41ae055f2d7b116a379408862e37,unique-2618,train
FOR AIIC SUBMISSION/Inventory_Photos/Tools_Equipment/T005_MeasuringTape/IMG_4132.HEIC,T005,80670256d2b923113bcc2a9d84691c2fb5573f9a6e0ba5a35683f4671fc534b2,unique-2619,train
FOR AIIC SUBMISSION/Inventory_Photos/Tools_Equipment/T005_MeasuringTape/IMG_4131.HEIC,T005,82e69381da139ee9af48e090a7d7d7022014f16b00fadb3eb69bbb8de91c32a2,unique-2620,train
FOR AIIC SUBMISSION/Inventory_Photos/Tools_Equipment/T006_Cutter/IMG_4210.HEIC,T006,977b4a574010906e98ebe10687d098774ec296d0ba52a0c7ef04208573186d32,unique-2621,train
FOR AIIC SUBMISSION/Inventory_Photos/Tools_Equipment/T004_GlueGun/IMG_6809.HEIC,T004,a783962492726f086f7460e8f99887ea1f55c9484ed5ae606e1b3a23fc8d3bbf,unique-2622,test
FOR AIIC SUBMISSION/Inventory_Photos/Tools_Equipment/T005_MeasuringTape/IMG_7334.HEIC,T005,2f782bd2361456d01dfa02b2f5acf733128d1d06bb2b36a6cb1134a70ea35b8d,unique-2623,train
FOR AIIC SUBMISSION/Inventory_Photos/Tools_Equipment/T006_Cutter/IMG_4207.HEIC,T006,a8ebedd991e76051e1048a1a82c177e9a7c3232f54f52d51633a59e41ecfce38,unique-2624,train
FOR AIIC SUBMISSION/Inventory_Photos/Tools_Equipment/T004_GlueGun/20260811_145829.jpg,T004,96207b9a2d217613e95cf221d2b6b8af1c3fb0390a7a04ef802d058808fecf0e,unique-2625,train
FOR AIIC SUBMISSION/Inventory_Photos/Tools_Equipment/T004_GlueGun/IMG_4058.HEIC,T004,bd73ca21b78b248c9a1d8e1e6553d06d62581489a92a166c6ec8c4fb204eb96a,unique-2626,train
FOR AIIC SUBMISSION/Inventory_Photos/Tools_Equipment/T005_MeasuringTape/IMG_7313.HEIC,T005,26ceb8a8beb1de3ac6d211fe0f4e66682e834ca9590b68bacb4a1cd8cad4a4e5,unique-2627,train
FOR AIIC SUBMISSION/Inventory_Photos/Tools_Equipment/T005_MeasuringTape/IMG_4130.HEIC,T005,b45f4c7c2de6c45acf87888be1db1af23a73f02786a6fd9750de72cad312b191,unique-2628,validation
FOR AIIC SUBMISSION/Inventory_Photos/Tools_Equipment/T003_Screwdriver/IMG_7220.HEIC,T003,40af9b00a66325c7e6e85702cf8a18ed1e093e8bcf22dfa4ba769d5f0bc5da8f,unique-2629,test
FOR AIIC SUBMISSION/Inventory_Photos/Tools_Equipment/T004_GlueGun/20260811_145804.jpg,T004,0807703ba66494d94fa8a41451b230958f00d6e514062a124e4ed25f07e24b94,unique-2630,train
FOR AIIC SUBMISSION/Inventory_Photos/Tools_Equipment/T005_MeasuringTape/IMG_7322.HEIC,T005,bc4ca2a0f4e0aa1f791fec6bd209065e5ff3ee1a3861f85b5d10ceb5bb5dd5d4,unique-2631,validation
FOR AIIC SUBMISSION/Inventory_Photos/Tools_Equipment/T003_Screwdriver/IMG_7218.HEIC,T003,6b11cb8cda589ef3ba27fab62dddb27046c006fa821b4b80f170f95f864817f2,unique-2632,validation
FOR AIIC SUBMISSION/Inventory_Photos/Tools_Equipment/T004_GlueGun/20260811_145950.jpg,T004,2186a69de9f514bbcc9519a0840ee740bef7a1b25ad45b4ceec1db000fc10cbf,unique-2633,train
FOR AIIC SUBMISSION/Inventory_Photos/Tools_Equipment/T009_SolderWire/IMG_7351.HEIC,T009,98c1942dc3317b2d13e875b6706954a7793bca2ed77417a6a75f64a1b39de302,unique-2634,train
FOR AIIC SUBMISSION/Inventory_Photos/Tools_Equipment/T004_GlueGun/IMG_6806.HEIC,T004,5e3f746f3c5bbde85afe3d0e1b4190bf0914488e34942ccd84aab5fa4c374034,unique-2635,train
FOR AIIC SUBMISSION/Inventory_Photos/Tools_Equipment/T009_SolderWire/IMG_7357.HEIC,T009,26feb83be9079ceee85a78179b5286834ca5e17cc37062aa92496a5ea2186809,unique-2636,train
FOR AIIC SUBMISSION/Inventory_Photos/Tools_Equipment/T003_Screwdriver/IMG_7228.HEIC,T003,fbafdefe596eff086a8f32f1ae3f9ee486f632e358229465a283035d25627c3d,unique-2637,train
FOR AIIC SUBMISSION/Inventory_Photos/Tools_Equipment/T009_SolderWire/IMG_7361.HEIC,T009,e3b52c1d7db8bb28936ba0dca1555849950cef79211b6df54406816d29af1852,unique-2638,test
FOR AIIC SUBMISSION/Inventory_Photos/Tools_Equipment/T005_MeasuringTape/IMG_7323.HEIC,T005,949b904bc0bed7a62e67ce3f6890103dd8b075f67e0c65a0cdfc0662226943c7,unique-2639,train
FOR AIIC SUBMISSION/Inventory_Photos/Tools_Equipment/T009_SolderWire/IMG_7360.HEIC,T009,37e713b1f4838f0da97d1847fdd83d6baf523b3986df22ef0298a01c0b6e02a8,unique-2640,test
FOR AIIC SUBMISSION/Inventory_Photos/Tools_Equipment/T005_MeasuringTape/IMG_4138.HEIC,T005,80488f65784ba6ff8c64c47b261fe1be1bb2032dfcbf297ad933dbc076f0d152,unique-2641,train
FOR AIIC SUBMISSION/Inventory_Photos/Tools_Equipment/T006_Cutter/IMG_4195.HEIC,T006,e90ea19c6bfc597347d40efa923d646fd8fd953e94d119e1e3c400afb22c3c0f,unique-2642,train
FOR AIIC SUBMISSION/Inventory_Photos/Tools_Equipment/T005_MeasuringTape/IMG_4133.HEIC,T005,61e7b39c5a5261f540be1771b0bfd4c04b53b8113ae50adc970f471283418a8f,unique-2643,train
FOR AIIC SUBMISSION/Inventory_Photos/Tools_Equipment/T005_MeasuringTape/IMG_7328.HEIC,T005,d43fb6b6637268712b0fac77b445551cad2946372c358d0459e4d2a8ba89b900,unique-2644,train
FOR AIIC SUBMISSION/Inventory_Photos/Tools_Equipment/T005_MeasuringTape/IMG_7333.HEIC,T005,ae03207fbaad5c045d56deba4080c55952202f45545a1886aac8cde0395319c6,unique-2645,train
FOR AIIC SUBMISSION/Inventory_Photos/Tools_Equipment/T004_GlueGun/IMG_6814.HEIC,T004,8df1697ce0dd847275fb8c9789e0d450a19785a837a4fb8db52ab79597d586fa,unique-2646,train
FOR AIIC SUBMISSION/Inventory_Photos/Tools_Equipment/T004_GlueGun/20260811_145841.jpg,T004,5ac7d522c472b3e5b064130777109ac4c6f3e4144f8d92359870e2ca256e81c2,unique-2647,train
FOR AIIC SUBMISSION/Inventory_Photos/Tools_Equipment/T009_SolderWire/IMG_7346.HEIC,T009,2a1232c575568df8b483ae3304afc414591587fda0582c7d39843ab31616eaeb,unique-2648,validation
FOR AIIC SUBMISSION/Inventory_Photos/Tools_Equipment/T005_MeasuringTape/IMG_4140.HEIC,T005,c8f32702cfaaae9cfc177ccf6f5c90b76923dc8c558b2baf80de7f3caefd8363,unique-2649,validation
FOR AIIC SUBMISSION/Inventory_Photos/Tools_Equipment/T003_Screwdriver/IMG_7211.HEIC,T003,b0898101ac6f504b72d4d62db92a9f90217f5ea289b57131422e50ee7b5e2675,unique-2650,train
FOR AIIC SUBMISSION/Inventory_Photos/Tools_Equipment/T009_SolderWire/IMG_7359.HEIC,T009,0eea6ad337dd47289f470b22276f969150ca6d3f5bb0a73885a1a467fabed497,unique-2651,train
FOR AIIC SUBMISSION/Inventory_Photos/Tools_Equipment/T003_Screwdriver/IMG_7223.HEIC,T003,56e879d5911f6a6ec1a486d56359888caa5f321c4d8662a6241eeaec8046841c,unique-2652,test
FOR AIIC SUBMISSION/Inventory_Photos/Tools_Equipment/T004_GlueGun/IMG_6817.HEIC,T004,5c0ef199346cb8415556961fa276fde6d7e3c38488de757c41ca63839cb54a36,unique-2653,validation
FOR AIIC SUBMISSION/Inventory_Photos/Tools_Equipment/T003_Screwdriver/IMG_7222.HEIC,T003,662aba9ad0bdcb72266c9250df201cba3089451a586b8856e59ee4c7f450cdb9,unique-2654,train
FOR AIIC SUBMISSION/Inventory_Photos/Tools_Equipment/T005_MeasuringTape/IMG_4071.HEIC,T005,b99f258314750de9817020a5112cf3f79f02b8e3a0e59d5521c57f61c6ff5edd,unique-2655,train
FOR AIIC SUBMISSION/Inventory_Photos/Tools_Equipment/T004_GlueGun/IMG_6808.HEIC,T004,370fe030a14de6cb22ddd536d0d847f1e22ec6965a707e8b5a6428031f57bb1d,unique-2656,test
FOR AIIC SUBMISSION/Inventory_Photos/Tools_Equipment/T003_Screwdriver/IMG_20260810_153823.jpg,T003,3a3a1ad1b34e5c4a45ff99f6e218243e505603d64c7f491e9ec505461577a78b,unique-2657,train
FOR AIIC SUBMISSION/Inventory_Photos/Tools_Equipment/T004_GlueGun/20260811_145826.jpg,T004,4fe9532838763089b44498d5bb999cd37fc143593495ac9b3485e5cf325fef74,unique-2658,test
FOR AIIC SUBMISSION/Inventory_Photos/Tools_Equipment/T003_Screwdriver/IMG_7229.HEIC,T003,c158e1074fb3fe5cafd941804ebdfad455dce938c26235e81226172ad3231e13,unique-2659,train
FOR AIIC SUBMISSION/Inventory_Photos/Tools_Equipment/T003_Screwdriver/20260811_150143.jpg,T003,625458b32ac30d6bad23115d78dc7309a3fb79c8b9c3ab56bbc574054aa0b92c,unique-2660,validation
FOR AIIC SUBMISSION/Inventory_Photos/Tools_Equipment/T004_GlueGun/IMG_6815.HEIC,T004,a4885f063eac5f76c6e34b3085fe8d2f4f6523d3d1ec58026b5edbb789b16530,unique-2661,train
FOR AIIC SUBMISSION/Inventory_Photos/Tools_Equipment/T009_SolderWire/IMG_7354.HEIC,T009,3cf4cad4e5256e61479d32dc4fcf916a56a0bdd2789919a486b15a45ad7ad126,unique-2662,train
FOR AIIC SUBMISSION/Inventory_Photos/Tools_Equipment/T005_MeasuringTape/IMG_7329.HEIC,T005,31bed5f2873c645bfb60e8440914109e7de6dc1f93ab393f55c50e5091475d48,unique-2663,validation
FOR AIIC SUBMISSION/Inventory_Photos/Tools_Equipment/T009_SolderWire/IMG_7356.HEIC,T009,6d8ea7a3167d9a9a5c9ca2b6f0b3c61fde205aa6629ff36a35ceb2c34ea62a2f,unique-2664,train
FOR AIIC SUBMISSION/Inventory_Photos/Tools_Equipment/T004_GlueGun/IMG_4057.HEIC,T004,83194325f1b207645d426c4e6c0eb0f1fdcbef2a9f951da2dd721dc634447b85,unique-2665,test
FOR AIIC SUBMISSION/Inventory_Photos/Tools_Equipment/T004_GlueGun/20260811_145907.jpg,T004,bfb33dbae7c63af2ae42e308c4cb49f49823b8316ff36cc015fbee8514a811fc,unique-2666,train
FOR AIIC SUBMISSION/Inventory_Photos/Tools_Equipment/T005_MeasuringTape/IMG_4135.HEIC,T005,daf8c855d5cbf336137b8a21c062847bed8887c554258235eb98be932953c04b,unique-2667,test
FOR AIIC SUBMISSION/Inventory_Photos/Tools_Equipment/T003_Screwdriver/IMG_20260810_153933.jpg,T003,72d254ee91fcb401c42ad227226899310ae5f0e39e5ef2a8e786859ccb048b27,unique-2668,train
FOR AIIC SUBMISSION/Inventory_Photos/Tools_Equipment/T003_Screwdriver/IMG_7219.HEIC,T003,789146a7ddbf41ec58f8dfa8cf68474778aa76522a7001b7a7bbe006bd8453e6,unique-2669,validation
FOR AIIC SUBMISSION/Inventory_Photos/Tools_Equipment/T003_Screwdriver/IMG_7224.HEIC,T003,50511c0265537b475ffdaa22bab25eaccd055a653d589fdb9b9bfe7b5f3570e4,unique-2670,train
FOR AIIC SUBMISSION/Inventory_Photos/Tools_Equipment/T003_Screwdriver/IMG_7213.HEIC,T003,45e0e8d71a95954272925fbb85e447068ef7dfca7147af092ed8b8ac4458db9e,unique-2671,train
FOR AIIC SUBMISSION/Inventory_Photos/Tools_Equipment/T003_Screwdriver/IMG_7217.HEIC,T003,87b8272368164319608fe975bcd317c32c1cb798581c261d18e0e39e5856a5f3,unique-2672,test
FOR AIIC SUBMISSION/Inventory_Photos/Tools_Equipment/T009_SolderWire/IMG_7353.HEIC,T009,909851664688a6ddd31aba9c09c6abda538664428116c91867caea16c969c8d1,unique-2673,train
FOR AIIC SUBMISSION/Inventory_Photos/Tools_Equipment/T003_Screwdriver/IMG_20260810_153004.jpg,T003,bb41a2001cde34214d46a8d1a3c0991e11b2da3ca9e29d40e03e5d727442442e,unique-2674,validation
FOR AIIC SUBMISSION/Inventory_Photos/Tools_Equipment/T003_Screwdriver/IMG_7230.HEIC,T003,f40ba4adf568e95dc5c328398f67fd06a6b42c9343534291a5a3977c0a574560,unique-2675,train
FOR AIIC SUBMISSION/Inventory_Photos/Tools_Equipment/T011_Hammer/IMG_7171.HEIC,T011,380e11c96a462a901ce970084a72cddf3351c78db4f087e974978a8d23c3c3ec,unique-2676,train
FOR AIIC SUBMISSION/Inventory_Photos/Tools_Equipment/T004_GlueGun/IMG_6807.HEIC,T004,cc10dd75e74d38f12706e0ad99211308c0c1624e7fe239b3c1c9dd7fc19ea632,unique-2677,train
FOR AIIC SUBMISSION/Inventory_Photos/Tools_Equipment/T009_SolderWire/IMG_7349.HEIC,T009,1f6c4f12770030f455ba0f29342be5c704fa6e5b8211e8c04839543984f73d1f,unique-2678,validation
FOR AIIC SUBMISSION/Inventory_Photos/Tools_Equipment/T011_Hammer/IMG_7185.HEIC,T011,e9bb1187571ea84bc007db17085fb89df8a430b26d8f79462d77cf8bf8d7ebad,unique-2679,train
FOR AIIC SUBMISSION/Inventory_Photos/Tools_Equipment/T011_Hammer/IMG_7184.HEIC,T011,3c0a69c8edb4460c868bbde3b604dd13311e8a2e284ab823a07935df489cce63,unique-2680,test
FOR AIIC SUBMISSION/Inventory_Photos/Tools_Equipment/T003_Screwdriver/20260811_150341.jpg,T003,737b99c13a361b893351f1180f01051ed4c7ab046c40711d9bb8c834d82e6017,unique-2681,train
FOR AIIC SUBMISSION/Inventory_Photos/Tools_Equipment/T004_GlueGun/IMG_4061.HEIC,T004,d3b29ce4dd9b9f36aca0d030e9813d513b5c5bd7ac92c7cb2d4531209996b7d2,unique-2682,train
FOR AIIC SUBMISSION/Inventory_Photos/Tools_Equipment/T004_GlueGun/20260811_145817.jpg,T004,1fa559fb33bb6b463229f278b013420f1f34f9675fa78b686f1d96578838980f,unique-2683,train
FOR AIIC SUBMISSION/Inventory_Photos/Tools_Equipment/T011_Hammer/IMG_7170.HEIC,T011,3d7965528cd88b8387d298e6735be8200fb4dfc9a302d7be8fc9e2755a29d11f,unique-2684,validation
FOR AIIC SUBMISSION/Inventory_Photos/Tools_Equipment/T004_GlueGun/IMG_6816.HEIC,T004,e43ef3d61e71037ffa1e070e88717bba0fca3e25fc484f58384de2cb77ba3071,unique-2685,train
FOR AIIC SUBMISSION/Inventory_Photos/Tools_Equipment/T011_Hammer/IMG_7176.HEIC,T011,6b6d52fe0b2f9d3cd86ad1a6f7c4c39a5cdb26619dc94bf79e803c7f7760a5d5,unique-2686,train
FOR AIIC SUBMISSION/Inventory_Photos/Tools_Equipment/T011_Hammer/IMG_7167.HEIC,T011,286c998aa66d6210babe220872d5d9c7f1213f58b686d35ffdd0b730366d7041,unique-2687,train
FOR AIIC SUBMISSION/Inventory_Photos/Tools_Equipment/T003_Screwdriver/IMG_7216.HEIC,T003,7da8f9162c17af94473a7a4d5864647ca5d4404fddaccef9850f435ee101d8c6,unique-2688,train
FOR AIIC SUBMISSION/Inventory_Photos/Craft_Materials_STEM_Kits/C003_thread/C003_THREAD_C003_47.HEIC,C003,335d1b751b034d649da63af2a7033d744a379747ccebff7a5553f91d58121c75,unique-2689,train
FOR AIIC SUBMISSION/Inventory_Photos/Tools_Equipment/T009_SolderWire/IMG_7345.HEIC,T009,646ba60abd022c3208d17ddcb51111e8a87799decb1e900bfd938be49c8c3e49,unique-2690,train
FOR AIIC SUBMISSION/Inventory_Photos/Tools_Equipment/T004_GlueGun/20260811_150052.jpg,T004,7c966377ad812da9a7dd7e6e26bf39e5b45f40c2ef622ec3e4b4d68e4abdbaa6,unique-2691,train
FOR AIIC SUBMISSION/Inventory_Photos/Tools_Equipment/T011_Hammer/IMG_7178.HEIC,T011,29a9fdd84e3081785bbd53f12977b14d5cfdc4833c8a5db4a60a5d53c3492d3b,unique-2692,test
FOR AIIC SUBMISSION/Inventory_Photos/Tools_Equipment/T003_Screwdriver/IMG_20260810_153742.jpg,T003,c8deed77c0a335401b0c168ffd7ce4311f4b274a73d1cc47e8fac204f3004bf5,unique-2693,test
FOR AIIC SUBMISSION/Inventory_Photos/Tools_Equipment/T011_Hammer/IMG_7183.HEIC,T011,39e9c9b26ceb33243e77514a4590fe1363640c4f3ba5897d828afc4c7bbde00b,unique-2694,train
FOR AIIC SUBMISSION/Inventory_Photos/Tools_Equipment/T003_Screwdriver/IMG_7225.HEIC,T003,9279e394b340d3a12914f5972ef93188acb3ab0e496f49ea79192a56b6400493,unique-2695,validation
FOR AIIC SUBMISSION/Inventory_Photos/Craft_Materials_STEM_Kits/C003_thread/C003_THREAD_C003_38(1).HEIC,C003,889cfcc889f20450a412daa24fdb224f2592e3e5c994f2c789d14ab8709813f7,unique-2696,test
FOR AIIC SUBMISSION/Inventory_Photos/Tools_Equipment/T009_SolderWire/IMG_7343.HEIC,T009,f54184dd1b1e4afa330bcc65f7ec7c9723a073d6bd782a90304354ad8eff09fb,unique-2697,validation
FOR AIIC SUBMISSION/Inventory_Photos/Tools_Equipment/T003_Screwdriver/20260811_150327.jpg,T003,ef7e44dcde38e6b1cfa20d727b6aa9901138a06f89df4be27643b4665ceb81b9,unique-2698,train
FOR AIIC SUBMISSION/Inventory_Photos/Craft_Materials_STEM_Kits/C003_thread/C003_THREAD_C003_48.HEIC,C003,361746a8654300580417f14d74806bb22f618cdc9fbec9cb6badcebff3ea9fdc,unique-2699,train
FOR AIIC SUBMISSION/Inventory_Photos/Tools_Equipment/T003_Screwdriver/IMG_20260810_153234.jpg,T003,266c45c7b75ae7f6b14fe98a10e2cec6fd16b6902e95df9bfea5280184ba9e86,unique-2700,train
FOR AIIC SUBMISSION/Inventory_Photos/Tools_Equipment/T003_Screwdriver/IMG_7227.HEIC,T003,b5b1cb8c1de727477517966f7748717e728a3186261dd143130f57bb9992b3cf,unique-2701,train
FOR AIIC SUBMISSION/Inventory_Photos/Tools_Equipment/T011_Hammer/IMG_7174.HEIC,T011,dacb270203844d38f7c6ea861f2b18de8c7d5e38331a2b103dd5fb06141f1a98,unique-2702,validation
FOR AIIC SUBMISSION/Inventory_Photos/Craft_Materials_STEM_Kits/C003_thread/C003_THREAD_C003_28.HEIC,C003,ef146f16f03bd251e8fbe33cdc18503d286f87d2a4fa74c9fff9e255467f3657,unique-2703,train
FOR AIIC SUBMISSION/Inventory_Photos/Tools_Equipment/T009_SolderWire/IMG_7348.HEIC,T009,bc9a628e0c1d91133e17f2ce2a2039093b519328c30a320dcc3e635293e82ac2,unique-2704,train
FOR AIIC SUBMISSION/Inventory_Photos/Craft_Materials_STEM_Kits/C003_thread/C003_THREAD_C003_05.HEIC,C003,409c64a9601a89e53a13c2c62b0dd5d8781dbf75daa4e812416704fbb92188c7,unique-2705,validation
FOR AIIC SUBMISSION/Inventory_Photos/Tools_Equipment/T003_Screwdriver/20260811_150154.jpg,T003,256f9d9affa927a682357569c353ecc5ffb0861984a51e960270a35c26bc7996,unique-2706,validation
FOR AIIC SUBMISSION/Inventory_Photos/Craft_Materials_STEM_Kits/C003_thread/C003_THREAD_C003_41.HEIC,C003,fffda3f1035ada10bfc39422b65e89e5a3afe590e7ecb0721a4d8f79cb50e5af,unique-2707,validation
FOR AIIC SUBMISSION/Inventory_Photos/Tools_Equipment/T003_Screwdriver/IMG_20260810_153911.jpg,T003,df958c5f2a7314f4c1a4d12ad96de8c1c01a8e0da5e7dc13ac73b1c0cddca695,unique-2708,test
FOR AIIC SUBMISSION/Inventory_Photos/Tools_Equipment/T003_Screwdriver/IMG_20260810_153631.jpg,T003,03e62e29f955cb0e589d3e7824261b022a6f4793aa2df298cae8f3a6ea060e01,unique-2709,train
FOR AIIC SUBMISSION/Inventory_Photos/Tools_Equipment/T003_Screwdriver/IMG_7209.HEIC,T003,41d1538b2e4c8ea00b612b8d89213ea9954383b08f8c669f256d6dc21dd21966,unique-2710,train
FOR AIIC SUBMISSION/Inventory_Photos/Craft_Materials_STEM_Kits/C003_thread/C003_THREAD_C003_09.HEIC,C003,5e0917ebdacf01475888b66f30105c55de319edbc30be41d121ebf351184ecb7,unique-2711,test
FOR AIIC SUBMISSION/Inventory_Photos/Tools_Equipment/T011_Hammer/IMG_7182.HEIC,T011,dea486228d38efa2a71dc48043eb3b75506aac96708ada42e72615a8e2e79816,unique-2712,train
FOR AIIC SUBMISSION/Inventory_Photos/Tools_Equipment/T011_Hammer/IMG_7173.HEIC,T011,6e8f7a84f93c8fd1f30cef37bc929b45782afe76dad6e64b5f4005f4a08617f9,unique-2713,train
FOR AIIC SUBMISSION/Inventory_Photos/Tools_Equipment/T003_Screwdriver/IMG_7212.HEIC,T003,6b51975fc5e57de71cd3f96e4ef1dc36a73d5fb9c4a7746b1ae88e5fa473e6a3,unique-2714,validation
FOR AIIC SUBMISSION/Inventory_Photos/Tools_Equipment/T004_GlueGun/IMG_4060.HEIC,T004,f6e27bbebd7b5cca01e3e1af59716409f360f0b09683a256ede9535a43e34354,unique-2715,train
FOR AIIC SUBMISSION/Inventory_Photos/Tools_Equipment/T003_Screwdriver/IMG_20260810_153340.jpg,T003,a7d3a9cf40448f5ffd240b0c046b3be120124cc9f95100781044900faec62d23,unique-2716,train
FOR AIIC SUBMISSION/Inventory_Photos/Tools_Equipment/T003_Screwdriver/IMG_7210.HEIC,T003,da610f0b6f93ec9cc1bd9f358a3df7c2e1865aed0e6deccafcfce1117653ac32,unique-2717,train
FOR AIIC SUBMISSION/Inventory_Photos/Craft_Materials_STEM_Kits/C003_thread/C003_THREAD_C003_22.HEIC,C003,7606e3accc4a8619548a3e433d96c9ef21480a798b674139e40627be36e94c1e,unique-2718,train
FOR AIIC SUBMISSION/Inventory_Photos/Craft_Materials_STEM_Kits/C003_thread/C003_THREAD_C003_03.HEIC,C003,39446f4805eef5dfc2b69c9f8910e5e44e965ed03fc4f97fde34f63c72cd5bd0,unique-2719,test
FOR AIIC SUBMISSION/Inventory_Photos/Craft_Materials_STEM_Kits/C003_thread/C003_THREAD_C003_30.HEIC,C003,960e860eedc49a4b32f925f2fc97ef50a16b08d3be35ef7092a0e5281cff7fac,unique-2720,train
FOR AIIC SUBMISSION/Inventory_Photos/Craft_Materials_STEM_Kits/C003_thread/C003_THREAD_C003_39.HEIC,C003,b929431858fd97aa1faf6d96f9541f92fbb7d2979bdb57bcb9bd0916187e59c2,unique-2721,test
FOR AIIC SUBMISSION/Inventory_Photos/Craft_Materials_STEM_Kits/C003_thread/C003_THREAD_C003_25.HEIC,C003,b119e18d87fcaa930a1bb4caa4eefd1b26d4fdffe17b25677260b8519838f116,unique-2722,train
FOR AIIC SUBMISSION/Inventory_Photos/Tools_Equipment/T011_Hammer/IMG_7169.HEIC,T011,46d0ab2c8a71cc8de4bb33ee31eecc4e3e7a61732b6ddf01b18b01d0b4508bb6,unique-2723,train
FOR AIIC SUBMISSION/Inventory_Photos/Craft_Materials_STEM_Kits/C003_thread/C003_THREAD_C003_52.JPG,C003,39f518efedf999f250c267a57b90721304b92b6403aeab6db14b918736c9c496,unique-2724,train
FOR AIIC SUBMISSION/Inventory_Photos/Craft_Materials_STEM_Kits/C003_thread/C003_THREAD_C003_12.HEIC,C003,6e955779bfda3ad9610343cf391f64246cddae74220af6cfe94fbe71e342b28e,unique-2725,train
FOR AIIC SUBMISSION/Inventory_Photos/Craft_Materials_STEM_Kits/C003_thread/C003_THREAD_C003_56.JPG,C003,65331b7b3ca2ee8b9ae1c3737a6043b7a62d553a1f78c524fbb1f4e267eb9899,unique-2726,train
FOR AIIC SUBMISSION/Inventory_Photos/Tools_Equipment/T011_Hammer/IMG_7179.HEIC,T011,b4c1284c14a54b7d6127fe8fcc508074117d9e7821020f7635739991817422ac,unique-2727,train
FOR AIIC SUBMISSION/Inventory_Photos/Tools_Equipment/T003_Screwdriver/IMG_7226.HEIC,T003,61d38f7875e4260ef11afe4c753a5a900b0aa3090043666a35ec978cf6b7260b,unique-2728,train
FOR AIIC SUBMISSION/Inventory_Photos/Tools_Equipment/T003_Screwdriver/20260811_150134.jpg,T003,9bab5011714dbfbe73dc1a017a3dd9e0aacfad7a904bf95c9b356be589f6e45b,unique-2729,train
FOR AIIC SUBMISSION/Inventory_Photos/Tools_Equipment/T003_Screwdriver/IMG_7214.HEIC,T003,48001fb4235923fe8fe09a6b7160990f290a0d60b7858f4aba79a71b0ed593f4,unique-2730,train
FOR AIIC SUBMISSION/Inventory_Photos/Craft_Materials_STEM_Kits/C003_thread/C003_THREAD_C003_54.JPG,C003,2f8883acba8dd2cbd469b58e3171cd8d68bcaf2a53d8219be4cb0ab3493ccd22,unique-2731,train
FOR AIIC SUBMISSION/Inventory_Photos/Craft_Materials_STEM_Kits/C003_thread/C003_THREAD_C003_36.HEIC,C003,1cd99d0147a0fbe08ff04c4499706f7feb5789b90ab7124f1854a50f7e8632a7,unique-2732,validation
FOR AIIC SUBMISSION/Inventory_Photos/Craft_Materials_STEM_Kits/C003_thread/C003_THREAD_C003_26.HEIC,C003,580ac48aeb0914131c8da0b76ea930b57f9cedc577f4f7045d1f5189a086fb14,unique-2733,train
FOR AIIC SUBMISSION/Inventory_Photos/Craft_Materials_STEM_Kits/C003_thread/C003_THREAD_C003_07.HEIC,C003,71d1caa4fe5ae9d25083145c65d43db036501197b32c5b68c4f80f0c1cfb3bc0,unique-2734,test
FOR AIIC SUBMISSION/Inventory_Photos/Craft_Materials_STEM_Kits/C003_thread/C003_THREAD_C003_45.HEIC,C003,7912cc07b3c6b3889e5f4fb7d622b360a8c6da8661a29f3955bc5982b1e59f05,unique-2735,validation
FOR AIIC SUBMISSION/Inventory_Photos/Craft_Materials_STEM_Kits/C003_thread/C003_THREAD_C003_49.HEIC,C003,04430000c1da5892158b0400ca408090e452bde399360892a8bd7882d5ce7d6c,unique-2736,train
FOR AIIC SUBMISSION/Inventory_Photos/Craft_Materials_STEM_Kits/C003_thread/C003_THREAD_C003_35.HEIC,C003,b4dd6a6de7cf9ef75bb219aa633d8a26a941ca8cd4cf23d1ebab7ea5dbcbc165,unique-2737,train
FOR AIIC SUBMISSION/Inventory_Photos/Craft_Materials_STEM_Kits/C003_thread/C003_THREAD_C003_46.HEIC,C003,78a82fb17decfdae1666e9bc80356b8136ef1b145902eee8b0d2e02e8e089415,unique-2738,validation
FOR AIIC SUBMISSION/Inventory_Photos/Craft_Materials_STEM_Kits/C003_thread/C003_THREAD_C003_34.HEIC,C003,6154007d45944c7e76c5b4fd688a9f4149a5e400785e02ee6fe1bdcb38f16e25,unique-2739,train
FOR AIIC SUBMISSION/Inventory_Photos/Craft_Materials_STEM_Kits/C003_thread/C003_THREAD_C003_29.HEIC,C003,1385e9061ec45c8f669ec0283158e6b674227f27006f84a0148adabafb07f589,unique-2740,validation
FOR AIIC SUBMISSION/Inventory_Photos/Craft_Materials_STEM_Kits/C003_thread/C003_THREAD_C003_23.HEIC,C003,7ce898eda2a1202930cc7e9093ff9ac7b1b2de24118083e21be37d9086cc93cc,unique-2741,train
FOR AIIC SUBMISSION/Inventory_Photos/Tools_Equipment/T003_Screwdriver/20260811_150256.jpg,T003,e8c39f3140b50db15e548c344970acde14a95d5a4bb252ce4084baada864e1b5,unique-2742,train
FOR AIIC SUBMISSION/Inventory_Photos/Craft_Materials_STEM_Kits/C003_thread/C003_THREAD_C003_27.HEIC,C003,e62d5172bd591a30f44a8d4ac8d53c58d30334ea349f86c0b3f23a9bff0f9600,unique-2743,train
FOR AIIC SUBMISSION/Inventory_Photos/Craft_Materials_STEM_Kits/C003_thread/C003_THREAD_C003_21.HEIC,C003,31675e3802e621a4292fd5638c06cc07e7266a9dcf46b63bf3893427dd7e65cd,unique-2744,train
FOR AIIC SUBMISSION/Inventory_Photos/Craft_Materials_STEM_Kits/C003_thread/C003_THREAD_C003_40.HEIC,C003,941a6bc9f0bb1a828cb0b57b70076b5e74030795345a7aaf5df1bb895d8134eb,unique-2745,train
FOR AIIC SUBMISSION/Inventory_Photos/Craft_Materials_STEM_Kits/C003_thread/C003_THREAD_C003_38.HEIC,C003,e4e571e899eb9971f80dff1485b104f3eb5b38d3bde007e69f361456176c6ecf,unique-2746,train
FOR AIIC SUBMISSION/Inventory_Photos/Craft_Materials_STEM_Kits/C003_thread/C003_THREAD_C003_13.HEIC,C003,0ef04853021f2815abbdf219d138db9eb6338d94c5728b9118cd88b278259db4,unique-2747,train
FOR AIIC SUBMISSION/Inventory_Photos/Craft_Materials_STEM_Kits/C003_thread/C003_THREAD_C003_32.HEIC,C003,6e9081530406fb371160074cb8a981cc6b0451e643cf3922b234aad9cf040276,unique-2748,train
FOR AIIC SUBMISSION/Inventory_Photos/Tools_Equipment/T003_Screwdriver/IMG_7221.HEIC,T003,8b2d31678388597f0392305c26aef27c7b7a44a580e98c4d9cdc94ab3d03d1f7,unique-2749,train
FOR AIIC SUBMISSION/Inventory_Photos/Craft_Materials_STEM_Kits/C003_thread/C003_THREAD_C003_17.HEIC,C003,5641a21f84124ddda0f2302385a903e09913b5f26b0ae0675b1f5d1cb9b53ed1,unique-2750,train
FOR AIIC SUBMISSION/Inventory_Photos/Craft_Materials_STEM_Kits/C003_thread/C003_THREAD_C003_24.HEIC,C003,c96aa325c48ec050ab5dd54b260b389f7006ada021009e4ac07e7a4ee3d11720,unique-2751,train
FOR AIIC SUBMISSION/Inventory_Photos/Craft_Materials_STEM_Kits/C003_thread/C003_THREAD_C003_16.HEIC,C003,3f78edf4bf524014c0ccafd07dca3a2efe505fd45d3d0028ca62fe64c9439064,unique-2752,train
FOR AIIC SUBMISSION/Inventory_Photos/Craft_Materials_STEM_Kits/C003_thread/C003_THREAD_C003_55.JPG,C003,146c44827440feacb185e64b4cf969b5ff751e788aabc0c172e86848b24bb6a4,unique-2753,test
FOR AIIC SUBMISSION/Inventory_Photos/Craft_Materials_STEM_Kits/C003_thread/C003_THREAD_C003_18.HEIC,C003,30bb8303b7a32750b4a0deb381b9035f569ad82d0c9f26840e94894891c34586,unique-2754,test
FOR AIIC SUBMISSION/Inventory_Photos/Tools_Equipment/T003_Screwdriver/20260811_150241.jpg,T003,0f8d4e1b884e223bcfa3339fb2351a5767c0dd5a1cae41cf850eae45e674fba7,unique-2755,train
FOR AIIC SUBMISSION/Inventory_Photos/Craft_Materials_STEM_Kits/C003_thread/C003_THREAD_C003_20.HEIC,C003,fdddc3ba8ce8d8c365667ff25e9160326e9b6085948e7f179403a3c01be307e0,unique-2756,train
FOR AIIC SUBMISSION/Inventory_Photos/Craft_Materials_STEM_Kits/C003_thread/C003_THREAD_C003_04.HEIC,C003,6f74bfa430abfb66a63c07d5697001a409943f493c3dde443bcbd3436327b7e9,unique-2757,train
FOR AIIC SUBMISSION/Inventory_Photos/Craft_Materials_STEM_Kits/C003_thread/Copy of C003_THREAD_C003_02(1).JPG,C003,274c3f1dc781eb4286717a349a1408a6ce13aeb9294f6190d0de9bdfc8a9cc23,dup-0021,test
FOR AIIC SUBMISSION/Inventory_Photos/Craft_Materials_STEM_Kits/C003_thread/C003_THREAD_C003_02.HEIC,C003,274c3f1dc781eb4286717a349a1408a6ce13aeb9294f6190d0de9bdfc8a9cc23,dup-0021,test
FOR AIIC SUBMISSION/Inventory_Photos/Craft_Materials_STEM_Kits/C003_thread/C003_THREAD_C003_31.HEIC,C003,92cb0fb15905a1fc3dc875ea432358b3f7874756a3d79f76d5657bdf7b69b227,unique-2760,train
FOR AIIC SUBMISSION/Inventory_Photos/Craft_Materials_STEM_Kits/C003_thread/Copy of C003_THREAD_C003_02.JPG,C003,274c3f1dc781eb4286717a349a1408a6ce13aeb9294f6190d0de9bdfc8a9cc23,dup-0021,test
FOR AIIC SUBMISSION/Inventory_Photos/Tools_Equipment/T011_Hammer/IMG_7180.HEIC,T011,f5ad4e0fc089e5b960402b050dfbdfcdb32478af7b507cbc70f7f46a8c5d0bd5,unique-2762,train
FOR AIIC SUBMISSION/Inventory_Photos/Craft_Materials_STEM_Kits/C003_thread/C003_THREAD_C003_42.HEIC,C003,3d6afb1d73b6f8c7d975d2892c742f1747f8e7e3ab63aa0187a48c116b59d8a4,unique-2763,train
FOR AIIC SUBMISSION/Inventory_Photos/Tools_Equipment/T003_Screwdriver/IMG_20260810_154033.jpg,T003,abbd71138198c029c146d53f4dc511df2bb3a69536b8ca472d737949e457dcc1,unique-2764,test
FOR AIIC SUBMISSION/Inventory_Photos/Craft_Materials_STEM_Kits/C003_thread/C003_THREAD_C003_15.HEIC,C003,cac2efcbea7c2447537ad53d08e47e8d5c8b65c5f59dfdee9a928b5f54f035ee,unique-2765,train
FOR AIIC SUBMISSION/Inventory_Photos/Tools_Equipment/T004_GlueGun/20260811_145914.jpg,T004,cf6a7823a7ce03f58c7fb7c0e8819b24bf0e8c002988a69240dbc447d30de411,unique-2766,validation
FOR AIIC SUBMISSION/Inventory_Photos/Tools_Equipment/T003_Screwdriver/IMG_7215.HEIC,T003,1ff9bd4d73ebd9ef4568c0c1aa776226a979fb2934380ea2cc289ffa4a752411,unique-2767,train
FOR AIIC SUBMISSION/Inventory_Photos/Tools_Equipment/T003_Screwdriver/IMG_20260810_153135.jpg,T003,a1be0eacf108ef93ccf8e10d76fc4e8241b40441dae516332ea95447764747a1,unique-2768,train
FOR AIIC SUBMISSION/Inventory_Photos/Craft_Materials_STEM_Kits/C003_thread/C003_THREAD_C003_53.JPG,C003,624dc290ecede2595eb19633de72a78fdf0ddbcc02cf1e491ad7b4bdf744b6d2,unique-2769,train
FOR AIIC SUBMISSION/Inventory_Photos/Craft_Materials_STEM_Kits/C003_thread/C003_THREAD_C003_50.JPG,C003,83f5f0652729c021e19816cce4fb41dfc807530d6067bfcf535b96ffd27444d4,unique-2770,test
FOR AIIC SUBMISSION/Inventory_Photos/Craft_Materials_STEM_Kits/C003_thread/C003_THREAD_C003_10.HEIC,C003,8397218f8c4ec815cb580c4c5df8f4e57d62a90edca5a5ad0814e26976685676,unique-2771,train
FOR AIIC SUBMISSION/Inventory_Photos/Tools_Equipment/T003_Screwdriver/20260811_150318.jpg,T003,11bbcf6ae680ab4eaf5e91f4bfdf0f25c9d5e8adc31b36ff548f07492be45f52,unique-2772,train
FOR AIIC SUBMISSION/Inventory_Photos/Craft_Materials_STEM_Kits/C003_thread/C003_THREAD_C003_33.HEIC,C003,6cf6d55ef95e9d4016f27009a043ae1d60408fcaef4abb25dba19397b864cf0b,unique-2773,train
FOR AIIC SUBMISSION/Inventory_Photos/Tools_Equipment/T003_Screwdriver/20260811_150218.jpg,T003,619dd8c9ebb0441621fbf2717dd80342465cfd91dc1846a0234bef652cb9f16f,unique-2774,train
FOR AIIC SUBMISSION/Inventory_Photos/Tools_Equipment/T011_Hammer/IMG_7165.HEIC,T011,40d4a37719be61ad90fd706cf71e2e769f12ca6a62aac1cf56bfb2488d8384ff,unique-2775,test
FOR AIIC SUBMISSION/Inventory_Photos/Craft_Materials_STEM_Kits/C003_thread/C003_THREAD_C003_37.HEIC,C003,b6500506d1dac2265c5da3dbd9da165bf4d2b7303cbcbe99e283e724edf3fc39,unique-2776,train
FOR AIIC SUBMISSION/Inventory_Photos/Tools_Equipment/T011_Hammer/IMG_7168.HEIC,T011,1a2cfe450515a7eef89e9eb59af34026e6fe67483993b6e0ecab74619481b6e0,unique-2777,validation
FOR AIIC SUBMISSION/Inventory_Photos/Tools_Equipment/T011_Hammer/IMG_7181.HEIC,T011,b44aa4c4f1c38a60f583f8ff40accbcaa7ec006271900ba35144b352581ee93d,unique-2778,test
FOR AIIC SUBMISSION/Inventory_Photos/Craft_Materials_STEM_Kits/C003_thread/C003_THREAD_C003_44.HEIC,C003,763cd422c73af2e802b116801371dc9bcb082916e40ec4d7bf4a10f7d2ed8aa4,unique-2779,train
FOR AIIC SUBMISSION/Inventory_Photos/Craft_Materials_STEM_Kits/C003_thread/C003_THREAD_C003_19.HEIC,C003,afeecaada8dda70d926c1628b11c5f15deca4d657f2651e2f4b2fa63f8cb5e56,unique-2780,train
FOR AIIC SUBMISSION/Inventory_Photos/Tools_Equipment/T011_Hammer/IMG_7164.HEIC,T011,9a56ab25c5c6973cdaeb1a330a098273e92a822a2accc67f6ab8f27f0c66cd09,unique-2781,train
FOR AIIC SUBMISSION/Inventory_Photos/Tools_Equipment/T011_Hammer/IMG_7186.HEIC,T011,112b880a55164ab8f09fedf67aee890195f2d9c9762053a99d6f83816ad0ddb1,unique-2782,train
FOR AIIC SUBMISSION/Inventory_Photos/Craft_Materials_STEM_Kits/C003_thread/C003_THREAD_C003_51.JPG,C003,98001c90edd5faacbefb9a8e34f4f8d2a724cba9bb2d98f8a03a9ade8f3263d2,unique-2783,train
FOR AIIC SUBMISSION/Inventory_Photos/Tools_Equipment/T011_Hammer/IMG_7175.HEIC,T011,f2b4d8f2c0297584fdc5f298e37753325f6e94f8d36bed45be922835f1785a26,unique-2784,train
FOR AIIC SUBMISSION/Inventory_Photos/Craft_Materials_STEM_Kits/C003_thread/C003_THREAD_C003_14.HEIC,C003,26977339978396efdd7c8a02b1cbea27de9966da0b0311ac19dcbdc82a7c9ae0,unique-2785,test
FOR AIIC SUBMISSION/Inventory_Photos/Tools_Equipment/T003_Screwdriver/20260811_150409.jpg,T003,490399bd4251426b9ecff97257bc68667b0d62534f8b33e42c7374466c8e820e,unique-2786,train
FOR AIIC SUBMISSION/Inventory_Photos/Craft_Materials_STEM_Kits/C003_thread/C003_THREAD_C003_08.HEIC,C003,a9af7635e22587ddbf9f729052335d8c1ab00154df289002fb928b79f7098841,unique-2787,test
